"text","locale","scopes","audio_status","asset","families","sources"
"A charger, please.","en-US","current","ready","assets/audio/CURRICULUM/b76093c5df683d4492decdcb.en.v1.mp3","core_en;challenge_answer_en","lib/features/listening/presentation/lesson_practice_screen.dart;lib/features/listening/presentation/lesson_challenge_screen.dart"
"A pencil, please.","en-US","current","ready","assets/audio/CURRICULUM/d057458233215180dd25485d.en.v1.mp3","core_en;challenge_answer_en","lib/features/listening/presentation/lesson_practice_screen.dart;lib/features/listening/presentation/lesson_challenge_screen.dart"
"A. Ant.","en-US","current","ready","assets/audio/CURRICULUM/9e1b1fe05e76dfb1b1940e00.en.v1.mp3","core_en","lib/features/listening/presentation/lesson_practice_screen.dart"
"A. Apple.","en-US","current","ready","assets/audio/CURRICULUM/81cb3c50521defab3f8e62bf.en.v1.mp3","core_en","lib/features/listening/presentation/lesson_practice_screen.dart"
"After school.","en-US","current","ready","assets/audio/CURRICULUM/cec1d9211b81670b3a2e5a03.en.v1.mp3","core_en;challenge_answer_en","lib/features/listening/presentation/lesson_practice_screen.dart;lib/features/listening/presentation/lesson_challenge_screen.dart"
"An toàn hơn: Lighter hay Safer?","vi-VN","current","ready","assets/audio/CURRICULUM/051ac9fb57fce33f45db835c.vi.v1.mp3","challenge_question","lib/features/listening/presentation/lesson_challenge_screen.dart"
"An toàn hơn.","vi-VN","current;catalog_only","ready","assets/audio/CURRICULUM/6a2a64e1e854db85a557a63e.vi.v1.mp3","core_vi;challenge_answer_vi","lib/features/listening/presentation/lesson_practice_screen.dart;assets/data/listening_lessons.json"
"Ảnh cá nhân.","vi-VN","current;catalog_only","ready","assets/audio/CURRICULUM/3e3ccf10c9fe2aa8fd98ca3c.vi.v1.mp3","core_vi;challenge_answer_vi","lib/features/listening/presentation/lesson_practice_screen.dart;assets/data/listening_lessons.json"
"Ảnh X-quang: X-ray hay Yo-yo?","vi-VN","current","ready","assets/audio/CURRICULUM/7c656525b755a2fc6864e77c.vi.v1.mp3","challenge_question","lib/features/listening/presentation/lesson_challenge_screen.dart"
"Ảnh X-quang: X-ray hay Yogurt?","vi-VN","current","ready","assets/audio/CURRICULUM/7eb42048a6faf8c4b8c1db5a.vi.v1.mp3","challenge_question","lib/features/listening/presentation/lesson_challenge_screen.dart"
"Ảnh X-quang.","vi-VN","current;catalog_only","ready","assets/audio/CURRICULUM/44766d6de5a0309158243436.vi.v1.mp3","core_vi;challenge_answer_vi","lib/features/listening/presentation/lesson_practice_screen.dart;assets/data/listening_lessons.json"
"Ảnh: Stranger hay Photo?","vi-VN","current","ready","assets/audio/CURRICULUM/caa0f3befd07f15dd4cec5dd.vi.v1.mp3","challenge_question","lib/features/listening/presentation/lesson_challenge_screen.dart"
"Ảnh.","vi-VN","current;catalog_only","ready","assets/audio/CURRICULUM/e92ee5d52dd488ebcd25b76f.vi.v1.mp3","core_vi;challenge_answer_vi","lib/features/listening/presentation/lesson_practice_screen.dart;assets/data/listening_lessons.json"
"Anh/em trai của mình: My brother hay My sister?","vi-VN","current","ready","assets/audio/CURRICULUM/6ae591e9c30430184802b725.vi.v1.mp3","challenge_question","lib/features/listening/presentation/lesson_challenge_screen.dart"
"Anh/em trai của mình.","vi-VN","current;catalog_only","ready","assets/audio/CURRICULUM/e00e4f9b3667faae049d5d79.vi.v1.mp3","core_vi;challenge_answer_vi","lib/features/listening/presentation/lesson_practice_screen.dart;assets/data/listening_lessons.json"
"Anh/em trai: Brother hay Sister?","vi-VN","current","ready","assets/audio/CURRICULUM/d11a1a4cb156035e968b9305.vi.v1.mp3","challenge_question","lib/features/listening/presentation/lesson_challenge_screen.dart"
"Anh/em trai.","vi-VN","current;catalog_only","ready","assets/audio/CURRICULUM/638b6d15f9d7a2ed50ba3754.vi.v1.mp3","core_vi;challenge_answer_vi","lib/features/listening/presentation/lesson_practice_screen.dart;assets/data/listening_lessons.json"
"Ant.","en-US","current","ready","assets/audio/CURRICULUM/1374775bc1a24c401c642e40.en.v1.mp3","challenge_answer_en","lib/features/listening/presentation/lesson_challenge_screen.dart"
"Anything else?","en-US","current","ready","assets/audio/CURRICULUM/7e637162ced67c391f686c01.en.v1.mp3","core_en;challenge_answer_en","lib/features/listening/presentation/lesson_practice_screen.dart;lib/features/listening/presentation/lesson_challenge_screen.dart"
"Anything to drink?","en-US","current","ready","assets/audio/CURRICULUM/6185ea5a6726b658c163f6d5.en.v1.mp3","core_en;challenge_answer_en","lib/features/listening/presentation/lesson_practice_screen.dart;lib/features/listening/presentation/lesson_challenge_screen.dart"
"Áo khoác: Jacket hay Key?","vi-VN","current","ready","assets/audio/CURRICULUM/d858164aba8a8607fcd28c04.vi.v1.mp3","challenge_question","lib/features/listening/presentation/lesson_challenge_screen.dart"
"Áo khoác: Raincoat hay Jacket?","vi-VN","current","ready","assets/audio/CURRICULUM/20ea80aa106e718f8f26b0a7.vi.v1.mp3","challenge_question","lib/features/listening/presentation/lesson_challenge_screen.dart"
"Áo khoác.","vi-VN","current;catalog_only","ready","assets/audio/CURRICULUM/3e8ca4b1d5d0f4994b1fac8b.vi.v1.mp3","core_vi;challenge_answer_vi","lib/features/listening/presentation/lesson_practice_screen.dart;assets/data/listening_lessons.json"
"Áo mưa: Raincoat hay Hat?","vi-VN","current","ready","assets/audio/CURRICULUM/b68a676d01cd19bdd344813c.vi.v1.mp3","challenge_question","lib/features/listening/presentation/lesson_challenge_screen.dart"
"Áo mưa.","vi-VN","current;catalog_only","ready","assets/audio/CURRICULUM/1ae505d6666eb947c70c63b6.vi.v1.mp3","core_vi;challenge_answer_vi","lib/features/listening/presentation/lesson_practice_screen.dart;assets/data/listening_lessons.json"
"Áo thun: T-shirt hay Jacket?","vi-VN","current","ready","assets/audio/CURRICULUM/b63a95ee837f1e95afeb99ec.vi.v1.mp3","challenge_question","lib/features/listening/presentation/lesson_challenge_screen.dart"
"Áo thun.","vi-VN","current;catalog_only","ready","assets/audio/CURRICULUM/65e480a2b218dcb65b06e34f.vi.v1.mp3","core_vi;challenge_answer_vi","lib/features/listening/presentation/lesson_practice_screen.dart;assets/data/listening_lessons.json"
"Áo: Shirt hay Shoes?","vi-VN","audio_catalog_only","ready","assets/audio/CURRICULUM/fdbacc3a8e9e86c39997b676.vi.v1.mp3","audio_not_traced","assets/data/curriculum_audio.json"
"Áo.","vi-VN","current;catalog_only","ready","assets/audio/CURRICULUM/398d81019adaff4ee3ffb701.vi.v1.mp3","core_vi;challenge_answer_vi","lib/features/listening/presentation/lesson_practice_screen.dart;assets/data/listening_lessons.json"
"Apple, please.","en-US","current","ready","assets/audio/CURRICULUM/e0a8dfd508d17faa1bbe3e67.en.v1.mp3","core_en;challenge_answer_en","lib/features/listening/presentation/lesson_practice_screen.dart;lib/features/listening/presentation/lesson_challenge_screen.dart"
"Apple.","en-US","current","ready","assets/audio/CURRICULUM/2a3b5d514a141d560ccd8e52.en.v1.mp3","challenge_answer_en;core_en","lib/features/listening/presentation/lesson_challenge_screen.dart;lib/features/listening/presentation/lesson_practice_screen.dart"
"Apples.","en-US","current","ready","assets/audio/CURRICULUM/ef8264f5791d59c1a0f563e6.en.v1.mp3","core_en;challenge_answer_en","lib/features/listening/presentation/lesson_practice_screen.dart;lib/features/listening/presentation/lesson_challenge_screen.dart"
"Are you free Saturday?","en-US","current","ready","assets/audio/CURRICULUM/482e43652f567d228ad4b968.en.v1.mp3","core_en;challenge_answer_en","lib/features/listening/presentation/lesson_practice_screen.dart;lib/features/listening/presentation/lesson_challenge_screen.dart"
"Are you okay?","en-US","current","ready","assets/audio/CURRICULUM/3e48454262d06c93d6a42ec1.en.v1.mp3","core_en;challenge_answer_en","lib/features/listening/presentation/lesson_practice_screen.dart;lib/features/listening/presentation/lesson_challenge_screen.dart"
"Art.","en-US","current","ready","assets/audio/CURRICULUM/36cac5afd6b43d8f8b0d8beb.en.v1.mp3","core_en;challenge_answer_en","lib/features/listening/presentation/lesson_practice_screen.dart;lib/features/listening/presentation/lesson_challenge_screen.dart"
"Ask for feedback.","en-US","current","ready","assets/audio/CURRICULUM/52b9ea886a9f6406e6c427f8.en.v1.mp3","core_en;challenge_answer_en","lib/features/listening/presentation/lesson_practice_screen.dart;lib/features/listening/presentation/lesson_challenge_screen.dart"
"Ask the teacher.","en-US","current","ready","assets/audio/CURRICULUM/f42fec48e0de953b12ad12ae.en.v1.mp3","core_en;challenge_answer_en","lib/features/listening/presentation/lesson_practice_screen.dart;lib/features/listening/presentation/lesson_challenge_screen.dart"
"At five thirty.","en-US","current","ready","assets/audio/CURRICULUM/d294db0217067131650d169a.en.v1.mp3","core_en;challenge_answer_en","lib/features/listening/presentation/lesson_practice_screen.dart;lib/features/listening/presentation/lesson_challenge_screen.dart"
"At night.","en-US","current","ready","assets/audio/CURRICULUM/e536d17f08dd3217642d8b87.en.v1.mp3","core_en;challenge_answer_en","lib/features/listening/presentation/lesson_practice_screen.dart;lib/features/listening/presentation/lesson_challenge_screen.dart"
"At noon.","en-US","current","ready","assets/audio/CURRICULUM/71e51112a29267c6f16cbe7f.en.v1.mp3","core_en;challenge_answer_en","lib/features/listening/presentation/lesson_practice_screen.dart;lib/features/listening/presentation/lesson_challenge_screen.dart"
"At school.","en-US","current","ready","assets/audio/CURRICULUM/f4d06d3644bb98a6be28f352.en.v1.mp3","core_en;challenge_answer_en","lib/features/listening/presentation/lesson_practice_screen.dart;lib/features/listening/presentation/lesson_challenge_screen.dart"
"At the library.","en-US","current","ready","assets/audio/CURRICULUM/13efdd354ac511b4466c37b7.en.v1.mp3","core_en;challenge_answer_en","lib/features/listening/presentation/lesson_practice_screen.dart;lib/features/listening/presentation/lesson_challenge_screen.dart"
"At the park.","en-US","current","ready","assets/audio/CURRICULUM/6d54c9b42014d4c9b9117ea9.en.v1.mp3","core_en;challenge_answer_en","lib/features/listening/presentation/lesson_practice_screen.dart;lib/features/listening/presentation/lesson_challenge_screen.dart"
"At the playground.","en-US","current","ready","assets/audio/CURRICULUM/a10e55c2d799e94462651d5e.en.v1.mp3","core_en;challenge_answer_en","lib/features/listening/presentation/lesson_practice_screen.dart;lib/features/listening/presentation/lesson_challenge_screen.dart"
"At the shop.","en-US","current","ready","assets/audio/CURRICULUM/3b3334d2b41af1d84600b8c5.en.v1.mp3","core_en;challenge_answer_en","lib/features/listening/presentation/lesson_practice_screen.dart;lib/features/listening/presentation/lesson_challenge_screen.dart"
"At three.","en-US","current","ready","assets/audio/CURRICULUM/78caa1c374c46c9b6a08135d.en.v1.mp3","core_en;challenge_answer_en","lib/features/listening/presentation/lesson_practice_screen.dart;lib/features/listening/presentation/lesson_challenge_screen.dart"
"Ăn kem: Take photos hay Eat ice cream?","vi-VN","current","ready","assets/audio/CURRICULUM/333f8f21e2c9d428df3a10b0.vi.v1.mp3","challenge_question","lib/features/listening/presentation/lesson_challenge_screen.dart"
"Ăn kem.","vi-VN","current;catalog_only","ready","assets/audio/CURRICULUM/c1126c50044a88f7ba2421ce.vi.v1.mp3","core_vi;challenge_answer_vi","lib/features/listening/presentation/lesson_practice_screen.dart;assets/data/listening_lessons.json"
"Ăn sáng: Sleep early hay Eat breakfast?","vi-VN","audio_catalog_only","ready","assets/audio/CURRICULUM/2c8537798b91cb87d489fbd0.vi.v1.mp3","audio_not_traced","assets/data/curriculum_audio.json"
"Ăn sáng.","vi-VN","current;catalog_only","ready","assets/audio/CURRICULUM/7253d6802b05469d1c6b5540.vi.v1.mp3","core_vi;challenge_answer_vi","lib/features/listening/presentation/lesson_practice_screen.dart;assets/data/listening_lessons.json"
"Ăn trưa vào buổi trưa: Lunch at noon hay Play after school?","vi-VN","audio_catalog_only","ready","assets/audio/CURRICULUM/835095bae723b60808d02863.vi.v1.mp3","audio_not_traced","assets/data/curriculum_audio.json"
"Ăn trưa vào buổi trưa.","vi-VN","current;catalog_only","ready","assets/audio/CURRICULUM/baeff1c8f8cdcc7ab7b60aa0.vi.v1.mp3","core_vi;challenge_answer_vi","lib/features/listening/presentation/lesson_practice_screen.dart;assets/data/listening_lessons.json"
"Ăn: Eat hay Play?","vi-VN","audio_catalog_only","ready","assets/audio/CURRICULUM/e79ebfe0bb5817e02379aa74.vi.v1.mp3","audio_not_traced","assets/data/curriculum_audio.json"
"Ăn: Play hay Eat?","vi-VN","current","ready","assets/audio/CURRICULUM/73c557f7f267cd686a869bdf.vi.v1.mp3","challenge_question","lib/features/listening/presentation/lesson_challenge_screen.dart"
"Ăn.","vi-VN","current;catalog_only","ready","assets/audio/CURRICULUM/b3bbb893833e18c1812cb176.vi.v1.mp3","core_vi;challenge_answer_vi","lib/features/listening/presentation/lesson_practice_screen.dart;assets/data/listening_lessons.json"
"B. Ball.","en-US","current","ready","assets/audio/CURRICULUM/f68cae875b57e1226eda167a.en.v1.mp3","core_en","lib/features/listening/presentation/lesson_practice_screen.dart"
"B. Book.","en-US","current","ready","assets/audio/CURRICULUM/2df73de1c9703ac87ee4eda2.en.v1.mp3","core_en","lib/features/listening/presentation/lesson_practice_screen.dart"
"Ba cây bút chì: Five apples hay Three pencils?","vi-VN","current","ready","assets/audio/CURRICULUM/5a283f7c019b5d8fb23a08e6.vi.v1.mp3","challenge_question","lib/features/listening/presentation/lesson_challenge_screen.dart"
"Ba cây bút chì.","vi-VN","current;catalog_only","ready","assets/audio/CURRICULUM/651d48176a9de1ee6fe64d9d.vi.v1.mp3","core_vi;challenge_answer_vi","lib/features/listening/presentation/lesson_practice_screen.dart;assets/data/listening_lessons.json"
"Ba của mình: My brother hay My dad?","vi-VN","current","ready","assets/audio/CURRICULUM/9dbdd4fdf994e58697760a7a.vi.v1.mp3","challenge_question","lib/features/listening/presentation/lesson_challenge_screen.dart"
"Ba của mình.","vi-VN","current;catalog_only","ready","assets/audio/CURRICULUM/53cfcfef1d97d162aa1d0514.vi.v1.mp3","core_vi;challenge_answer_vi","lib/features/listening/presentation/lesson_practice_screen.dart;assets/data/listening_lessons.json"
"Ba tiếng vỗ tay: Three claps hay Four claps?","vi-VN","current","ready","assets/audio/CURRICULUM/a1d04de41f979b91631a012e.vi.v1.mp3","challenge_question","lib/features/listening/presentation/lesson_challenge_screen.dart"
"Ba tiếng vỗ tay.","vi-VN","current;catalog_only","ready","assets/audio/CURRICULUM/aa1b33249accd007e5c33898.vi.v1.mp3","core_vi;challenge_answer_vi","lib/features/listening/presentation/lesson_practice_screen.dart;assets/data/listening_lessons.json"
"Ba: Brother hay Dad?","vi-VN","current","ready","assets/audio/CURRICULUM/e16fbadb3cb5401e07737210.vi.v1.mp3","challenge_question","lib/features/listening/presentation/lesson_challenge_screen.dart"
"Ba: Dad hay Brother?","vi-VN","audio_catalog_only","ready","assets/audio/CURRICULUM/400f7794752c49f8411880cc.vi.v1.mp3","audio_not_traced","assets/data/curriculum_audio.json"
"Ba: Three hay Four?","vi-VN","current","ready","assets/audio/CURRICULUM/71c8c73a57bbd9630eb78f61.vi.v1.mp3","challenge_question","lib/features/listening/presentation/lesson_challenge_screen.dart"
"Ba.","vi-VN","current;catalog_only","ready","assets/audio/CURRICULUM/608571ae0360c3fd18c829ca.vi.v1.mp3","core_vi;challenge_answer_vi","lib/features/listening/presentation/lesson_practice_screen.dart;assets/data/listening_lessons.json"
"Bạch tuộc: Octopus hay Pencil?","vi-VN","current","ready","assets/audio/CURRICULUM/9ba8ca940cc53ebcff9ba84e.vi.v1.mp3","challenge_question","lib/features/listening/presentation/lesson_challenge_screen.dart"
"Bạch tuộc.","vi-VN","current;catalog_only","ready","assets/audio/CURRICULUM/b266e190d6f3c0e0c358e98c.vi.v1.mp3","core_vi;challenge_answer_vi","lib/features/listening/presentation/lesson_practice_screen.dart;assets/data/listening_lessons.json"
"Bài 1 con đã học xong rồi. Con có muốn học lại bài 1 không?","vi-VN","compatibility","missing_exact_audio","","main_flow","lib/features/voice_navigation/application/main_voice_assistant_flow.dart"
"Bài 1 con đã học xong rồi. Con muốn học lại bài 1 hay tiếp tục bài 2?","vi-VN","compatibility","missing_exact_audio","","main_flow","lib/features/voice_navigation/application/main_voice_assistant_flow.dart"
"Bài 1 con đã học xong rồi. Con muốn học lại bài 1 hay tiếp tục bài 3?","vi-VN","compatibility","missing_exact_audio","","main_flow","lib/features/voice_navigation/application/main_voice_assistant_flow.dart"
"Bài 2 con đã học xong rồi. Con có muốn học lại bài 2 không?","vi-VN","compatibility","missing_exact_audio","","main_flow","lib/features/voice_navigation/application/main_voice_assistant_flow.dart"
"Bài 2 con đã học xong rồi. Con muốn học lại bài 2 hay tiếp tục bài 1?","vi-VN","compatibility","missing_exact_audio","","main_flow","lib/features/voice_navigation/application/main_voice_assistant_flow.dart"
"Bài 2 con đã học xong rồi. Con muốn học lại bài 2 hay tiếp tục bài 3?","vi-VN","compatibility","missing_exact_audio","","main_flow","lib/features/voice_navigation/application/main_voice_assistant_flow.dart"
"Bài 3 con đã học xong rồi. Con có muốn học lại bài 3 không?","vi-VN","compatibility","missing_exact_audio","","main_flow","lib/features/voice_navigation/application/main_voice_assistant_flow.dart"
"Bài 3 con đã học xong rồi. Con muốn học lại bài 3 hay tiếp tục bài 1?","vi-VN","compatibility","missing_exact_audio","","main_flow","lib/features/voice_navigation/application/main_voice_assistant_flow.dart"
"Bài 3 con đã học xong rồi. Con muốn học lại bài 3 hay tiếp tục bài 2?","vi-VN","compatibility","missing_exact_audio","","main_flow","lib/features/voice_navigation/application/main_voice_assistant_flow.dart"
"Bài đầu tiên là A to I Letters. Mình cùng học các chữ cái và từ quen thuộc nhé. Bắt đầu nhé.","vi-VN","audio_catalog_only","ready","assets/audio/CURRICULUM/8f78310db3e8452e85622f7a.vi.v1.mp3","audio_not_traced","assets/data/curriculum_audio.json"
"Bài đầu tiên là A to I Words. Mình cùng học chữ cái qua những từ quen thuộc nhé. Bắt đầu nhé.","vi-VN","audio_catalog_only","ready","assets/audio/CURRICULUM/8985b7bb1dcca1da6d5c03e8.vi.v1.mp3","audio_not_traced","assets/data/curriculum_audio.json"
"Bài đầu tiên là Animal Names. Bạn đoán xem con gì? Bắt đầu nhé.","vi-VN","audio_catalog_only","ready","assets/audio/CURRICULUM/c7635ee9b394a35ee7992d52.vi.v1.mp3","audio_not_traced","assets/data/curriculum_audio.json"
"Bài đầu tiên là Animal Words. Mình cùng học con vật và khả năng của chúng nhé. Bắt đầu nhé.","vi-VN","audio_catalog_only","ready","assets/audio/CURRICULUM/415f60a9cc3b3ee4b564b2db.vi.v1.mp3","audio_not_traced","assets/data/curriculum_audio.json"
"Bài đầu tiên là Body Moves. Mình cùng học các hoạt động giữ cơ thể sạch khỏe nhé. Bắt đầu nhé.","vi-VN","audio_catalog_only","ready","assets/audio/CURRICULUM/424b2fc179bce23d1e09692f.vi.v1.mp3","audio_not_traced","assets/data/curriculum_audio.json"
"Bài đầu tiên là Body Words. Mình cùng học các bộ phận và động tác cơ thể nhé. Bắt đầu nhé.","vi-VN","audio_catalog_only","ready","assets/audio/CURRICULUM/6de05b5d801c8c1c7735f088.vi.v1.mp3","audio_not_traced","assets/data/curriculum_audio.json"
"Bài đầu tiên là Color Words. Mình cùng học màu sắc nhé. Bắt đầu nhé.","vi-VN","audio_catalog_only","ready","assets/audio/CURRICULUM/28ddb59189762b6f6a3d1575.vi.v1.mp3","audio_not_traced","assets/data/curriculum_audio.json"
"Bài đầu tiên là Colors on Things. Mình cùng học màu sắc và hình dạng của đồ vật nhé. Bắt đầu nhé.","vi-VN","audio_catalog_only","ready","assets/audio/CURRICULUM/0fc9a1b777544ad380948f3d.vi.v1.mp3","audio_not_traced","assets/data/curriculum_audio.json"
"Bài đầu tiên là Compare Two. Mình luyện cách so sánh và lựa chọn. Bắt đầu nhé.","vi-VN","audio_catalog_only","ready","assets/audio/CURRICULUM/41e6cb6994ae59dde25229a7.vi.v1.mp3","audio_not_traced","assets/data/curriculum_audio.json"
"Bài đầu tiên là Day Actions. Mình cùng học các hoạt động trong ngày nhé. Bắt đầu nhé.","vi-VN","audio_catalog_only","ready","assets/audio/CURRICULUM/648566e0d1427917aaf80c7d.vi.v1.mp3","audio_not_traced","assets/data/curriculum_audio.json"
"Bài đầu tiên là Family Words. Mình cùng học cách nói về gia đình nhé. Bắt đầu nhé.","vi-VN","audio_catalog_only","ready","assets/audio/CURRICULUM/b7cdb7aa2ce84fa3bb73d8b2.vi.v1.mp3","audio_not_traced","assets/data/curriculum_audio.json"
"Bài đầu tiên là Food Words. Mình cùng học đồ ăn và đồ uống nhé. Bắt đầu nhé.","vi-VN","audio_catalog_only","ready","assets/audio/CURRICULUM/6fe62ccf20965345e2071a49.vi.v1.mp3","audio_not_traced","assets/data/curriculum_audio.json"
"Bài đầu tiên là Healthy Actions. Mình luyện thói quen tốt cho sức khỏe. Bắt đầu nhé.","vi-VN","audio_catalog_only","ready","assets/audio/CURRICULUM/67277e2483b9703a2f20d4c4.vi.v1.mp3","audio_not_traced","assets/data/curriculum_audio.json"
"Bài đầu tiên là Hobby Time. Mình cùng luyện sở thích và khả năng nhé. Bắt đầu nhé.","vi-VN","audio_catalog_only","ready","assets/audio/CURRICULUM/c27f3ebc48bc28dbc710b162.vi.v1.mp3","audio_not_traced","assets/data/curriculum_audio.json"
"Bài đầu tiên là Menu Words. Mình luyện cách gọi món. Bắt đầu nhé.","vi-VN","audio_catalog_only","ready","assets/audio/CURRICULUM/18867ef4c7e146111e89ae2d.vi.v1.mp3","audio_not_traced","assets/data/curriculum_audio.json"
"Bài đầu tiên là My Devices. Mình cùng luyện thiết bị và cách sử dụng nhé. Bắt đầu nhé.","vi-VN","audio_catalog_only","ready","assets/audio/CURRICULUM/c0ed2ddbd04aafacb1f4ed80.vi.v1.mp3","audio_not_traced","assets/data/curriculum_audio.json"
"Bài đầu tiên là My Feelings. Mình cùng luyện cảm xúc và cách giúp bạn nhé. Bắt đầu nhé.","vi-VN","audio_catalog_only","ready","assets/audio/CURRICULUM/92c0a0e7b105bc357e3f9274.vi.v1.mp3","audio_not_traced","assets/data/curriculum_audio.json"
"Bài đầu tiên là My Goal. Bạn muốn cải thiện điều gì? Bắt đầu nhé.","vi-VN","audio_catalog_only","ready","assets/audio/CURRICULUM/d8a06f34441050b8daa26f4c.vi.v1.mp3","audio_not_traced","assets/data/curriculum_audio.json"
"Bài đầu tiên là My Opinion. Mình luyện cách nêu ý kiến và lý do. Bắt đầu nhé.","vi-VN","audio_catalog_only","ready","assets/audio/CURRICULUM/4273ac37c162e5fe1e096de3.vi.v1.mp3","audio_not_traced","assets/data/curriculum_audio.json"
"Bài đầu tiên là My Plan. Mình luyện kế hoạch tương lai và bước tiếp theo. Bắt đầu nhé.","vi-VN","audio_catalog_only","ready","assets/audio/CURRICULUM/bfca609223cbc99db9217e8b.vi.v1.mp3","audio_not_traced","assets/data/curriculum_audio.json"
"Bài đầu tiên là My Skills. Mình luyện cách nói về điểm mạnh. Bắt đầu nhé.","vi-VN","audio_catalog_only","ready","assets/audio/CURRICULUM/0e1b6f5740b15861d3254b27.vi.v1.mp3","audio_not_traced","assets/data/curriculum_audio.json"
"Bài đầu tiên là Numbers 1-10. Mình cùng học các số trong đời sống nhé. Bắt đầu nhé.","vi-VN","audio_catalog_only","ready","assets/audio/CURRICULUM/b7b3d4d2c886f702680d41eb.vi.v1.mp3","audio_not_traced","assets/data/curriculum_audio.json"
"Bài đầu tiên là One to Ten. Mình cùng học cách đếm số nhé. Bắt đầu nhé.","vi-VN","audio_catalog_only","ready","assets/audio/CURRICULUM/edefd41b13f9a5add45e1ef3.vi.v1.mp3","audio_not_traced","assets/data/curriculum_audio.json"
"Bài đầu tiên là Online Words. Mình luyện cách an toàn khi dùng mạng. Bắt đầu nhé.","vi-VN","audio_catalog_only","ready","assets/audio/CURRICULUM/164e59bf0b55de85a0842d34.vi.v1.mp3","audio_not_traced","assets/data/curriculum_audio.json"
"Bài đầu tiên là Place Words. Mình cùng học các địa điểm quen thuộc nhé. Bắt đầu nhé.","vi-VN","audio_catalog_only","ready","assets/audio/CURRICULUM/09a9863bc0cda89c22ce3a5e.vi.v1.mp3","audio_not_traced","assets/data/curriculum_audio.json"
"Bài đầu tiên là Plan the Day. Hôm nay được đi chơi. Chọn gì nhỉ? Bắt đầu nhé.","vi-VN","audio_catalog_only","ready","assets/audio/CURRICULUM/a5b06a8bfd198932087fc4cb.vi.v1.mp3","audio_not_traced","assets/data/curriculum_audio.json"
"Bài đầu tiên là Plan Words. Mình luyện cách hẹn và phản hồi lịch sự. Bắt đầu nhé.","vi-VN","audio_catalog_only","ready","assets/audio/CURRICULUM/1e5779cd7deff3b12236b363.vi.v1.mp3","audio_not_traced","assets/data/curriculum_audio.json"
"Bài đầu tiên là Play Together. Mình cùng học cách rủ bạn chơi, cuối bài còn có bài hát nhé. Bắt đầu nhé.","vi-VN","audio_catalog_only","ready","assets/audio/CURRICULUM/9032248a65c28a22355ca799.vi.v1.mp3","audio_not_traced","assets/data/curriculum_audio.json"
"Bài đầu tiên là Price & Budget. Mình luyện cách cân nhắc chi tiêu. Bắt đầu nhé.","vi-VN","audio_catalog_only","ready","assets/audio/CURRICULUM/68324cf24e069d59517bb2b1.vi.v1.mp3","audio_not_traced","assets/data/curriculum_audio.json"
"Bài đầu tiên là Private Info. Mình luyện cách bảo vệ thông tin cá nhân. Bắt đầu nhé.","vi-VN","audio_catalog_only","ready","assets/audio/CURRICULUM/4ec5f17eea7081acaac9547a.vi.v1.mp3","audio_not_traced","assets/data/curriculum_audio.json"
"Bài đầu tiên là Problem Phrases. Mình luyện cách nói vấn đề nhỏ và xin giúp đỡ. Bắt đầu nhé.","vi-VN","audio_catalog_only","ready","assets/audio/CURRICULUM/43e87a484c3a57d0191d4b39.vi.v1.mp3","audio_not_traced","assets/data/curriculum_audio.json"
"Bài đầu tiên là Save Resources. Mình luyện các hành động thân thiện môi trường. Bắt đầu nhé.","vi-VN","audio_catalog_only","ready","assets/audio/CURRICULUM/0e56c24c03dffc6ee6e3d72a.vi.v1.mp3","audio_not_traced","assets/data/curriculum_audio.json"
"Bài đầu tiên là School Subjects. Mình cùng luyện cách giao tiếp ở trường nhé. Bắt đầu nhé.","vi-VN","audio_catalog_only","ready","assets/audio/CURRICULUM/a0d14af3602c2be8a7bea98e.vi.v1.mp3","audio_not_traced","assets/data/curriculum_audio.json"
"Bài đầu tiên là School Words. Mình cùng học ngôn ngữ dùng ở lớp nhé. Bắt đầu nhé.","vi-VN","audio_catalog_only","ready","assets/audio/CURRICULUM/7f2af2a81cea8a5e07c800a9.vi.v1.mp3","audio_not_traced","assets/data/curriculum_audio.json"
"Bài đầu tiên là Shape Words. Mình cùng học hình dạng nhé. Bắt đầu nhé.","vi-VN","audio_catalog_only","ready","assets/audio/CURRICULUM/f610c2eda58d1599fcd217f2.vi.v1.mp3","audio_not_traced","assets/data/curriculum_audio.json"
"Bài đầu tiên là Shop Words. Mình cùng luyện cách hỏi giá và chọn món nhé. Bắt đầu nhé.","vi-VN","audio_catalog_only","ready","assets/audio/CURRICULUM/bdc7385293fa1ece45668125.vi.v1.mp3","audio_not_traced","assets/data/curriculum_audio.json"
"Bài đầu tiên là Shop Words. Mình luyện cách hỏi giá và chọn mua. Bắt đầu nhé.","vi-VN","audio_catalog_only","ready","assets/audio/CURRICULUM/7b7dcec881bd1f14f4348127.vi.v1.mp3","audio_not_traced","assets/data/curriculum_audio.json"
"Bài đầu tiên là Station Words. Mình luyện cách hỏi thông tin ở nhà ga. Bắt đầu nhé.","vi-VN","audio_catalog_only","ready","assets/audio/CURRICULUM/ce2dae4a5ed588ff8ae1ca2e.vi.v1.mp3","audio_not_traced","assets/data/curriculum_audio.json"
"Bài đầu tiên là Stress Signs. Mình luyện cách nhận biết và xử lý căng thẳng. Bắt đầu nhé.","vi-VN","audio_catalog_only","ready","assets/audio/CURRICULUM/ed4ec3dff14c57d63d6470df.vi.v1.mp3","audio_not_traced","assets/data/curriculum_audio.json"
"Bài đầu tiên là Study Actions. Làm sao học tập trung hơn? Bắt đầu nhé.","vi-VN","audio_catalog_only","ready","assets/audio/CURRICULUM/ea5c61d03c330926304dcdba.vi.v1.mp3","audio_not_traced","assets/data/curriculum_audio.json"
"Bài đầu tiên là Tasty Foods. Mình cùng học cách nói về món mình thích nhé. Bắt đầu nhé.","vi-VN","audio_catalog_only","ready","assets/audio/CURRICULUM/377dd630340894dd4945b483.vi.v1.mp3","audio_not_traced","assets/data/curriculum_audio.json"
"Bài đầu tiên là Time & Tasks. Mấy giờ rồi nhỉ? Bắt đầu nhé.","vi-VN","audio_catalog_only","ready","assets/audio/CURRICULUM/51c77a98250158bad2d36a68.vi.v1.mp3","audio_not_traced","assets/data/curriculum_audio.json"
"Bài đầu tiên là Time Blocks. Mình luyện cách sắp xếp thời gian. Bắt đầu nhé.","vi-VN","audio_catalog_only","ready","assets/audio/CURRICULUM/99e4b19f6d0c220ffbfba88c.vi.v1.mp3","audio_not_traced","assets/data/curriculum_audio.json"
"Bài đầu tiên là Town Places. Mình cùng luyện địa điểm và cách hỏi đường nhé. Bắt đầu nhé.","vi-VN","audio_catalog_only","ready","assets/audio/CURRICULUM/7743ac912832a571216d8607.vi.v1.mp3","audio_not_traced","assets/data/curriculum_audio.json"
"Bài đầu tiên là Transport Words. Mình luyện cách di chuyển và so sánh phương tiện. Bắt đầu nhé.","vi-VN","audio_catalog_only","ready","assets/audio/CURRICULUM/7a16b2e9f7f7c60b7a4dfa26.vi.v1.mp3","audio_not_traced","assets/data/curriculum_audio.json"
"Bài đầu tiên là Weather Choices. Hôm nay trời thế nào? Bắt đầu nhé.","vi-VN","audio_catalog_only","ready","assets/audio/CURRICULUM/1988e4544cc896e8dc00dba5.vi.v1.mp3","audio_not_traced","assets/data/curriculum_audio.json"
"Bài đầu tiên là Weather Words. Mình cùng học thời tiết và trang phục nhé. Bắt đầu nhé.","vi-VN","audio_catalog_only","ready","assets/audio/CURRICULUM/fecc0447bee3cebb8435841d.vi.v1.mp3","audio_not_traced","assets/data/curriculum_audio.json"
"Bài đầu tiên là Weekend Words. Mình cùng học hoạt động cuối tuần nhé. Bắt đầu nhé.","vi-VN","audio_catalog_only","ready","assets/audio/CURRICULUM/ebbe3524ac9f2a7419273f89.vi.v1.mp3","audio_not_traced","assets/data/curriculum_audio.json"
"Bài đầu tiên là Weekly Activities. Mình luyện cách nói về lịch trong tuần. Bắt đầu nhé.","vi-VN","audio_catalog_only","ready","assets/audio/CURRICULUM/23a505579938b9e76c7ba8b5.vi.v1.mp3","audio_not_traced","assets/data/curriculum_audio.json"
"Bài đầu tiên là Yesterday Actions. Mình cùng luyện cách kể việc đã xảy ra nhé. Bắt đầu nhé.","vi-VN","audio_catalog_only","ready","assets/audio/CURRICULUM/a880b0765b93709c72f0bba1.vi.v1.mp3","audio_not_traced","assets/data/curriculum_audio.json"
"Bài học chưa có Challenge hợp lệ cho từng Core.","vi-VN","current","ready","assets/audio/MAIN/LESSON-INVALID-CHALLENGE.vi.v1.mp3","invalid_curriculum","lib/features/listening/presentation/lesson_practice_screen.dart:2727"
"Bài này bạn còn 1 Ngôi sao chưa chinh phục.","vi-VN","current","ready","assets/audio/CURRICULUM/148351958c2a7ed648907bcc.vi.v1.mp3","remaining_stars","lib/features/listening/presentation/lesson_intro_screen.dart"
"Bài này bạn còn 1 Ngôi sao chưa chinh phục. Mình cùng thử nhé!","vi-VN","current","ready","assets/audio/CURRICULUM/f28d2d7a7c12d063c0f1015b.vi.v1.mp3","remaining_stars","lib/features/listening/presentation/lesson_intro_screen.dart"
"Bài này bạn còn 10 Ngôi sao chưa chinh phục. Mình cùng thử nhé!","vi-VN","current","ready","assets/audio/CURRICULUM/d6a02aeec06fa3b617e69a36.vi.v1.mp3","remaining_stars","lib/features/listening/presentation/lesson_intro_screen.dart"
"Bài này bạn còn 2 Ngôi sao chưa chinh phục.","vi-VN","current","ready","assets/audio/CURRICULUM/78633e7f2f49ba0a79de88d2.vi.v1.mp3","remaining_stars","lib/features/listening/presentation/lesson_intro_screen.dart"
"Bài này bạn còn 2 Ngôi sao chưa chinh phục. Mình cùng thử nhé!","vi-VN","current","ready","assets/audio/CURRICULUM/b0c69269f067b04b63c34ed5.vi.v1.mp3","remaining_stars","lib/features/listening/presentation/lesson_intro_screen.dart"
"Bài này bạn còn 3 Ngôi sao chưa chinh phục.","vi-VN","current","ready","assets/audio/CURRICULUM/c762f08af32458d3334beb58.vi.v1.mp3","remaining_stars","lib/features/listening/presentation/lesson_intro_screen.dart"
"Bài này bạn còn 3 Ngôi sao chưa chinh phục. Mình cùng thử nhé!","vi-VN","current","ready","assets/audio/CURRICULUM/05d525e5196b7458ea84c84f.vi.v1.mp3","remaining_stars","lib/features/listening/presentation/lesson_intro_screen.dart"
"Bài này bạn còn 4 Ngôi sao chưa chinh phục.","vi-VN","current","ready","assets/audio/CURRICULUM/e42075a0ae0907cd114521b3.vi.v1.mp3","remaining_stars","lib/features/listening/presentation/lesson_intro_screen.dart"
"Bài này bạn còn 4 Ngôi sao chưa chinh phục. Mình cùng thử nhé!","vi-VN","current","ready","assets/audio/CURRICULUM/0bebd96d3291c09d111ffa39.vi.v1.mp3","remaining_stars","lib/features/listening/presentation/lesson_intro_screen.dart"
"Bài này bạn còn 5 Ngôi sao chưa chinh phục.","vi-VN","current","ready","assets/audio/CURRICULUM/a6213a92c4f45372ca3beb13.vi.v1.mp3","remaining_stars","lib/features/listening/presentation/lesson_intro_screen.dart"
"Bài này bạn còn 5 Ngôi sao chưa chinh phục. Mình cùng thử nhé!","vi-VN","current","ready","assets/audio/CURRICULUM/abb0f01fcd4c838a6bd7d2d8.vi.v1.mp3","remaining_stars","lib/features/listening/presentation/lesson_intro_screen.dart"
"Bài này bạn còn 6 Ngôi sao chưa chinh phục.","vi-VN","current","ready","assets/audio/CURRICULUM/41bb2516ce33fac201c4ed98.vi.v1.mp3","remaining_stars","lib/features/listening/presentation/lesson_intro_screen.dart"
"Bài này bạn còn 6 Ngôi sao chưa chinh phục. Mình cùng thử nhé!","vi-VN","current","ready","assets/audio/CURRICULUM/b11419c37ff74e7100acfe33.vi.v1.mp3","remaining_stars","lib/features/listening/presentation/lesson_intro_screen.dart"
"Bài này bạn còn 7 Ngôi sao chưa chinh phục. Mình cùng thử nhé!","vi-VN","current","ready","assets/audio/CURRICULUM/83fa9b5807d08d46711e4e18.vi.v1.mp3","remaining_stars","lib/features/listening/presentation/lesson_intro_screen.dart"
"Bài này bạn còn 8 Ngôi sao chưa chinh phục. Mình cùng thử nhé!","vi-VN","current","ready","assets/audio/CURRICULUM/92ebbc96dbc6b809b25b3953.vi.v1.mp3","remaining_stars","lib/features/listening/presentation/lesson_intro_screen.dart"
"Bài này bạn còn 9 Ngôi sao chưa chinh phục. Mình cùng thử nhé!","vi-VN","current","ready","assets/audio/CURRICULUM/34826aa3bc653d603f134774.vi.v1.mp3","remaining_stars","lib/features/listening/presentation/lesson_intro_screen.dart"
"Bài này là Animal Abilities. Nó có thể làm gì nhỉ? Bắt đầu nhé.","vi-VN","conditional","ready","assets/audio/CURRICULUM/2d6c9796ac57a78e266fb857.vi.v1.mp3","intro_display_shadowed_by_uri","lib/features/listening/presentation/lesson_intro_screen.dart"
"Bài này là Ask for Help. Mình luyện cách nói vấn đề nhỏ và xin giúp đỡ. Bắt đầu nhé.","vi-VN","conditional","ready","assets/audio/CURRICULUM/29655ac64460549ef5f601c8.vi.v1.mp3","intro_display_shadowed_by_uri","lib/features/listening/presentation/lesson_intro_screen.dart"
"Bài này là Ask for Info. Sắp đến giờ tàu chạy. Bắt đầu nhé.","vi-VN","conditional","ready","assets/audio/CURRICULUM/cac3849fc5ee8d6ed936f3d4.vi.v1.mp3","intro_display_shadowed_by_uri","lib/features/listening/presentation/lesson_intro_screen.dart"
"Bài này là Ask the Price. Mình luyện cách hỏi giá và chọn mua. Bắt đầu nhé.","vi-VN","conditional","ready","assets/audio/CURRICULUM/ec2d4163c9ef646a5e8b6c8b.vi.v1.mp3","intro_display_shadowed_by_uri","lib/features/listening/presentation/lesson_intro_screen.dart"
"Bài này là Ask the Way. Mình cùng luyện địa điểm và cách hỏi đường nhé. Bắt đầu nhé.","vi-VN","conditional","ready","assets/audio/CURRICULUM/d0f326209f36e37046289046.vi.v1.mp3","intro_display_shadowed_by_uri","lib/features/listening/presentation/lesson_intro_screen.dart"
"Bài này là Best Way. Mình luyện cách di chuyển và so sánh phương tiện. Bắt đầu nhé.","vi-VN","conditional","ready","assets/audio/CURRICULUM/eaa81d527edbcad85f6521cf.vi.v1.mp3","intro_display_shadowed_by_uri","lib/features/listening/presentation/lesson_intro_screen.dart"
"Bài này là Buy or Save?. Mình luyện cách cân nhắc chi tiêu. Bắt đầu nhé.","vi-VN","conditional","ready","assets/audio/CURRICULUM/947cb3172afb3f99b3d5dc97.vi.v1.mp3","intro_display_shadowed_by_uri","lib/features/listening/presentation/lesson_intro_screen.dart"
"Bài này là Choose One. Mình cùng luyện cách hỏi giá và chọn món nhé. Bắt đầu nhé.","vi-VN","conditional","ready","assets/audio/CURRICULUM/d56507efe5947ef2636324f3.vi.v1.mp3","intro_display_shadowed_by_uri","lib/features/listening/presentation/lesson_intro_screen.dart"
"Bài này là Choose One. Mình luyện cách hỏi giá và chọn mua. Bắt đầu nhé.","vi-VN","conditional","ready","assets/audio/CURRICULUM/a5a7d0031b32f2e9a68ae761.vi.v1.mp3","intro_display_shadowed_by_uri","lib/features/listening/presentation/lesson_intro_screen.dart"
"Bài này là Classroom Talk. Cửa lớp đang đóng. Bắt đầu nhé.","vi-VN","conditional","ready","assets/audio/CURRICULUM/98b1b8ffb08a1c668050caf2.vi.v1.mp3","intro_display_shadowed_by_uri","lib/features/listening/presentation/lesson_intro_screen.dart"
"Bài này là Count With Me. Nghe thật kỹ nhé. Bắt đầu nhé.","vi-VN","conditional","ready","assets/audio/CURRICULUM/5a6a6e8345d72d760160cd0a.vi.v1.mp3","intro_display_shadowed_by_uri","lib/features/listening/presentation/lesson_intro_screen.dart"
"Bài này là Device Uses. Mình cùng luyện thiết bị và cách sử dụng nhé. Bắt đầu nhé.","vi-VN","conditional","ready","assets/audio/CURRICULUM/7f575ed8efe2ab3e9ddcc660.vi.v1.mp3","intro_display_shadowed_by_uri","lib/features/listening/presentation/lesson_intro_screen.dart"
"Bài này là Do You Like?. Mình cùng học cách nói về món mình thích nhé. Bắt đầu nhé.","vi-VN","conditional","ready","assets/audio/CURRICULUM/46e98f254ab129b7f54c9cdd.vi.v1.mp3","intro_display_shadowed_by_uri","lib/features/listening/presentation/lesson_intro_screen.dart"
"Bài này là Feel Better. Mình luyện cách nhận biết và xử lý căng thẳng. Bắt đầu nhé.","vi-VN","conditional","ready","assets/audio/CURRICULUM/61b691f6b463e45df99a9355.vi.v1.mp3","intro_display_shadowed_by_uri","lib/features/listening/presentation/lesson_intro_screen.dart"
"Bài này là Food, Please. Mình cùng học đồ ăn và đồ uống nhé. Bắt đầu nhé.","vi-VN","conditional","ready","assets/audio/CURRICULUM/cf0abd4b18a895fe0d0d1d47.vi.v1.mp3","intro_display_shadowed_by_uri","lib/features/listening/presentation/lesson_intro_screen.dart"
"Bài này là Getting There. Mình cùng luyện kế hoạch đi chơi và cách di chuyển nhé. Bắt đầu nhé.","vi-VN","conditional","ready","assets/audio/CURRICULUM/11ff50905ac9e4cab3d3efca.vi.v1.mp3","intro_display_shadowed_by_uri","lib/features/listening/presentation/lesson_intro_screen.dart"
"Bài này là Give a Reason. Mình luyện cách nêu ý kiến và lý do. Bắt đầu nhé.","vi-VN","conditional","ready","assets/audio/CURRICULUM/4ab23c54036aff07f24517b5.vi.v1.mp3","intro_display_shadowed_by_uri","lib/features/listening/presentation/lesson_intro_screen.dart"
"Bài này là Go Green. Mình luyện các hành động thân thiện môi trường. Bắt đầu nhé.","vi-VN","conditional","ready","assets/audio/CURRICULUM/69a9a1d1b3a82ef52018ab88.vi.v1.mp3","intro_display_shadowed_by_uri","lib/features/listening/presentation/lesson_intro_screen.dart"
"Bài này là Good At. Mình luyện cách nói về điểm mạnh. Bắt đầu nhé.","vi-VN","conditional","ready","assets/audio/CURRICULUM/a526979c9b25022cfed3703f.vi.v1.mp3","intro_display_shadowed_by_uri","lib/features/listening/presentation/lesson_intro_screen.dart"
"Bài này là Good Habits. Mình luyện thói quen tốt cho sức khỏe. Bắt đầu nhé.","vi-VN","conditional","ready","assets/audio/CURRICULUM/702efbbff26eb6b728de0b2b.vi.v1.mp3","intro_display_shadowed_by_uri","lib/features/listening/presentation/lesson_intro_screen.dart"
"Bài này là Happy Day. Một ngày mới bắt đầu rồi! Bắt đầu nhé.","vi-VN","conditional","ready","assets/audio/CURRICULUM/d8c89b7102eb5bb64ca0d319.vi.v1.mp3","intro_display_shadowed_by_uri","lib/features/listening/presentation/lesson_intro_screen.dart"
"Bài này là Help a Friend. Bạn của bạn trông không vui. Bắt đầu nhé.","vi-VN","conditional","ready","assets/audio/CURRICULUM/99f92adc169acae07b300d84.vi.v1.mp3","intro_display_shadowed_by_uri","lib/features/listening/presentation/lesson_intro_screen.dart"
"Bài này là Hobby Skills. Mình cùng luyện sở thích và khả năng nhé. Bắt đầu nhé.","vi-VN","conditional","ready","assets/audio/CURRICULUM/b9582ed8e09cd39aca242eb2.vi.v1.mp3","intro_display_shadowed_by_uri","lib/features/listening/presentation/lesson_intro_screen.dart"
"Bài này là How Do You Go?. Mình luyện cách di chuyển và so sánh phương tiện. Bắt đầu nhé.","vi-VN","conditional","ready","assets/audio/CURRICULUM/90d9f856c0aa36683b1cbc33.vi.v1.mp3","intro_display_shadowed_by_uri","lib/features/listening/presentation/lesson_intro_screen.dart"
"Bài này là How Much?. Mình cùng luyện cách hỏi giá và chọn món nhé. Bắt đầu nhé.","vi-VN","conditional","ready","assets/audio/CURRICULUM/1ae9ce3bccabba3d17a74bc4.vi.v1.mp3","intro_display_shadowed_by_uri","lib/features/listening/presentation/lesson_intro_screen.dart"
"Bài này là In Class. Đến giờ vào lớp rồi. Bắt đầu nhé.","vi-VN","conditional","ready","assets/audio/CURRICULUM/d6060fd0ff4fa640f66c791c.vi.v1.mp3","intro_display_shadowed_by_uri","lib/features/listening/presentation/lesson_intro_screen.dart"
"Bài này là J to R Letters. Mình cùng học các chữ cái và từ quen thuộc nhé. Bắt đầu nhé.","vi-VN","conditional","ready","assets/audio/CURRICULUM/bddea8f34dab319aff8c4480.vi.v1.mp3","intro_display_shadowed_by_uri","lib/features/listening/presentation/lesson_intro_screen.dart"
"Bài này là J to R Words. Mình cùng học chữ cái qua những từ quen thuộc nhé. Bắt đầu nhé.","vi-VN","conditional","ready","assets/audio/CURRICULUM/1d2dc6457f4e991e66723593.vi.v1.mp3","intro_display_shadowed_by_uri","lib/features/listening/presentation/lesson_intro_screen.dart"
"Bài này là Make a Plan. Mình cùng luyện cách chọn hoạt động theo thời tiết nhé. Bắt đầu nhé.","vi-VN","conditional","ready","assets/audio/CURRICULUM/ede2cb47867ae2b1508e4e32.vi.v1.mp3","intro_display_shadowed_by_uri","lib/features/listening/presentation/lesson_intro_screen.dart"
"Bài này là Make a Plan. Mình luyện cách hẹn và phản hồi lịch sự. Bắt đầu nhé.","vi-VN","conditional","ready","assets/audio/CURRICULUM/caba8239f31dd85ac6184168.vi.v1.mp3","intro_display_shadowed_by_uri","lib/features/listening/presentation/lesson_intro_screen.dart"
"Bài này là Meet My Family. Mình cùng học cách nói về gia đình nhé. Bắt đầu nhé.","vi-VN","conditional","ready","assets/audio/CURRICULUM/09c616dc82a7d4cb1337cdcc.vi.v1.mp3","intro_display_shadowed_by_uri","lib/features/listening/presentation/lesson_intro_screen.dart"
"Bài này là Move With Me. Mình cùng học các bộ phận và động tác cơ thể nhé. Bắt đầu nhé.","vi-VN","conditional","ready","assets/audio/CURRICULUM/16e09872977ba59961f436ce.vi.v1.mp3","intro_display_shadowed_by_uri","lib/features/listening/presentation/lesson_intro_screen.dart"
"Bài này là My Choice. Mình luyện cách so sánh và lựa chọn. Bắt đầu nhé.","vi-VN","conditional","ready","assets/audio/CURRICULUM/3338d8cce9362b0e0c924491.vi.v1.mp3","intro_display_shadowed_by_uri","lib/features/listening/presentation/lesson_intro_screen.dart"
"Bài này là My Order. Đến lúc gọi món rồi. Bắt đầu nhé.","vi-VN","conditional","ready","assets/audio/CURRICULUM/6b202a74980ce56b33882aee.vi.v1.mp3","intro_display_shadowed_by_uri","lib/features/listening/presentation/lesson_intro_screen.dart"
"Bài này là My Routine. Mình cùng nói về lịch hằng ngày, cuối bài còn có bài hát nhé. Bắt đầu nhé.","vi-VN","conditional","ready","assets/audio/CURRICULUM/65a38352ca1eac5116fdc46b.vi.v1.mp3","intro_display_shadowed_by_uri","lib/features/listening/presentation/lesson_intro_screen.dart"
"Bài này là My Turn. Mình cùng học cách chơi và tương tác với bạn nhé. Bắt đầu nhé.","vi-VN","conditional","ready","assets/audio/CURRICULUM/45bbf9886e4da07333e2da6d.vi.v1.mp3","intro_display_shadowed_by_uri","lib/features/listening/presentation/lesson_intro_screen.dart"
"Bài này là My Week. Mình luyện cách nói về lịch trong tuần. Bắt đầu nhé.","vi-VN","conditional","ready","assets/audio/CURRICULUM/f115827a836d719e072b2c6d.vi.v1.mp3","intro_display_shadowed_by_uri","lib/features/listening/presentation/lesson_intro_screen.dart"
"Bài này là Next Step. Mình luyện kế hoạch tương lai và bước tiếp theo. Bắt đầu nhé.","vi-VN","conditional","ready","assets/audio/CURRICULUM/431a2ce7eaad60c38ee12f49.vi.v1.mp3","intro_display_shadowed_by_uri","lib/features/listening/presentation/lesson_intro_screen.dart"
"Bài này là Numbers 11-20. Mình cùng học các số trong đời sống nhé. Bắt đầu nhé.","vi-VN","conditional","ready","assets/audio/CURRICULUM/b383d3429d57b46416852cb8.vi.v1.mp3","intro_display_shadowed_by_uri","lib/features/listening/presentation/lesson_intro_screen.dart"
"Bài này là Numbers in Life. Mình cùng học các số trong đời sống nhé. Bắt đầu nhé.","vi-VN","conditional","ready","assets/audio/CURRICULUM/0fc844d84b038e85649493d7.vi.v1.mp3","intro_display_shadowed_by_uri","lib/features/listening/presentation/lesson_intro_screen.dart"
"Bài này là Plan My Time. Mình luyện cách sắp xếp thời gian. Bắt đầu nhé.","vi-VN","conditional","ready","assets/audio/CURRICULUM/9ff503f46111d226e640b36d.vi.v1.mp3","intro_display_shadowed_by_uri","lib/features/listening/presentation/lesson_intro_screen.dart"
"Bài này là Polite Replies. Mình luyện cách hẹn và phản hồi lịch sự. Bắt đầu nhé.","vi-VN","conditional","ready","assets/audio/CURRICULUM/2246b49ed600a32f60421327.vi.v1.mp3","intro_display_shadowed_by_uri","lib/features/listening/presentation/lesson_intro_screen.dart"
"Bài này là S to Z Letters. Mình cùng học các chữ cái và từ quen thuộc nhé. Bắt đầu nhé.","vi-VN","conditional","ready","assets/audio/CURRICULUM/52a6d6a81e8ef6d910774681.vi.v1.mp3","intro_display_shadowed_by_uri","lib/features/listening/presentation/lesson_intro_screen.dart"
"Bài này là S to Z Words. Mình cùng học chữ cái qua những từ quen thuộc nhé. Bắt đầu nhé.","vi-VN","conditional","ready","assets/audio/CURRICULUM/53bdcd20f499034bc8384143.vi.v1.mp3","intro_display_shadowed_by_uri","lib/features/listening/presentation/lesson_intro_screen.dart"
"Bài này là Shapes Around Me. Mình cùng học màu sắc và hình dạng của đồ vật nhé. Bắt đầu nhé.","vi-VN","conditional","ready","assets/audio/CURRICULUM/8c887b54cb31b9bb13bef0ec.vi.v1.mp3","intro_display_shadowed_by_uri","lib/features/listening/presentation/lesson_intro_screen.dart"
"Bài này là Simple Directions. Mình cùng luyện địa điểm và cách hỏi đường nhé. Bắt đầu nhé.","vi-VN","conditional","ready","assets/audio/CURRICULUM/e3ef9fc8851d75dfab07d34f.vi.v1.mp3","intro_display_shadowed_by_uri","lib/features/listening/presentation/lesson_intro_screen.dart"
"Bài này là Simple Solutions. Mình luyện cách nói vấn đề nhỏ và xin giúp đỡ. Bắt đầu nhé.","vi-VN","conditional","ready","assets/audio/CURRICULUM/c4a4b7656f1045dc957d4ab5.vi.v1.mp3","intro_display_shadowed_by_uri","lib/features/listening/presentation/lesson_intro_screen.dart"
"Bài này là Small Steps. Mình luyện mục tiêu học tập và bước thực hiện. Bắt đầu nhé.","vi-VN","conditional","ready","assets/audio/CURRICULUM/c63f229c449714c59cdb2442.vi.v1.mp3","intro_display_shadowed_by_uri","lib/features/listening/presentation/lesson_intro_screen.dart"
"Bài này là Stay Clean. Mình cùng học các hoạt động giữ cơ thể sạch khỏe nhé. Bắt đầu nhé.","vi-VN","conditional","ready","assets/audio/CURRICULUM/a4afeeae970ab4a60a4f35fc.vi.v1.mp3","intro_display_shadowed_by_uri","lib/features/listening/presentation/lesson_intro_screen.dart"
"Bài này là Stay Private. Có nên tự do chia sẻ thông tin không? Bắt đầu nhé.","vi-VN","conditional","ready","assets/audio/CURRICULUM/345e663e38cf31d22c3ff5f7.vi.v1.mp3","intro_display_shadowed_by_uri","lib/features/listening/presentation/lesson_intro_screen.dart"
"Bài này là Stay Safe. Có một tin nhắn lạ. Bắt đầu nhé.","vi-VN","conditional","ready","assets/audio/CURRICULUM/1d8b89b4d7ce952679b68159.vi.v1.mp3","intro_display_shadowed_by_uri","lib/features/listening/presentation/lesson_intro_screen.dart"
"Bài này là Study Routine. Mình luyện thói quen học tập hiệu quả. Bắt đầu nhé.","vi-VN","conditional","ready","assets/audio/CURRICULUM/747eb449f88f86e4e88e639b.vi.v1.mp3","intro_display_shadowed_by_uri","lib/features/listening/presentation/lesson_intro_screen.dart"
"Bài này là Tell What Happened. Mình cùng luyện cách kể việc đã xảy ra nhé. Bắt đầu nhé.","vi-VN","conditional","ready","assets/audio/CURRICULUM/0aba9fa7135b5ebe6c6e4998.vi.v1.mp3","intro_display_shadowed_by_uri","lib/features/listening/presentation/lesson_intro_screen.dart"
"Bài này là Weekend Fun. Mình cùng học hoạt động cuối tuần nhé. Bắt đầu nhé.","vi-VN","conditional","ready","assets/audio/CURRICULUM/8acffa56e54971d63a9f0b88.vi.v1.mp3","intro_display_shadowed_by_uri","lib/features/listening/presentation/lesson_intro_screen.dart"
"Bài này là What Color?. Mình cùng học màu sắc nhé. Bắt đầu nhé.","vi-VN","conditional","ready","assets/audio/CURRICULUM/cf1f9eb0ec58c140109a661d.vi.v1.mp3","intro_display_shadowed_by_uri","lib/features/listening/presentation/lesson_intro_screen.dart"
"Bài này là What Shape?. Mình cùng học hình dạng nhé. Bắt đầu nhé.","vi-VN","conditional","ready","assets/audio/CURRICULUM/d841738f043bd6ede99b2653.vi.v1.mp3","intro_display_shadowed_by_uri","lib/features/listening/presentation/lesson_intro_screen.dart"
"Bài này là What to Wear?. Mưa rồi. Mặc gì nhỉ? Bắt đầu nhé.","vi-VN","conditional","ready","assets/audio/CURRICULUM/c9edc9b92d873e19bd903950.vi.v1.mp3","intro_display_shadowed_by_uri","lib/features/listening/presentation/lesson_intro_screen.dart"
"Bài này là Where Are We?. HOMI đang ở đâu nhỉ? Bắt đầu nhé.","vi-VN","conditional","ready","assets/audio/CURRICULUM/e1eed2d896d726dc6785d8d7.vi.v1.mp3","intro_display_shadowed_by_uri","lib/features/listening/presentation/lesson_intro_screen.dart"
"Bài này là Which Animal?. Mình cùng học các con vật nhé. Bắt đầu nhé.","vi-VN","conditional","ready","assets/audio/CURRICULUM/ad2e982ea0f1d3620072d94d.vi.v1.mp3","intro_display_shadowed_by_uri","lib/features/listening/presentation/lesson_intro_screen.dart"
"Ball.","en-US","current","ready","assets/audio/CURRICULUM/b4d0d70272f9926f3db6e34a.en.v1.mp3","challenge_answer_en","lib/features/listening/presentation/lesson_challenge_screen.dart"
"Bạn cần diễn đạt ""Ăn sáng"". Eat breakfast hay Sleep early?","vi-VN","audio_catalog_only","ready","assets/audio/CURRICULUM/dd27bc5bf734e1e122e3831e.vi.v1.mp3","audio_not_traced","assets/data/curriculum_audio.json"
"Bạn cần diễn đạt ""Bạn sẵn sàng gọi món chưa"". Ready to order? hay I'd like noodles?","vi-VN","audio_catalog_only","ready","assets/audio/CURRICULUM/e5ff7115762173483f9d5ea8.vi.v1.mp3","audio_not_traced","assets/data/curriculum_audio.json"
"Bạn cần diễn đạt ""Bạn thích cái nào hơn"". Which one do you prefer? hay I prefer this one?","vi-VN","audio_catalog_only","ready","assets/audio/CURRICULUM/bf195fe5833a27f4bd7ad559.vi.v1.mp3","audio_not_traced","assets/data/curriculum_audio.json"
"Bạn cần diễn đạt ""Bạn uống gì không"". Anything to drink? hay Water, please?","vi-VN","audio_catalog_only","ready","assets/audio/CURRICULUM/0cc94ba659a1ec1608142327.vi.v1.mp3","audio_not_traced","assets/data/curriculum_audio.json"
"Bạn cần diễn đạt ""Bận Chủ nhật"". Busy Sunday hay At three?","vi-VN","audio_catalog_only","ready","assets/audio/CURRICULUM/be80765e7868bf6df625bb67.vi.v1.mp3","audio_not_traced","assets/data/curriculum_audio.json"
"Bạn cần diễn đạt ""Bước tiếp theo của bạn là gì"". What's your next step? hay I'll start this week?","vi-VN","audio_catalog_only","ready","assets/audio/CURRICULUM/d9dbe629343c4c57eab6d3f2.vi.v1.mp3","audio_not_traced","assets/data/curriculum_audio.json"
"Bạn cần diễn đạt ""Cái này rẻ hơn"". This one is cheaper hay That one is cheaper?","vi-VN","audio_catalog_only","ready","assets/audio/CURRICULUM/1268da5e4405ad62f067ffd6.vi.v1.mp3","audio_not_traced","assets/data/curriculum_audio.json"
"Bạn cần diễn đạt ""Cất điện thoại đi"". Put your phone away hay What should I do?","vi-VN","audio_catalog_only","ready","assets/audio/CURRICULUM/e58206a3d844a0327047feb9.vi.v1.mp3","audio_not_traced","assets/data/curriculum_audio.json"
"Bạn cần diễn đạt ""Chặn người dùng lạ"". Block unknown users hay Keep passwords private?","vi-VN","audio_catalog_only","ready","assets/audio/CURRICULUM/e6868ba0ee7cda0e3e41f2c5.vi.v1.mp3","audio_not_traced","assets/data/curriculum_audio.json"
"Bạn cần diễn đạt ""Cho mình một vé nhé"". One ticket, please hay Which platform?","vi-VN","audio_catalog_only","ready","assets/audio/CURRICULUM/a935ddbc431dd9e3f3b4f177.vi.v1.mp3","audio_not_traced","assets/data/curriculum_audio.json"
"Bạn cần diễn đạt ""Chơi thể thao"". Play sports hay Read books?","vi-VN","audio_catalog_only","ready","assets/audio/CURRICULUM/75bf33af854e5c93f39140aa.vi.v1.mp3","audio_not_traced","assets/data/curriculum_audio.json"
"Bạn cần diễn đạt ""Đạt điểm tốt hơn"". Get better grades hay Read more books?","vi-VN","audio_catalog_only","ready","assets/audio/CURRICULUM/df0984c6235244f509bfbbb6.vi.v1.mp3","audio_not_traced","assets/data/curriculum_audio.json"
"Bạn cần diễn đạt ""Đọc sách buổi tối"". Reading at night hay Help at home?","vi-VN","audio_catalog_only","ready","assets/audio/CURRICULUM/e84ca31b27ff5f049c42341b.vi.v1.mp3","audio_not_traced","assets/data/curriculum_audio.json"
"Bạn cần diễn đạt ""Đồ uống"". Drink hay Main dish?","vi-VN","audio_catalog_only","ready","assets/audio/CURRICULUM/9d19fa3d48fbaedfcd7fc4be.vi.v1.mp3","audio_not_traced","assets/data/curriculum_audio.json"
"Bạn cần diễn đạt ""Đường dẫn"". Link hay Message?","vi-VN","audio_catalog_only","ready","assets/audio/CURRICULUM/379aec37ce6a1239e0e593cd.vi.v1.mp3","audio_not_traced","assets/data/curriculum_audio.json"
"Bạn cần diễn đạt ""Giải quyết vấn đề"". Solve problems hay Play sports?","vi-VN","audio_catalog_only","ready","assets/audio/CURRICULUM/318667d7a085a816ca7b964d.vi.v1.mp3","audio_not_traced","assets/data/curriculum_audio.json"
"Bạn cần diễn đạt ""Giày"". Shoes hay Price?","vi-VN","audio_catalog_only","ready","assets/audio/CURRICULUM/bcffea61057f5c08f6ed25b5.vi.v1.mp3","audio_not_traced","assets/data/curriculum_audio.json"
"Bạn cần diễn đạt ""Giữ mật khẩu riêng tư"". Keep passwords private hay Don't click links?","vi-VN","audio_catalog_only","ready","assets/audio/CURRICULUM/b055867790ec9beb6377ecc4.vi.v1.mp3","audio_not_traced","assets/data/curriculum_audio.json"
"Bạn cần diễn đạt ""Giữ mật khẩu riêng tư"". Keep passwords private hay Don't share your location?","vi-VN","audio_catalog_only","ready","assets/audio/CURRICULUM/987337e240b76f8632a2712b.vi.v1.mp3","audio_not_traced","assets/data/curriculum_audio.json"
"Bạn cần diễn đạt ""Không chia sẻ ảnh"". Don't share photos hay Block strangers?","vi-VN","audio_catalog_only","ready","assets/audio/CURRICULUM/eec433340b6835e4af825e83.vi.v1.mp3","audio_not_traced","assets/data/curriculum_audio.json"
"Bạn cần diễn đạt ""Không đăng địa chỉ"". Don't post your address hay Keep your account private?","vi-VN","audio_catalog_only","ready","assets/audio/CURRICULUM/83fcd2b28a63967250e98dc8.vi.v1.mp3","audio_not_traced","assets/data/curriculum_audio.json"
"Bạn cần diễn đạt ""Kiểm tra lại cặp đi"". Check your bag again hay Ask the teacher?","vi-VN","audio_catalog_only","ready","assets/audio/CURRICULUM/aeafd7f976d1251bfb444729.vi.v1.mp3","audio_not_traced","assets/data/curriculum_audio.json"
"Bạn cần diễn đạt ""Làm bài sau giờ học"". Homework after school hay Sports on Saturday?","vi-VN","audio_catalog_only","ready","assets/audio/CURRICULUM/a4c7be32da24a570764e86f7.vi.v1.mp3","audio_not_traced","assets/data/curriculum_audio.json"
"Bạn cần diễn đạt ""Lập kế hoạch"". Make a plan hay Practice English?","vi-VN","audio_catalog_only","ready","assets/audio/CURRICULUM/aebb6557e9635749c785695e.vi.v1.mp3","audio_not_traced","assets/data/curriculum_audio.json"
"Bạn cần diễn đạt ""Mình làm việc nhóm tốt"". I work well in teams hay I'm good at drawing?","vi-VN","audio_catalog_only","ready","assets/audio/CURRICULUM/66facc0edf4aba3142072def.vi.v1.mp3","audio_not_traced","assets/data/curriculum_audio.json"
"Bạn cần diễn đạt ""Mình nên làm gì"". What should I do? hay Take a break?","vi-VN","audio_catalog_only","ready","assets/audio/CURRICULUM/f249b44f02a2746b19c86cb2.vi.v1.mp3","audio_not_traced","assets/data/curriculum_audio.json"
"Bạn cần diễn đạt ""Mình sẽ suy nghĩ thêm"". I'll think about it hay Is it worth it?","vi-VN","audio_catalog_only","ready","assets/audio/CURRICULUM/c05c4ab83ed26e869c76ac83.vi.v1.mp3","audio_not_traced","assets/data/curriculum_audio.json"
"Bạn cần diễn đạt ""Ngân sách của mình"". My budget hay Good price?","vi-VN","audio_catalog_only","ready","assets/audio/CURRICULUM/b121c92b12d45e15949638ce.vi.v1.mp3","audio_not_traced","assets/data/curriculum_audio.json"
"Bạn cần diễn đạt ""Nghe được đó"". Sounds good hay I'd love to?","vi-VN","audio_catalog_only","ready","assets/audio/CURRICULUM/2f124b3e9e281e1646d3e5af.vi.v1.mp3","audio_not_traced","assets/data/curriculum_audio.json"
"Bạn cần diễn đạt ""Nghỉ ngơi vào Chủ nhật"". Relax on Sunday hay Homework after school?","vi-VN","audio_catalog_only","ready","assets/audio/CURRICULUM/fa41a0d78571d3361bd10e08.vi.v1.mp3","audio_not_traced","assets/data/curriculum_audio.json"
"Bạn cần diễn đạt ""Nhanh hơn"". Faster hay Easier?","vi-VN","audio_catalog_only","ready","assets/audio/CURRICULUM/143e4c6ba686f013ef3ea97d.vi.v1.mp3","audio_not_traced","assets/data/curriculum_audio.json"
"Bạn cần diễn đạt ""Nhặt rác"". Pick up litter hay Walk short distances?","vi-VN","audio_catalog_only","ready","assets/audio/CURRICULUM/72c1db12837a295e9dc340a7.vi.v1.mp3","audio_not_traced","assets/data/curriculum_audio.json"
"Bạn cần diễn đạt ""Nó có đáng không"". Is it worth it? hay It's too expensive?","vi-VN","audio_catalog_only","ready","assets/audio/CURRICULUM/fbde1e654503f57d2ebf0b74.vi.v1.mp3","audio_not_traced","assets/data/curriculum_audio.json"
"Bạn cần diễn đạt ""Nó hợp ngân sách"". It fits my budget hay I don't need it?","vi-VN","audio_catalog_only","ready","assets/audio/CURRICULUM/8133cdd2248cbb21f7354c8d.vi.v1.mp3","audio_not_traced","assets/data/curriculum_audio.json"
"Bạn cần diễn đạt ""Sau giờ học"". After school hay Before dinner?","vi-VN","audio_catalog_only","ready","assets/audio/CURRICULUM/6ba9d1461b65e39cd81b695c.vi.v1.mp3","audio_not_traced","assets/data/curriculum_audio.json"
"Bạn cần diễn đạt ""Số điện thoại"". Phone number hay Home address?","vi-VN","audio_catalog_only","ready","assets/audio/CURRICULUM/ffc3b0d7f3afdf7ec0baa6d0.vi.v1.mp3","audio_not_traced","assets/data/curriculum_audio.json"
"Bạn cần diễn đạt ""Tại sao"". Why? hay Because it's easier?","vi-VN","audio_catalog_only","ready","assets/audio/CURRICULUM/0fd8bc03455fabdcec513a99.vi.v1.mp3","audio_not_traced","assets/data/curriculum_audio.json"
"Bạn cần diễn đạt ""Tại sao"". Why? hay It's more useful?","vi-VN","audio_catalog_only","ready","assets/audio/CURRICULUM/b7a337e9c1e0f382b168a087.vi.v1.mp3","audio_not_traced","assets/data/curriculum_audio.json"
"Bạn cần diễn đạt ""Tái sử dụng túi"". Reuse your bag hay Recycle paper?","vi-VN","audio_catalog_only","ready","assets/audio/CURRICULUM/a3c48ccd581ef2e491fba294.vi.v1.mp3","audio_not_traced","assets/data/curriculum_audio.json"
"Bạn cần diễn đạt ""Tàu"". Train hay Platform?","vi-VN","audio_catalog_only","ready","assets/audio/CURRICULUM/44ac3b752605defc232d90cb.vi.v1.mp3","audio_not_traced","assets/data/curriculum_audio.json"
"Bạn cần diễn đạt ""Tiếp tục luyện tập"". Keep practicing hay Practice every day?","vi-VN","audio_catalog_only","ready","assets/audio/CURRICULUM/6f88a62f1961d85f47e44c3b.vi.v1.mp3","audio_not_traced","assets/data/curriculum_audio.json"
"Bạn cần diễn đạt ""Tiết kiệm nước"". Save water hay Use less paper?","vi-VN","audio_catalog_only","ready","assets/audio/CURRICULUM/49a098653746fc0fcde4d1c6.vi.v1.mp3","audio_not_traced","assets/data/curriculum_audio.json"
"Bạn cần diễn đạt ""Vì mình thích nó"". Because I enjoy it hay Why?","vi-VN","audio_catalog_only","ready","assets/audio/CURRICULUM/8775aacf3d7719f807255634.vi.v1.mp3","audio_not_traced","assets/data/curriculum_audio.json"
"Bạn cần diễn đạt ""Xe đạp"". Bike hay Taxi?","vi-VN","audio_catalog_only","ready","assets/audio/CURRICULUM/853c65a5f3f7ea6798f92bf5.vi.v1.mp3","audio_not_traced","assets/data/curriculum_audio.json"
"Bạn cần hoàn thành Level 1 trước nhé.","vi-VN","current","ready","assets/audio/MAIN/GAP28-001.vi.v1.mp3","level_locked","lib/features/listening/presentation/topic_listening_screen.dart:773"
"Bạn cần hoàn thành Level 2 trước nhé.","vi-VN","current","ready","assets/audio/MAIN/GAP28-002.vi.v1.mp3","level_locked","lib/features/listening/presentation/topic_listening_screen.dart:773"
"Bạn cần học xong Bài 1 trước nhé.","vi-VN","current","ready","assets/audio/CURRICULUM/892371e319b6d07d3de598a0.vi.v1.mp3","lesson_locked","lib/features/listening/presentation/topic_lesson_list_screen.dart"
"Bạn cần học xong Bài 2 trước nhé.","vi-VN","current","ready","assets/audio/CURRICULUM/31ea22d6b70920a9e560b92b.vi.v1.mp3","lesson_locked","lib/features/listening/presentation/topic_lesson_list_screen.dart"
"Bạn cần học xong Bài 3 trước nhé.","vi-VN","audio_catalog_only","ready","assets/audio/CURRICULUM/49b11585e4c02271189494d9.vi.v1.mp3","audio_not_traced","assets/data/curriculum_audio.json"
"Bạn cần nói ""Áo"". Toy hay Shirt?","vi-VN","current","ready","assets/audio/CURRICULUM/79307a31d8a6a62151c01a27.vi.v1.mp3","challenge_question","lib/features/listening/presentation/lesson_challenge_screen.dart"
"Bạn cần nói ""Ăn trưa vào buổi trưa"". Lunch at noon hay Play after school?","vi-VN","audio_catalog_only","ready","assets/audio/CURRICULUM/b6dba52d6a45469bcd07fea1.vi.v1.mp3","audio_not_traced","assets/data/curriculum_audio.json"
"Bạn cần nói ""Ăn trưa vào buổi trưa"". Sleep at night hay Lunch at noon?","vi-VN","current","ready","assets/audio/CURRICULUM/a9712e866cc6df3cba4be36a.vi.v1.mp3","challenge_question","lib/features/listening/presentation/lesson_challenge_screen.dart"
"Bạn cần nói ""Bạn ổn không"". Are you okay? hay I'm sad?","vi-VN","audio_catalog_only","ready","assets/audio/CURRICULUM/e1ef60927c51cfe3f1a20a44.vi.v1.mp3","audio_not_traced","assets/data/curriculum_audio.json"
"Bạn cần nói ""Bảy giờ"". Seven o'clock hay At noon?","vi-VN","current","ready","assets/audio/CURRICULUM/79218b4542475662abc2a003.vi.v1.mp3","challenge_question","lib/features/listening/presentation/lesson_challenge_screen.dart"
"Bạn cần nói ""Bên cạnh trường học"". Next to school hay Go straight?","vi-VN","audio_catalog_only","ready","assets/audio/CURRICULUM/a1f3ccff21e4ae90f3698db0.vi.v1.mp3","audio_not_traced","assets/data/curriculum_audio.json"
"Bạn cần nói ""Cái này"". I like this hay This one?","vi-VN","current","ready","assets/audio/CURRICULUM/728d3d34adc24d0b7da34f6b.vi.v1.mp3","challenge_question","lib/features/listening/presentation/lesson_challenge_screen.dart"
"Bạn cần nói ""Cảm ơn bạn"". Thank you hay Are you okay?","vi-VN","current","ready","assets/audio/CURRICULUM/ad6280fd3af0df3fa0188a73.vi.v1.mp3","challenge_question","lib/features/listening/presentation/lesson_challenge_screen.dart"
"Bạn cần nói ""Cho mình một cây bút chì nhé"". A pencil, please hay Here you are?","vi-VN","audio_catalog_only","ready","assets/audio/CURRICULUM/065ec363ccf8e53554b96469.vi.v1.mp3","audio_not_traced","assets/data/curriculum_audio.json"
"Bạn cần nói ""Chơi bên ngoài"". Play outside hay Stay inside?","vi-VN","audio_catalog_only","ready","assets/audio/CURRICULUM/626f87dd1cbc5efaed25bfea.vi.v1.mp3","audio_not_traced","assets/data/curriculum_audio.json"
"Bạn cần nói ""Chơi bóng đá"". Play soccer hay Read comics?","vi-VN","current","ready","assets/audio/CURRICULUM/8aad82f76a7ddbee9a9404ec.vi.v1.mp3","challenge_question","lib/features/listening/presentation/lesson_challenge_screen.dart"
"Bạn cần nói ""Công viên"". Park hay Library?","vi-VN","audio_catalog_only","ready","assets/audio/CURRICULUM/48ecd4a173d5c17b2ceaeaed.vi.v1.mp3","audio_not_traced","assets/data/curriculum_audio.json"
"Bạn cần nói ""Công viên"". Park hay Supermarket?","vi-VN","current","ready","assets/audio/CURRICULUM/ea6423e480090b54b16aab99.vi.v1.mp3","challenge_question","lib/features/listening/presentation/lesson_challenge_screen.dart"
"Bạn cần nói ""Đã chơi bóng đá"". Visited Grandma hay Played soccer?","vi-VN","current","ready","assets/audio/CURRICULUM/ded02b858df8688456384027.vi.v1.mp3","challenge_question","lib/features/listening/presentation/lesson_challenge_screen.dart"
"Bạn cần nói ""Đã thăm bà"". Fell down hay Visited Grandma?","vi-VN","current","ready","assets/audio/CURRICULUM/e7197be9ad03c66667e0c720.vi.v1.mp3","challenge_question","lib/features/listening/presentation/lesson_challenge_screen.dart"
"Bạn cần nói ""Đã xem TV"". Watched TV hay Lost my pencil?","vi-VN","current","ready","assets/audio/CURRICULUM/e1ac9d3b840839d474c90830.vi.v1.mp3","challenge_question","lib/features/listening/presentation/lesson_challenge_screen.dart"
"Bạn cần nói ""Đã xem TV"". Watched TV hay Visited Grandma?","vi-VN","audio_catalog_only","ready","assets/audio/CURRICULUM/b57f46982530c65fe414d789.vi.v1.mp3","audio_not_traced","assets/data/curriculum_audio.json"
"Bạn cần nói ""Đi bộ tới đó"". Take a taxi hay Walk there?","vi-VN","current","ready","assets/audio/CURRICULUM/8ad926d1bcd04f04c211639d.vi.v1.mp3","challenge_question","lib/features/listening/presentation/lesson_challenge_screen.dart"
"Bạn cần nói ""Đi công viên"". Eat ice cream hay Go to the park?","vi-VN","current","ready","assets/audio/CURRICULUM/998a9c18fe81eda829f293af.vi.v1.mp3","challenge_question","lib/features/listening/presentation/lesson_challenge_screen.dart"
"Bạn cần nói ""Đi công viên"". Go to the park hay See a movie?","vi-VN","audio_catalog_only","ready","assets/audio/CURRICULUM/21194135dacfc810258644e6.vi.v1.mp3","audio_not_traced","assets/data/curriculum_audio.json"
"Bạn cần nói ""Đi sở thú"". Go to the zoo hay See a movie?","vi-VN","current","ready","assets/audio/CURRICULUM/59776b313144858c5ccc5259.vi.v1.mp3","challenge_question","lib/features/listening/presentation/lesson_challenge_screen.dart"
"Bạn cần nói ""Đi thẳng"". Go straight hay Turn right?","vi-VN","current","ready","assets/audio/CURRICULUM/a77e0ec07d38275a3bcf89ec.vi.v1.mp3","challenge_question","lib/features/listening/presentation/lesson_challenge_screen.dart"
"Bạn cần nói ""Đi xe buýt"". Take the bus hay Ride a bike?","vi-VN","current","ready","assets/audio/CURRICULUM/6ca663993399d570099e1e65.vi.v1.mp3","challenge_question","lib/features/listening/presentation/lesson_challenge_screen.dart"
"Bạn cần nói ""Đi xe buýt"". Take the bus hay Walk there?","vi-VN","audio_catalog_only","ready","assets/audio/CURRICULUM/83923bafd917248c14fcb173.vi.v1.mp3","audio_not_traced","assets/data/curriculum_audio.json"
"Bạn cần nói ""Đi xe đạp"". Ride a bike hay Take a taxi?","vi-VN","audio_catalog_only","ready","assets/audio/CURRICULUM/8ae62d612f24cf8cf8821abe.vi.v1.mp3","audio_not_traced","assets/data/curriculum_audio.json"
"Bạn cần nói ""Điện thoại"". Computer hay Phone?","vi-VN","current","ready","assets/audio/CURRICULUM/e9610c1b63d8f2e5306a508e.vi.v1.mp3","challenge_question","lib/features/listening/presentation/lesson_challenge_screen.dart"
"Bạn cần nói ""Đồ chơi"". Money hay Toy?","vi-VN","current","ready","assets/audio/CURRICULUM/72d9ed4b901fdd59bff6950f.vi.v1.mp3","challenge_question","lib/features/listening/presentation/lesson_challenge_screen.dart"
"Bạn cần nói ""Giày"". Shoes hay Price?","vi-VN","current","ready","assets/audio/CURRICULUM/9a318969bb3aa1bdd799cbaf.vi.v1.mp3","challenge_question","lib/features/listening/presentation/lesson_challenge_screen.dart"
"Bạn cần nói ""Giày"". Shoes hay Toy?","vi-VN","audio_catalog_only","ready","assets/audio/CURRICULUM/871229bf1cf7c2f9626f7301.vi.v1.mp3","audio_not_traced","assets/data/curriculum_audio.json"
"Bạn cần nói ""Gọi điện"". Make calls hay Watch videos?","vi-VN","audio_catalog_only","ready","assets/audio/CURRICULUM/8a7380372a18f6ff39f20e53.vi.v1.mp3","audio_not_traced","assets/data/curriculum_audio.json"
"Bạn cần nói ""Hôm nay trời mưa"". Rainy today hay Windy today?","vi-VN","audio_catalog_only","ready","assets/audio/CURRICULUM/5055168c82ef58004a7c6983.vi.v1.mp3","audio_not_traced","assets/data/curriculum_audio.json"
"Bạn cần nói ""Hôm nay trời nắng"". Windy today hay Sunny today?","vi-VN","current","ready","assets/audio/CURRICULUM/fa5b92ac64c33a2b3fc0bb20.vi.v1.mp3","challenge_question","lib/features/listening/presentation/lesson_challenge_screen.dart"
"Bạn cần nói ""Máy tính bảng"". Tablet hay Camera?","vi-VN","current","ready","assets/audio/CURRICULUM/5dad1c0e79c9e2658bc8decc.vi.v1.mp3","challenge_question","lib/features/listening/presentation/lesson_challenge_screen.dart"
"Bạn cần nói ""Máy tính bảng"". Tablet hay Computer?","vi-VN","audio_catalog_only","ready","assets/audio/CURRICULUM/a10664448c86441759d9cdaf.vi.v1.mp3","audio_not_traced","assets/data/curriculum_audio.json"
"Bạn cần nói ""Máy tính"". Headphones hay Computer?","vi-VN","current","ready","assets/audio/CURRICULUM/54e658d86a9267cdea4462a6.vi.v1.mp3","challenge_question","lib/features/listening/presentation/lesson_challenge_screen.dart"
"Bạn cần nói ""Mình thích cái này"". I like this hay This one, please?","vi-VN","audio_catalog_only","ready","assets/audio/CURRICULUM/8d4bd522dfd7355cc99aea90.vi.v1.mp3","audio_not_traced","assets/data/curriculum_audio.json"
"Bạn cần nói ""Mình vào lớp được không"". Can I come in? hay Yes, come in?","vi-VN","audio_catalog_only","ready","assets/audio/CURRICULUM/150312a651bc0a5d36d17dbf.vi.v1.mp3","audio_not_traced","assets/data/curriculum_audio.json"
"Bạn cần nói ""Môn Khoa học"". Music hay Science?","vi-VN","current","ready","assets/audio/CURRICULUM/b8dc5a2efb2b07b96980ce37.vi.v1.mp3","challenge_question","lib/features/listening/presentation/lesson_challenge_screen.dart"
"Bạn cần nói ""Môn tiếng Anh"". English hay Art?","vi-VN","current","ready","assets/audio/CURRICULUM/6f7bb3f86cfbc2fcbe34574a.vi.v1.mp3","challenge_question","lib/features/listening/presentation/lesson_challenge_screen.dart"
"Bạn cần nói ""Môn tiếng Anh"". English hay Science?","vi-VN","audio_catalog_only","ready","assets/audio/CURRICULUM/97a1ca447290d5494bbcb189.vi.v1.mp3","audio_not_traced","assets/data/curriculum_audio.json"
"Bạn cần nói ""Môn Toán"". Science hay Math?","vi-VN","current","ready","assets/audio/CURRICULUM/3020817190dfe6f64a956d27.vi.v1.mp3","challenge_question","lib/features/listening/presentation/lesson_challenge_screen.dart"
"Bạn cần nói ""Ngủ vào buổi tối"". Sleep at night hay Wake up at seven?","vi-VN","audio_catalog_only","ready","assets/audio/CURRICULUM/c0f5a47f7b527904f5bc3903.vi.v1.mp3","audio_not_traced","assets/data/curriculum_audio.json"
"Bạn cần nói ""Rẽ trái"". Near the park hay Turn left?","vi-VN","current","ready","assets/audio/CURRICULUM/a7c966de4f6f8a475395c95e.vi.v1.mp3","challenge_question","lib/features/listening/presentation/lesson_challenge_screen.dart"
"Bạn cần nói ""Tám giờ"". After school hay Eight o'clock?","vi-VN","current","ready","assets/audio/CURRICULUM/380513b55b07b8e23bedfc3d.vi.v1.mp3","challenge_question","lib/features/listening/presentation/lesson_challenge_screen.dart"
"Bạn cần nói ""Tám giờ"". Eight o'clock hay At noon?","vi-VN","audio_catalog_only","ready","assets/audio/CURRICULUM/c9ffce3a80989d6d1ee8874a.vi.v1.mp3","audio_not_traced","assets/data/curriculum_audio.json"
"Bạn cần nói ""Thư viện"". Hospital hay Library?","vi-VN","current","ready","assets/audio/CURRICULUM/96b62dfb9278ab352122f837.vi.v1.mp3","challenge_question","lib/features/listening/presentation/lesson_challenge_screen.dart"
"Bạn cần nói ""Thức dậy lúc bảy giờ"". Lunch at noon hay Wake up at seven?","vi-VN","current","ready","assets/audio/CURRICULUM/8d153f16163538cca3e52f73.vi.v1.mp3","challenge_question","lib/features/listening/presentation/lesson_challenge_screen.dart"
"Bạn cần nói ""Thức dậy lúc bảy giờ"". Wake up at seven hay School starts at eight?","vi-VN","audio_catalog_only","ready","assets/audio/CURRICULUM/169ca471387c05fc8b107357.vi.v1.mp3","audio_not_traced","assets/data/curriculum_audio.json"
"Bạn cần nói ""Trường bắt đầu lúc tám giờ"". School starts at eight hay Play after school?","vi-VN","current","ready","assets/audio/CURRICULUM/0d7b17fb634ab9c2748af920.vi.v1.mp3","challenge_question","lib/features/listening/presentation/lesson_challenge_screen.dart"
"Bạn cần nói ""Trường học"". Library hay School?","vi-VN","current","ready","assets/audio/CURRICULUM/94ecbc49150e090da1e93d3d.vi.v1.mp3","challenge_question","lib/features/listening/presentation/lesson_challenge_screen.dart"
"Bạn cần nói ""Vẽ tranh"". Draw pictures hay Read comics?","vi-VN","audio_catalog_only","ready","assets/audio/CURRICULUM/5b2198bc1aa29f085e49e946.vi.v1.mp3","audio_not_traced","assets/data/curriculum_audio.json"
"Bạn cần nói ""Vẽ tranh"". Ride a bike hay Draw pictures?","vi-VN","current","ready","assets/audio/CURRICULUM/abef09f0cf1635896f5e650b.vi.v1.mp3","challenge_question","lib/features/listening/presentation/lesson_challenge_screen.dart"
"Bạn cần nói ""Xin lỗi"". Excuse me hay Where's the library?","vi-VN","audio_catalog_only","ready","assets/audio/CURRICULUM/2a1ee355139ce3b4199c5d51.vi.v1.mp3","audio_not_traced","assets/data/curriculum_audio.json"
"Bạn cần nói ""Xin lỗi"". Go straight hay Excuse me?","vi-VN","current","ready","assets/audio/CURRICULUM/7c0a7f36ee2be87e52249d9a.vi.v1.mp3","challenge_question","lib/features/listening/presentation/lesson_challenge_screen.dart"
"Bạn cần thêm gì không: Anything else? hay That's all, thanks?","vi-VN","current","ready","assets/audio/CURRICULUM/9af9dd37cc5944c10984847b.vi.v1.mp3","challenge_question","lib/features/listening/presentation/lesson_challenge_screen.dart"
"Bạn cần thêm gì không?","vi-VN","current;catalog_only","ready","assets/audio/CURRICULUM/2606cc7712be975b35c6c9dc.vi.v1.mp3","core_vi;challenge_answer_vi","lib/features/listening/presentation/lesson_practice_screen.dart;assets/data/listening_lessons.json"
"Bạn cần xin một cây bút chì. A pencil, please hay Thank you?","vi-VN","current","ready","assets/audio/CURRICULUM/a838234f038d28d6fcf46621.vi.v1.mp3","challenge_question","lib/features/listening/presentation/lesson_challenge_screen.dart"
"Bàn chân: Feet hay Head?","vi-VN","current","ready","assets/audio/CURRICULUM/e8fed4836ebcc5b13afd340b.vi.v1.mp3","challenge_question","lib/features/listening/presentation/lesson_challenge_screen.dart"
"Bàn chân.","vi-VN","current;catalog_only","ready","assets/audio/CURRICULUM/cd3c8791fd31d81a30119b38.vi.v1.mp3","core_vi;challenge_answer_vi","lib/features/listening/presentation/lesson_practice_screen.dart;assets/data/listening_lessons.json"
"Bạn chọn “Luyện lại từ đầu” hay “Bài tiếp theo”?","vi-VN","catalog_only","ready","assets/audio/MAIN/AI-049.vi.v1.mp3","assistant_catalog","lib/features/voice_navigation/domain/homi_fallback_catalog.dart"
"Bạn chọn học Chủ đề số mấy?","vi-VN","audio_catalog_only","ready","assets/audio/CURRICULUM/cb8fc595c85b75ec2e4ef41c.vi.v1.mp3","audio_not_traced","assets/data/curriculum_audio.json"
"Bạn chọn Level 1, 2, 3 nhé.","vi-VN","current","ready","assets/audio/MAIN/GAP28-003.vi.v1.mp3","main_flow","lib/features/voice_navigation/application/main_voice_assistant_flow.dart"
"Bạn chưa có Ngôi sao nào. Bạn muốn học phần Ba mẹ đã thêm hay Luyện lại?","vi-VN","current","ready","assets/audio/MAIN/RUN-066.vi.v1.mp3","vocabulary_guidance","lib/features/vocabulary/domain/vocabulary_flow_v3.dart"
"Bạn có thể chọn: dịch sang tiếng Anh, học theo chủ đề hoặc học bộ từ vựng","vi-VN","current;catalog_only","ready","assets/audio/MAIN/AI-002.vi.v1.mp3","main_silence;assistant_catalog","lib/features/voice_navigation/application/main_voice_assistant_flow.dart;lib/features/voice_navigation/domain/homi_fallback_catalog.dart"
"Bạn có thể chọn: dịch sang tiếng Anh, học theo chủ đề hoặc học bộ từ vựng.","vi-VN","current;catalog_only","ready","assets/audio/MAIN/SIL-001.vi.v1.mp3","main_flow;assistant_catalog","lib/features/voice_navigation/application/main_voice_assistant_flow.dart;lib/features/voice_navigation/domain/homi_fallback_catalog.dart"
"Bạn có thể giúp mình không: Can you help me? hay A charger, please?","vi-VN","audio_catalog_only","ready","assets/audio/CURRICULUM/8ed3ea7ebb3a5b688e6be846.vi.v1.mp3","audio_not_traced","assets/data/curriculum_audio.json"
"Bạn có thể giúp mình không?","vi-VN","current;catalog_only","ready","assets/audio/CURRICULUM/6f636acc19fa91ef2b48d3ad.vi.v1.mp3","core_vi;challenge_answer_vi","lib/features/listening/presentation/lesson_practice_screen.dart;assets/data/listening_lessons.json"
"Bạn có thích mì không: Do you like noodles? hay Yes, I do?","vi-VN","current","ready","assets/audio/CURRICULUM/d72945a723ffb74860f21416.vi.v1.mp3","challenge_question","lib/features/listening/presentation/lesson_challenge_screen.dart"
"Bạn có thích mì không?","vi-VN","current;catalog_only","ready","assets/audio/CURRICULUM/96237485f458d4f287cd2bc4.vi.v1.mp3","core_vi;challenge_answer_vi","lib/features/listening/presentation/lesson_practice_screen.dart;assets/data/listening_lessons.json"
"Bạn còn một Chủ đề chưa học. Bạn muốn học tiếp hay học lại?","vi-VN","current","ready","assets/audio/MAIN/RUN-142.vi.v1.mp3","completion","lib/features/listening/domain/v4_completion_flow.dart"
"Bạn của bạn trông không vui.","vi-VN","current","ready","assets/audio/CURRICULUM/ab817e0f5e8063ede496fbf7.vi.v1.mp3","lesson_intro_clip","lib/features/listening/presentation/lesson_intro_screen.dart"
"Bạn cứ nói từng câu. Muốn dừng thì nói “dừng lại”.","vi-VN","current;catalog_only","ready","assets/audio/MAIN/AI-022.vi.v1.mp3","translation_control;assistant_catalog","lib/features/voice_navigation/application/main_speaking_fallback_flow.dart;lib/features/voice_navigation/domain/homi_fallback_catalog.dart"
"Bạn cứ nói từng câu. Muốn dừng thì nói “Dừng lại”.","vi-VN","current","ready","assets/audio/MAIN/AI-022.vi.v1.mp3","master_navigation_contract","lib/features/voice_navigation/domain/master_navigation_contract.dart:13"
"Bạn đã cố gắng tốt rồi! Mình sẽ luyện thêm sau. Giờ học câu tiếp nào.","vi-VN","catalog_only","ready","assets/audio/MAIN/AI-058.vi.v1.mp3","assistant_catalog","lib/features/voice_navigation/domain/homi_fallback_catalog.dart"
"Bạn đã hoàn thành Bài 1 rồi!","vi-VN","current","ready","assets/audio/CURRICULUM/720168ae612f3368c6c1d553.vi.v1.mp3","lesson_milestone","lib/features/listening/presentation/lesson_practice_screen.dart"
"Bạn đã hoàn thành Bài 2 rồi!","vi-VN","current","ready","assets/audio/CURRICULUM/6ca885500807664c8c636e2e.vi.v1.mp3","lesson_milestone","lib/features/listening/presentation/lesson_practice_screen.dart"
"Bạn đã hoàn thành Bài 3 rồi!","vi-VN","current","ready","assets/audio/CURRICULUM/1f110c5efead5da35f7e9c40.vi.v1.mp3","lesson_milestone","lib/features/listening/presentation/lesson_practice_screen.dart"
"Bạn đã hoàn thành Chủ đề 1 rồi!","vi-VN","current","ready","assets/audio/CURRICULUM/05481e5a37f58cba21450161.vi.v1.mp3","topic_milestone","lib/features/listening/presentation/lesson_practice_screen.dart"
"Bạn đã hoàn thành Chủ đề 10 rồi!","vi-VN","current","ready","assets/audio/CURRICULUM/998ddb802a2f3131d4732a66.vi.v1.mp3","topic_milestone","lib/features/listening/presentation/lesson_practice_screen.dart"
"Bạn đã hoàn thành Chủ đề 2 rồi!","vi-VN","current","ready","assets/audio/CURRICULUM/3cd940833df6647151d62a3b.vi.v1.mp3","topic_milestone","lib/features/listening/presentation/lesson_practice_screen.dart"
"Bạn đã hoàn thành Chủ đề 3 rồi!","vi-VN","current","ready","assets/audio/CURRICULUM/997d7d89574474f9ec20a085.vi.v1.mp3","topic_milestone","lib/features/listening/presentation/lesson_practice_screen.dart"
"Bạn đã hoàn thành Chủ đề 4 rồi!","vi-VN","current","ready","assets/audio/CURRICULUM/268ad000eb317f5e88a67ce1.vi.v1.mp3","topic_milestone","lib/features/listening/presentation/lesson_practice_screen.dart"
"Bạn đã hoàn thành Chủ đề 5 rồi!","vi-VN","current","ready","assets/audio/CURRICULUM/b1cba8fd21dba61eafc8dc0f.vi.v1.mp3","topic_milestone","lib/features/listening/presentation/lesson_practice_screen.dart"
"Bạn đã hoàn thành Chủ đề 6 rồi!","vi-VN","current","ready","assets/audio/CURRICULUM/6c7ceef98843169425431f63.vi.v1.mp3","topic_milestone","lib/features/listening/presentation/lesson_practice_screen.dart"
"Bạn đã hoàn thành Chủ đề 7 rồi!","vi-VN","current","ready","assets/audio/CURRICULUM/96c580b2bff83e6884b0bf45.vi.v1.mp3","topic_milestone","lib/features/listening/presentation/lesson_practice_screen.dart"
"Bạn đã hoàn thành Chủ đề 8 rồi!","vi-VN","current","ready","assets/audio/CURRICULUM/5a06e1769ce669b78b8b7f03.vi.v1.mp3","topic_milestone","lib/features/listening/presentation/lesson_practice_screen.dart"
"Bạn đã hoàn thành Chủ đề 9 rồi!","vi-VN","current","ready","assets/audio/CURRICULUM/0743b7bca0401fece4e328bc.vi.v1.mp3","topic_milestone","lib/features/listening/presentation/lesson_practice_screen.dart"
"Bạn đã hoàn thành khóa học rồi!","vi-VN","current","ready","assets/audio/MAIN/RUN-148.vi.v1.mp3","literal_speech_call","lib/features/listening/presentation/lesson_practice_screen.dart:2280"
"Bạn đã hoàn thành khóa học rồi. Bạn muốn học lại Level số mấy?","vi-VN","current","ready","assets/audio/MAIN/RUN-007.vi.v1.mp3","main_flow;completion","lib/features/voice_navigation/application/main_voice_assistant_flow.dart;lib/features/listening/domain/v4_completion_flow.dart"
"Bạn đã hoàn thành Level 1 rồi!","vi-VN","current","ready","assets/audio/CURRICULUM/ef08e96a898d96432bc1dc6f.vi.v1.mp3","level_milestone","lib/features/listening/presentation/lesson_practice_screen.dart"
"Bạn đã hoàn thành Level 2 rồi!","vi-VN","current","ready","assets/audio/CURRICULUM/eaf11fbcecbce004602ab928.vi.v1.mp3","level_milestone","lib/features/listening/presentation/lesson_practice_screen.dart"
"Bạn đã hoàn thành Level 3 rồi!","vi-VN","audio_catalog_only","ready","assets/audio/CURRICULUM/bbf058b579f6fd1d9091b7df.vi.v1.mp3","audio_not_traced","assets/data/curriculum_audio.json"
"Bạn đã hoàn thành tất cả Chủ đề rồi!","vi-VN","audio_catalog_only","ready","assets/audio/CURRICULUM/3ad138c39be73a46cbc68e2a.vi.v1.mp3","audio_not_traced","assets/data/curriculum_audio.json"
"Bạn đã học xong chủ đề này rồi. Chọn chủ đề mới nha.","vi-VN","catalog_only","ready","assets/audio/MAIN/AI-051.vi.v1.mp3","assistant_catalog","lib/features/voice_navigation/domain/homi_fallback_catalog.dart"
"Bạn đã nghe hết Ngôi sao rồi. Bạn muốn học nội dung khác hay học lại?","vi-VN","current","ready","assets/audio/MAIN/RUN-069.vi.v1.mp3","vocabulary_guidance","lib/features/vocabulary/domain/vocabulary_flow_v3.dart"
"Bạn đã nghe hết rồi. Bạn muốn học nội dung khác hay học lại?","vi-VN","current","ready","assets/audio/MAIN/RUN-057.vi.v1.mp3","vocabulary_guidance","lib/features/vocabulary/domain/vocabulary_flow_v3.dart"
"Bạn đang ở bài đầu tiên rồi.","vi-VN","catalog_only","ready","assets/audio/MAIN/AI-064.vi.v1.mp3","assistant_catalog","lib/features/voice_navigation/domain/homi_fallback_catalog.dart"
"Bạn đang ở câu đầu tiên rồi.","vi-VN","catalog_only","ready","assets/audio/MAIN/AI-063.vi.v1.mp3","assistant_catalog","lib/features/voice_navigation/domain/homi_fallback_catalog.dart"
"Bạn đang ở ngoài cửa lớp và muốn xin vào. Can I come in? hay A pencil, please?","vi-VN","current","ready","assets/audio/CURRICULUM/2f7372d1916648af509f807e.vi.v1.mp3","challenge_question","lib/features/listening/presentation/lesson_challenge_screen.dart"
"Bạn đoán xem con gì?","vi-VN","current","ready","assets/audio/CURRICULUM/d4c565fb80e2842e566b224f.vi.v1.mp3","lesson_intro_clip","lib/features/listening/presentation/lesson_intro_screen.dart"
"Bàn học: Desk hay Elephant?","vi-VN","current","ready","assets/audio/CURRICULUM/69c39a13b23241edfa89a6ed.vi.v1.mp3","challenge_question","lib/features/listening/presentation/lesson_challenge_screen.dart"
"Bàn học: Desk hay Teacher?","vi-VN","current","ready","assets/audio/CURRICULUM/48fea6a01128a395110df269.vi.v1.mp3","challenge_question","lib/features/listening/presentation/lesson_challenge_screen.dart"
"Bàn học.","vi-VN","current;catalog_only","ready","assets/audio/CURRICULUM/b4d72f9f8577a93e8e2a8684.vi.v1.mp3","core_vi;challenge_answer_vi","lib/features/listening/presentation/lesson_practice_screen.dart;assets/data/listening_lessons.json"
"Bạn kể mình làm mất bút chì. I lost my pencil hay I fell down?","vi-VN","current","ready","assets/audio/CURRICULUM/d5e85e5fc53951c1a6514dbd.vi.v1.mp3","challenge_question","lib/features/listening/presentation/lesson_challenge_screen.dart"
"Bạn không thể tập trung. I can't focus hay I need a break?","vi-VN","current","ready","assets/audio/CURRICULUM/c0cfda34670ffe71bcea946b.vi.v1.mp3","challenge_question","lib/features/listening/presentation/lesson_challenge_screen.dart"
"Bạn làm tốt lắm. HOMI đã thêm câu này vào ngôi sao!","vi-VN","catalog_only","ready","assets/audio/MAIN/AI-052.vi.v1.mp3","assistant_catalog","lib/features/voice_navigation/domain/homi_fallback_catalog.dart"
"Bạn mấy tuổi?","vi-VN","catalog_only","ready","assets/audio/MAIN/AI-007.vi.v1.mp3","assistant_catalog","lib/features/voice_navigation/domain/homi_fallback_catalog.dart"
"Bạn mấy tuổi? Ví dụ bạn nói: 6 tuổi.","vi-VN","current;catalog_only","ready","assets/audio/MAIN/AI-008.vi.v1.mp3","main_flow;assistant_catalog","lib/features/voice_navigation/application/main_voice_assistant_flow.dart;lib/features/voice_navigation/domain/homi_fallback_catalog.dart"
"Bạn muốn bắt đầu Level 1 hay dừng lại?","vi-VN","audio_catalog_only","ready","assets/audio/CURRICULUM/9ebb8103c97661c6a0ba56f0.vi.v1.mp3","audio_not_traced","assets/data/curriculum_audio.json"
"Bạn muốn bắt đầu Level 2 hay dừng lại?","vi-VN","current","ready","assets/audio/CURRICULUM/e9ce213617c275bb87ebe69d.vi.v1.mp3","completion","lib/features/listening/domain/v4_completion_flow.dart"
"Bạn muốn bắt đầu Level 3 hay dừng lại?","vi-VN","current","ready","assets/audio/CURRICULUM/233fbb385ccabc016a8a62e4.vi.v1.mp3","completion","lib/features/listening/domain/v4_completion_flow.dart"
"Bạn muốn cải thiện điều gì?","vi-VN","current","ready","assets/audio/CURRICULUM/e5e258acc5e1d3098d1be267.vi.v1.mp3","lesson_intro_clip","lib/features/listening/presentation/lesson_intro_screen.dart"
"Bạn muốn chọn Chủ đề khác hay học lại Chủ đề 1?","vi-VN","current","ready","assets/audio/CURRICULUM/9bec2bab4422b9ec98ae8c5a.vi.v1.mp3","completion","lib/features/listening/domain/v4_completion_flow.dart"
"Bạn muốn chọn Chủ đề khác hay học lại Chủ đề 10?","vi-VN","current","ready","assets/audio/CURRICULUM/eb8a9a1e81b645b4cfb0ff26.vi.v1.mp3","completion","lib/features/listening/domain/v4_completion_flow.dart"
"Bạn muốn chọn Chủ đề khác hay học lại Chủ đề 2?","vi-VN","current","ready","assets/audio/CURRICULUM/48317f331ad24f4246416bde.vi.v1.mp3","completion","lib/features/listening/domain/v4_completion_flow.dart"
"Bạn muốn chọn Chủ đề khác hay học lại Chủ đề 3?","vi-VN","current","ready","assets/audio/CURRICULUM/1d0ce24c798ce88aac1e934f.vi.v1.mp3","completion","lib/features/listening/domain/v4_completion_flow.dart"
"Bạn muốn chọn Chủ đề khác hay học lại Chủ đề 4?","vi-VN","current","ready","assets/audio/CURRICULUM/3ac20a415178729b346f4d6b.vi.v1.mp3","completion","lib/features/listening/domain/v4_completion_flow.dart"
"Bạn muốn chọn Chủ đề khác hay học lại Chủ đề 5?","vi-VN","current","ready","assets/audio/CURRICULUM/a1b1cb90ce2eec024da55dc4.vi.v1.mp3","completion","lib/features/listening/domain/v4_completion_flow.dart"
"Bạn muốn chọn Chủ đề khác hay học lại Chủ đề 6?","vi-VN","current","ready","assets/audio/CURRICULUM/9b8b96c7dd2b07e5da770ca4.vi.v1.mp3","completion","lib/features/listening/domain/v4_completion_flow.dart"
"Bạn muốn chọn Chủ đề khác hay học lại Chủ đề 7?","vi-VN","current","ready","assets/audio/CURRICULUM/ab0f62559f5002b9cfab7171.vi.v1.mp3","completion","lib/features/listening/domain/v4_completion_flow.dart"
"Bạn muốn chọn Chủ đề khác hay học lại Chủ đề 8?","vi-VN","current","ready","assets/audio/CURRICULUM/aa7d6244f9f19d00aef8f2c9.vi.v1.mp3","completion","lib/features/listening/domain/v4_completion_flow.dart"
"Bạn muốn chọn Chủ đề khác hay học lại Chủ đề 9?","vi-VN","current","ready","assets/audio/CURRICULUM/9fec26fffeb95778ecb24d22.vi.v1.mp3","completion","lib/features/listening/domain/v4_completion_flow.dart"
"Bạn muốn dịch sang tiếng Anh hay học bộ từ vựng?","vi-VN","current;catalog_only","ready","assets/audio/MAIN/AI-006.vi.v1.mp3","main_flow;assistant_catalog","lib/features/voice_navigation/application/main_voice_assistant_flow.dart;lib/features/voice_navigation/domain/homi_fallback_catalog.dart"
"Bạn muốn dịch tiếng Anh, học Chủ đề hay Bộ từ vựng?","vi-VN","current","ready","assets/audio/MAIN/RUNTIME-MAIN-NAVIGATION-002.vi.v1.mp3","master_navigation_contract","lib/features/voice_navigation/domain/master_navigation_contract.dart:9"
"Bạn muốn diễn đạt ""Ảnh cá nhân"". Personal photos hay Password?","vi-VN","current","ready","assets/audio/CURRICULUM/4b2d6dc76dec62c425cc8d88.vi.v1.mp3","challenge_question","lib/features/listening/presentation/lesson_challenge_screen.dart"
"Bạn muốn diễn đạt ""Áo"". Price hay Shirt?","vi-VN","current","ready","assets/audio/CURRICULUM/0941a36a652b1a83892cdd46.vi.v1.mp3","challenge_question","lib/features/listening/presentation/lesson_challenge_screen.dart"
"Bạn muốn diễn đạt ""Ăn sáng"". Eat breakfast hay Exercise daily?","vi-VN","current","ready","assets/audio/CURRICULUM/a8aeea8dd51f68bf87fb9382.vi.v1.mp3","challenge_question","lib/features/listening/presentation/lesson_challenge_screen.dart"
"Bạn muốn diễn đạt ""Bạn có thể giúp mình không"". Can you help me? hay Please call my Dad?","vi-VN","current","ready","assets/audio/CURRICULUM/8642e3018ab44556269f1afb.vi.v1.mp3","challenge_question","lib/features/listening/presentation/lesson_challenge_screen.dart"
"Bạn muốn diễn đạt ""Bận Chủ nhật"". At the park hay Busy Sunday?","vi-VN","current","ready","assets/audio/CURRICULUM/e281c057da5ac7b85fa11dd5.vi.v1.mp3","challenge_question","lib/features/listening/presentation/lesson_challenge_screen.dart"
"Bạn muốn diễn đạt ""Cái kia rẻ hơn"". I want this one hay That one is cheaper?","vi-VN","current","ready","assets/audio/CURRICULUM/c73c84e15d05af64aee2d1f6.vi.v1.mp3","challenge_question","lib/features/listening/presentation/lesson_challenge_screen.dart"
"Bạn muốn diễn đạt ""Cái này rẻ hơn"". This one is cheaper hay I like this one?","vi-VN","current","ready","assets/audio/CURRICULUM/a71551bb3be92091041584c5.vi.v1.mp3","challenge_question","lib/features/listening/presentation/lesson_challenge_screen.dart"
"Bạn muốn diễn đạt ""Cải thiện tiếng Anh"". Read more books hay Improve my English?","vi-VN","current","ready","assets/audio/CURRICULUM/070305d141591d5e238592a3.vi.v1.mp3","challenge_question","lib/features/listening/presentation/lesson_challenge_screen.dart"
"Bạn muốn diễn đạt ""Cất điện thoại đi"". Put your phone away hay What should I do?","vi-VN","current","ready","assets/audio/CURRICULUM/40636ae3357a82a561267711.vi.v1.mp3","challenge_question","lib/features/listening/presentation/lesson_challenge_screen.dart"
"Bạn muốn diễn đạt ""Chặn người dùng lạ"". Block unknown users hay Keep passwords private?","vi-VN","current","ready","assets/audio/CURRICULUM/cd9a987aeed87ced613b3098.vi.v1.mp3","challenge_question","lib/features/listening/presentation/lesson_challenge_screen.dart"
"Bạn muốn diễn đạt ""Cho mình mượn sạc nhé"". Please wait here hay A charger, please?","vi-VN","current","ready","assets/audio/CURRICULUM/545b33a5f86a39e8e0c1f4db.vi.v1.mp3","challenge_question","lib/features/listening/presentation/lesson_challenge_screen.dart"
"Bạn muốn diễn đạt ""Chơi thể thao"". Play sports hay Help at home?","vi-VN","current","ready","assets/audio/CURRICULUM/d863a695f0b528fcf4f83195.vi.v1.mp3","challenge_question","lib/features/listening/presentation/lesson_challenge_screen.dart"
"Bạn muốn diễn đạt ""Chơi thể thao"". Work in teams hay Play sports?","vi-VN","current","ready","assets/audio/CURRICULUM/5844744713a5b60aa746e94e.vi.v1.mp3","challenge_question","lib/features/listening/presentation/lesson_challenge_screen.dart"
"Bạn muốn diễn đạt ""Đạt điểm tốt hơn"". Get better grades hay Speak more confidently?","vi-VN","current","ready","assets/audio/CURRICULUM/f642e8e8af9c6313f17994bd.vi.v1.mp3","challenge_question","lib/features/listening/presentation/lesson_challenge_screen.dart"
"Bạn muốn diễn đạt ""Đọc sách buổi tối"". Relax on Sunday hay Reading at night?","vi-VN","current","ready","assets/audio/CURRICULUM/6ec8b9db0961a01a51f6b6d7.vi.v1.mp3","challenge_question","lib/features/listening/presentation/lesson_challenge_screen.dart"
"Bạn muốn diễn đạt ""Đọc sách"". Relax hay Read books?","vi-VN","current","ready","assets/audio/CURRICULUM/ad024cbf25ed0db09e7cd68d.vi.v1.mp3","challenge_question","lib/features/listening/presentation/lesson_challenge_screen.dart"
"Bạn muốn diễn đạt ""Đồ uống"". Drink hay Side dish?","vi-VN","current","ready","assets/audio/CURRICULUM/8f2157e0f28b5d9750d25f8e.vi.v1.mp3","challenge_question","lib/features/listening/presentation/lesson_challenge_screen.dart"
"Bạn muốn diễn đạt ""Đường dẫn"". Link hay Photo?","vi-VN","current","ready","assets/audio/CURRICULUM/b9e35590c2506ee6f32e07d1.vi.v1.mp3","challenge_question","lib/features/listening/presentation/lesson_challenge_screen.dart"
"Bạn muốn diễn đạt ""Giá tiền"". Good price hay The price?","vi-VN","current","ready","assets/audio/CURRICULUM/3e5dcf573643c1b0c10095a5.vi.v1.mp3","challenge_question","lib/features/listening/presentation/lesson_challenge_screen.dart"
"Bạn muốn diễn đạt ""Giá"". Expensive hay Price?","vi-VN","current","ready","assets/audio/CURRICULUM/63a5874b367cc5b9eb05ea7f.vi.v1.mp3","challenge_question","lib/features/listening/presentation/lesson_challenge_screen.dart"
"Bạn muốn diễn đạt ""Giải quyết vấn đề"". Solve problems hay Remember words?","vi-VN","current","ready","assets/audio/CURRICULUM/68385763265d732a82305e1e.vi.v1.mp3","challenge_question","lib/features/listening/presentation/lesson_challenge_screen.dart"
"Bạn muốn diễn đạt ""Giày"". Shoes hay Cheap?","vi-VN","current","ready","assets/audio/CURRICULUM/069873732a24072ff30fa518.vi.v1.mp3","challenge_question","lib/features/listening/presentation/lesson_challenge_screen.dart"
"Bạn muốn diễn đạt ""Hóa đơn"". Bill hay Menu?","vi-VN","current","ready","assets/audio/CURRICULUM/454def34614f20f6e1edc8ea.vi.v1.mp3","challenge_question","lib/features/listening/presentation/lesson_challenge_screen.dart"
"Bạn muốn diễn đạt ""Hoàn thành bài sớm hơn"". Finish homework earlier hay Improve my English?","vi-VN","current","ready","assets/audio/CURRICULUM/5f5915259a9df7afe6b3c5e7.vi.v1.mp3","challenge_question","lib/features/listening/presentation/lesson_challenge_screen.dart"
"Bạn muốn diễn đạt ""Hữu ích hơn"". More useful hay Cheaper?","vi-VN","current","ready","assets/audio/CURRICULUM/bb6dc89912a5047218c0b3d2.vi.v1.mp3","challenge_question","lib/features/listening/presentation/lesson_challenge_screen.dart"
"Bạn muốn diễn đạt ""Khởi hành"". Departure hay Ticket?","vi-VN","current","ready","assets/audio/CURRICULUM/ce41c7cb445d38973c2fc693.vi.v1.mp3","challenge_question","lib/features/listening/presentation/lesson_challenge_screen.dart"
"Bạn muốn diễn đạt ""Làm bài sau giờ học"". Reading at night hay Homework after school?","vi-VN","current","ready","assets/audio/CURRICULUM/2d7487d04026bb8ebd437676.vi.v1.mp3","challenge_question","lib/features/listening/presentation/lesson_challenge_screen.dart"
"Bạn muốn diễn đạt ""Làm bài tập"". Read books hay Do homework?","vi-VN","current","ready","assets/audio/CURRICULUM/5298954d8034e5123f4dd36a.vi.v1.mp3","challenge_question","lib/features/listening/presentation/lesson_challenge_screen.dart"
"Bạn muốn diễn đạt ""Lập kế hoạch"". Make a plan hay Take breaks?","vi-VN","current","ready","assets/audio/CURRICULUM/71e1a6eb8debf7a4354de16f.vi.v1.mp3","challenge_question","lib/features/listening/presentation/lesson_challenge_screen.dart"
"Bạn muốn diễn đạt ""Lối ra ở đâu"". Where's the exit? hay One ticket, please?","vi-VN","current","ready","assets/audio/CURRICULUM/e08e7d04e01357f731397434.vi.v1.mp3","challenge_question","lib/features/listening/presentation/lesson_challenge_screen.dart"
"Bạn muốn diễn đạt ""Luyện tiếng Anh"". Check my work hay Practice English?","vi-VN","current","ready","assets/audio/CURRICULUM/72b4a101d4b6d10883fcc3da.vi.v1.mp3","challenge_question","lib/features/listening/presentation/lesson_challenge_screen.dart"
"Bạn muốn diễn đạt ""Mật khẩu"". Message hay Password?","vi-VN","current","ready","assets/audio/CURRICULUM/0519a7f76ea8c78329ec433c.vi.v1.mp3","challenge_question","lib/features/listening/presentation/lesson_challenge_screen.dart"
"Bạn muốn diễn đạt ""Mật khẩu"". Password hay Home address?","vi-VN","current","ready","assets/audio/CURRICULUM/9c7d5a50aa0dac5f95dfd136.vi.v1.mp3","challenge_question","lib/features/listening/presentation/lesson_challenge_screen.dart"
"Bạn muốn diễn đạt ""Mình cần ngủ thêm"". I need more sleep hay I'm tired?","vi-VN","current","ready","assets/audio/CURRICULUM/edb086d3514b75b62cbf2fca.vi.v1.mp3","challenge_question","lib/features/listening/presentation/lesson_challenge_screen.dart"
"Bạn muốn diễn đạt ""Mình làm mất chìa khóa"". I missed the bus hay I lost my key?","vi-VN","current","ready","assets/audio/CURRICULUM/2d75f4f98ee3019aca0c3826.vi.v1.mp3","challenge_question","lib/features/listening/presentation/lesson_challenge_screen.dart"
"Bạn muốn diễn đạt ""Mình lên kế hoạch vào Chủ nhật"". I plan on Sundays hay I study after school?","vi-VN","current","ready","assets/audio/CURRICULUM/352a5ec0107e832958f536fb.vi.v1.mp3","challenge_question","lib/features/listening/presentation/lesson_challenge_screen.dart"
"Bạn muốn diễn đạt ""Mình muốn tiết kiệm tiền"". I want to save money hay I plan to study more?","vi-VN","current","ready","assets/audio/CURRICULUM/db650d94cd1bd7275eabe25b.vi.v1.mp3","challenge_question","lib/features/listening/presentation/lesson_challenge_screen.dart"
"Bạn muốn diễn đạt ""Mình sẽ chọn cái này"". I'll choose this one hay Which one do you prefer?","vi-VN","current","ready","assets/audio/CURRICULUM/31a13bd8a0af76a7e3927687.vi.v1.mp3","challenge_question","lib/features/listening/presentation/lesson_challenge_screen.dart"
"Bạn muốn diễn đạt ""Mình sẽ luyện tập mỗi ngày"". I'll practice every day hay What's your next step?","vi-VN","current","ready","assets/audio/CURRICULUM/87da6fa18e5217238d6a6193.vi.v1.mp3","challenge_question","lib/features/listening/presentation/lesson_challenge_screen.dart"
"Bạn muốn diễn đạt ""Mình sẽ suy nghĩ thêm"". I'll think about it hay Is it worth it?","vi-VN","current","ready","assets/audio/CURRICULUM/55e99c78d885839041532d0b.vi.v1.mp3","challenge_question","lib/features/listening/presentation/lesson_challenge_screen.dart"
"Bạn muốn diễn đạt ""Ngân sách của mình"". My budget hay Too expensive?","vi-VN","current","ready","assets/audio/CURRICULUM/bacf1c43103e39f5d9816b5e.vi.v1.mp3","challenge_question","lib/features/listening/presentation/lesson_challenge_screen.dart"
"Bạn muốn diễn đạt ""Nghe được đó"". Sorry, I'm busy hay Sounds good?","vi-VN","current","ready","assets/audio/CURRICULUM/de3d990818d9da6380730698.vi.v1.mp3","challenge_question","lib/features/listening/presentation/lesson_challenge_screen.dart"
"Bạn muốn diễn đạt ""Ngủ sớm"". Take breaks hay Sleep early?","vi-VN","current","ready","assets/audio/CURRICULUM/beb476710520ed5c61ebff73.vi.v1.mp3","challenge_question","lib/features/listening/presentation/lesson_challenge_screen.dart"
"Bạn muốn diễn đạt ""Nhanh hơn"". Faster hay Safer?","vi-VN","current","ready","assets/audio/CURRICULUM/0e745b05a81358999adada58.vi.v1.mp3","challenge_question","lib/features/listening/presentation/lesson_challenge_screen.dart"
"Bạn muốn diễn đạt ""Nhặt rác"". Plant a tree hay Pick up litter?","vi-VN","current","ready","assets/audio/CURRICULUM/ab222d28e750eb776ecd6f11.vi.v1.mp3","challenge_question","lib/features/listening/presentation/lesson_challenge_screen.dart"
"Bạn muốn diễn đạt ""Nó có đáng không"". Is it worth it? hay It fits my budget?","vi-VN","current","ready","assets/audio/CURRICULUM/7db9b5038461d55209f9f24e.vi.v1.mp3","challenge_question","lib/features/listening/presentation/lesson_challenge_screen.dart"
"Bạn muốn diễn đạt ""Rảnh thứ Bảy"". Free Saturday hay At three?","vi-VN","current","ready","assets/audio/CURRICULUM/6e9f8719f4377da92bdac5e8.vi.v1.mp3","challenge_question","lib/features/listening/presentation/lesson_challenge_screen.dart"
"Bạn muốn diễn đạt ""Rẻ hơn"". Easier hay Cheaper?","vi-VN","current","ready","assets/audio/CURRICULUM/5ebcde3a2d3d26d176a1d44f.vi.v1.mp3","challenge_question","lib/features/listening/presentation/lesson_challenge_screen.dart"
"Bạn muốn diễn đạt ""Tái chế giấy"". Recycle paper hay Walk short distances?","vi-VN","current","ready","assets/audio/CURRICULUM/30eaef0352f6ba71bc440a6e.vi.v1.mp3","challenge_question","lib/features/listening/presentation/lesson_challenge_screen.dart"
"Bạn muốn diễn đạt ""Tái sử dụng túi"". Pick up litter hay Reuse your bag?","vi-VN","current","ready","assets/audio/CURRICULUM/6751474d274211f3c9d2df37.vi.v1.mp3","challenge_question","lib/features/listening/presentation/lesson_challenge_screen.dart"
"Bạn muốn diễn đạt ""Tàu"". Train hay Station?","vi-VN","current","ready","assets/audio/CURRICULUM/f7badb55bdb86c6893694f4f.vi.v1.mp3","challenge_question","lib/features/listening/presentation/lesson_challenge_screen.dart"
"Bạn muốn diễn đạt ""Taxi"". Walk hay Taxi?","vi-VN","current","ready","assets/audio/CURRICULUM/127dd2acd1f2286aea8653ea.vi.v1.mp3","challenge_question","lib/features/listening/presentation/lesson_challenge_screen.dart"
"Bạn muốn diễn đạt ""Tắt đèn"". Turn off the lights hay Use less paper?","vi-VN","current","ready","assets/audio/CURRICULUM/212c44541010e62fc9685968.vi.v1.mp3","challenge_question","lib/features/listening/presentation/lesson_challenge_screen.dart"
"Bạn muốn diễn đạt ""Thể thao vào thứ Bảy"". Sports on Saturday hay Help at home?","vi-VN","current","ready","assets/audio/CURRICULUM/d7f109f781c97428a7a6fc97.vi.v1.mp3","challenge_question","lib/features/listening/presentation/lesson_challenge_screen.dart"
"Bạn muốn diễn đạt ""Thực đơn"". Main dish hay Menu?","vi-VN","current","ready","assets/audio/CURRICULUM/b168a3fc06c659525ffb4d0c.vi.v1.mp3","challenge_question","lib/features/listening/presentation/lesson_challenge_screen.dart"
"Bạn muốn diễn đạt ""Tiếp tục luyện tập"". Keep practicing hay Practice every day?","vi-VN","current","ready","assets/audio/CURRICULUM/3b32aafd91eac8dbd0a15955.vi.v1.mp3","challenge_question","lib/features/listening/presentation/lesson_challenge_screen.dart"
"Bạn muốn diễn đạt ""Tiết kiệm nước"". Close the tap hay Save water?","vi-VN","current","ready","assets/audio/CURRICULUM/26460ed3365cc3f929c1b43c.vi.v1.mp3","challenge_question","lib/features/listening/presentation/lesson_challenge_screen.dart"
"Bạn muốn diễn đạt ""Tiêu tiền"". Spend money hay The price?","vi-VN","current","ready","assets/audio/CURRICULUM/b92016e8df48b7d2eb68fc1d.vi.v1.mp3","challenge_question","lib/features/listening/presentation/lesson_challenge_screen.dart"
"Bạn muốn diễn đạt ""Tin nhắn"". Stranger hay Message?","vi-VN","current","ready","assets/audio/CURRICULUM/56761ec5dc030cfdaa593277.vi.v1.mp3","challenge_question","lib/features/listening/presentation/lesson_challenge_screen.dart"
"Bạn muốn diễn đạt ""Trước giờ học"". Before school hay Before dinner?","vi-VN","current","ready","assets/audio/CURRICULUM/5e7927d8cae25fa6c7efb555.vi.v1.mp3","challenge_question","lib/features/listening/presentation/lesson_challenge_screen.dart"
"Bạn muốn diễn đạt ""Uống nước"". Sleep early hay Drink water?","vi-VN","current","ready","assets/audio/CURRICULUM/7c75d44547f3e7956a6f4ac7.vi.v1.mp3","challenge_question","lib/features/listening/presentation/lesson_challenge_screen.dart"
"Bạn muốn diễn đạt ""Vào cuối tuần"". On weekends hay Before school?","vi-VN","current","ready","assets/audio/CURRICULUM/fedf280fdb237a1653ecdd63.vi.v1.mp3","challenge_question","lib/features/listening/presentation/lesson_challenge_screen.dart"
"Bạn muốn diễn đạt ""Vẽ tốt"". Play sports hay Draw well?","vi-VN","current","ready","assets/audio/CURRICULUM/5255d8b863e1c1d3ad2c8b87.vi.v1.mp3","challenge_question","lib/features/listening/presentation/lesson_challenge_screen.dart"
"Bạn muốn diễn đạt ""Vé"". Platform hay Ticket?","vi-VN","current","ready","assets/audio/CURRICULUM/ec38f689a8ecadbbeffd3004.vi.v1.mp3","challenge_question","lib/features/listening/presentation/lesson_challenge_screen.dart"
"Bạn muốn diễn đạt ""Vì mình thích nó"". Because I enjoy it hay Why?","vi-VN","current","ready","assets/audio/CURRICULUM/ac927e9d3e01124de7e92174.vi.v1.mp3","challenge_question","lib/features/listening/presentation/lesson_challenge_screen.dart"
"Bạn muốn diễn đạt ""Xe buýt"". Taxi hay Bus?","vi-VN","current","ready","assets/audio/CURRICULUM/506b710529eae2fc84c1823c.vi.v1.mp3","challenge_question","lib/features/listening/presentation/lesson_challenge_screen.dart"
"Bạn muốn diễn đạt ""Xe đạp"". Bike hay Train?","vi-VN","current","ready","assets/audio/CURRICULUM/16c891de820c385a2ab2cc48.vi.v1.mp3","challenge_question","lib/features/listening/presentation/lesson_challenge_screen.dart"
"Bạn muốn diễn đạt ""Xem lại ghi chú"". Practice English hay Review notes?","vi-VN","current","ready","assets/audio/CURRICULUM/9888e68a30b42ea9b9cb5cb8.vi.v1.mp3","challenge_question","lib/features/listening/presentation/lesson_challenge_screen.dart"
"Bạn muốn dừng dịch để học theo chủ đề hoặc học bộ từ vựng phải không?","vi-VN","current;catalog_only","ready","assets/audio/MAIN/FB-009-1.vi.v1.mp3","translation_control;assistant_catalog","lib/features/voice_navigation/application/main_speaking_fallback_flow.dart;lib/features/voice_navigation/domain/homi_fallback_catalog.dart"
"Bạn muốn học Bài 2 hay học lại Bài 1?","vi-VN","current","ready","assets/audio/CURRICULUM/d3bb51048e6ebde6be819caa.vi.v1.mp3","completion","lib/features/listening/domain/v4_completion_flow.dart"
"Bạn muốn học Bài 3 hay học lại Bài 2?","vi-VN","current","ready","assets/audio/CURRICULUM/a75879504ed0316295615f93.vi.v1.mp3","completion","lib/features/listening/domain/v4_completion_flow.dart"
"Bạn muốn học bài tiếp theo hay học lại bài này?","vi-VN","audio_catalog_only","ready","assets/audio/MAIN/RUN-140.vi.v1.mp3","audio_not_traced","assets/data/main_assistant_audio.json"
"Bạn muốn học chủ đề khác hay học lại?","vi-VN","audio_catalog_only","ready","assets/audio/MAIN/RUN-141.vi.v1.mp3","audio_not_traced","assets/data/main_assistant_audio.json"
"Bạn muốn học lại chủ đề này không? Nói “có” hoặc “không”.","vi-VN","audio_catalog_only","ready","assets/audio/MAIN/RUN-042.vi.v1.mp3","audio_not_traced","assets/data/main_assistant_audio.json"
"Bạn muốn học lại hay học bài tiếp theo?","vi-VN","audio_catalog_only","ready","assets/audio/MAIN/RUN-043.vi.v1.mp3","audio_not_traced","assets/data/main_assistant_audio.json"
"Bạn muốn học lập trình. I want to learn coding hay I want to join a club?","vi-VN","audio_catalog_only","ready","assets/audio/CURRICULUM/6443465ff890697bbd6efc5f.vi.v1.mp3","audio_not_traced","assets/data/curriculum_audio.json"
"Bạn muốn học Ngôi sao hay Luyện lại?","vi-VN","current","ready","assets/audio/MAIN/RUN-056.vi.v1.mp3","vocabulary_guidance","lib/features/vocabulary/domain/vocabulary_flow_v3.dart"
"Bạn muốn học nội dung khác hay học lại?","vi-VN","current","ready","assets/audio/MAIN/RUN-050.vi.v1.mp3","vocabulary_guidance","lib/features/vocabulary/domain/vocabulary_flow_v3.dart"
"Bạn muốn học nội dung khác hay học tiếp?","vi-VN","current","ready","assets/audio/MAIN/RUN-055.vi.v1.mp3","vocabulary_guidance","lib/features/vocabulary/domain/vocabulary_flow_v3.dart"
"Bạn muốn học phần Ba mẹ đã thêm hay Luyện lại?","vi-VN","current","ready","assets/audio/MAIN/RUN-068.vi.v1.mp3","vocabulary_guidance","lib/features/vocabulary/domain/vocabulary_flow_v3.dart"
"Bạn muốn học phần Ba mẹ đã thêm hay Ngôi sao?","vi-VN","current","ready","assets/audio/MAIN/RUN-061.vi.v1.mp3","vocabulary_guidance","lib/features/vocabulary/domain/vocabulary_flow_v3.dart"
"Bạn muốn học phần Ba mẹ đã thêm, Ngôi sao hay Luyện lại?","vi-VN","current","ready","assets/audio/MAIN/RUN-046.vi.v1.mp3","vocabulary_guidance","lib/features/vocabulary/domain/vocabulary_flow_v3.dart"
"Bạn muốn hỏi giá món đồ này. How much is this? hay Is there a cheaper one?","vi-VN","current","ready","assets/audio/CURRICULUM/1f2e1637aec7ecfcaf4902da.vi.v1.mp3","challenge_question","lib/features/listening/presentation/lesson_challenge_screen.dart"
"Bạn muốn luyện tập lại hay xem bộ sưu tập ngôi sao?","vi-VN","catalog_only","ready","assets/audio/MAIN/AI-029.vi.v1.mp3","assistant_catalog","lib/features/voice_navigation/domain/homi_fallback_catalog.dart"
"Bạn muốn nghe lại, học câu tiếp theo, học câu trước, hay dừng lại?","vi-VN","current;catalog_only","ready","assets/audio/MAIN/AI-005.vi.v1.mp3","main_flow;assistant_catalog","lib/features/voice_navigation/application/main_voice_assistant_flow.dart;lib/features/voice_navigation/domain/homi_fallback_catalog.dart"
"Bạn muốn nghe phần Ba mẹ đã thêm, Luyện lại hay Ngôi sao?","vi-VN","audio_catalog_only","ready","assets/audio/MAIN/RUN-040.vi.v1.mp3","audio_not_traced","assets/data/main_assistant_audio.json"
"Bạn muốn nói 'Anh/em trai của mình.' Hoàn thành câu: My... brother hay sister?","vi-VN","audio_catalog_only","ready","assets/audio/CURRICULUM/032a54270de0cd744366a16b.vi.v1.mp3","audio_not_traced","assets/data/curriculum_audio.json"
"Bạn muốn nói 'Anh/em trai của mình.' Hoàn thành câu: My... sister hay brother?","vi-VN","audio_catalog_only","ready","assets/audio/CURRICULUM/e0bc3f6a3499c706fa64b9d8.vi.v1.mp3","audio_not_traced","assets/data/curriculum_audio.json"
"Bạn muốn nói 'Ba của mình.' Hoàn thành câu: My... dad hay brother?","vi-VN","audio_catalog_only","ready","assets/audio/CURRICULUM/914de2bd4e442908dd06dae8.vi.v1.mp3","audio_not_traced","assets/data/curriculum_audio.json"
"Bạn muốn nói 'Bạn nên ăn sáng.' Hoàn thành câu: You should... eat breakfast hay sleep early?","vi-VN","audio_catalog_only","ready","assets/audio/CURRICULUM/f3b110d93b5e5b1963419fa2.vi.v1.mp3","audio_not_traced","assets/data/curriculum_audio.json"
"Bạn muốn nói 'Bạn nên nghỉ giải lao.' Hoàn thành câu: You should... take breaks hay drink water?","vi-VN","audio_catalog_only","ready","assets/audio/CURRICULUM/44f772a2670313d560ca4578.vi.v1.mp3","audio_not_traced","assets/data/curriculum_audio.json"
"Bạn muốn nói 'Bạn nên ngủ sớm.' Hoàn thành câu: You should... exercise daily hay sleep early?","vi-VN","audio_catalog_only","ready","assets/audio/CURRICULUM/16a8339ac0136be4b2f32a5a.vi.v1.mp3","audio_not_traced","assets/data/curriculum_audio.json"
"Bạn muốn nói 'Bạn nên ngủ sớm.' Hoàn thành câu: You should... sleep early hay exercise daily?","vi-VN","audio_catalog_only","ready","assets/audio/CURRICULUM/f8f9207181d9434819dff451.vi.v1.mp3","audio_not_traced","assets/data/curriculum_audio.json"
"Bạn muốn nói 'Bạn nên uống nước.' Hoàn thành câu: You should... drink water hay eat breakfast?","vi-VN","audio_catalog_only","ready","assets/audio/CURRICULUM/ea63f0c968bd043d548122ac.vi.v1.mp3","audio_not_traced","assets/data/curriculum_audio.json"
"Bạn muốn nói 'Bạn nên uống nước.' Hoàn thành câu: You should... eat breakfast hay drink water?","vi-VN","audio_catalog_only","ready","assets/audio/CURRICULUM/cf79507febc3eaa48a88fa48.vi.v1.mp3","audio_not_traced","assets/data/curriculum_audio.json"
"Bạn muốn nói 'Bạn uống gì không.' Hoàn thành câu: Anything... else hay to drink?","vi-VN","audio_catalog_only","ready","assets/audio/CURRICULUM/0a22ecf7f62a73cc0b90d419.vi.v1.mp3","audio_not_traced","assets/data/curriculum_audio.json"
"Bạn muốn nói 'Biển hiệu hình tam giác.' Hoàn thành câu: Triangle... sign hay sticker?","vi-VN","audio_catalog_only","ready","assets/audio/CURRICULUM/7b6a720227c67c150d44d945.vi.v1.mp3","audio_not_traced","assets/data/curriculum_audio.json"
"Bạn muốn nói 'Buổi trưa.' Hoàn thành câu: At... night hay noon?","vi-VN","audio_catalog_only","ready","assets/audio/CURRICULUM/c86faeff79461bb76b3789b2.vi.v1.mp3","audio_not_traced","assets/data/curriculum_audio.json"
"Bạn muốn nói 'Cái nào nhanh hơn.' Hoàn thành câu: Which is... cheaper hay faster?","vi-VN","audio_catalog_only","ready","assets/audio/CURRICULUM/0de79fd06bd00f7702fb1991.vi.v1.mp3","audio_not_traced","assets/data/curriculum_audio.json"
"Bạn muốn nói 'Cái nào nhanh hơn.' Hoàn thành câu: Which is... faster hay cheaper?","vi-VN","audio_catalog_only","ready","assets/audio/CURRICULUM/fc74ba92562d3b60ad47167e.vi.v1.mp3","audio_not_traced","assets/data/curriculum_audio.json"
"Bạn muốn nói 'Cái này.' Hoàn thành câu: This... one hay one, please?","vi-VN","audio_catalog_only","ready","assets/audio/CURRICULUM/56e76c6d3626ace2ea1fcc91.vi.v1.mp3","audio_not_traced","assets/data/curriculum_audio.json"
"Bạn muốn nói 'Chạm vào đầu.' Hoàn thành câu: Touch your... nose hay head?","vi-VN","audio_catalog_only","ready","assets/audio/CURRICULUM/97af4d99c49cc4c71edaadb0.vi.v1.mp3","audio_not_traced","assets/data/curriculum_audio.json"
"Bạn muốn nói 'Chơi bóng đá.' Hoàn thành câu: Play... chess hay soccer?","vi-VN","audio_catalog_only","ready","assets/audio/CURRICULUM/4bbc4c360b337310f4e96821.vi.v1.mp3","audio_not_traced","assets/data/curriculum_audio.json"
"Bạn muốn nói 'Dùng ít giấy hơn.' Hoàn thành câu: Use... both sides hay less paper?","vi-VN","audio_catalog_only","ready","assets/audio/CURRICULUM/068ad2abeb86a8494ededb5d.vi.v1.mp3","audio_not_traced","assets/data/curriculum_audio.json"
"Bạn muốn nói 'Đi sở thú.' Hoàn thành câu: Go to the... park hay zoo?","vi-VN","audio_catalog_only","ready","assets/audio/CURRICULUM/baf1d3412b53a03902bbbe23.vi.v1.mp3","audio_not_traced","assets/data/curriculum_audio.json"
"Bạn muốn nói 'Đi xe buýt.' Hoàn thành câu: Take... a taxi hay the bus?","vi-VN","audio_catalog_only","ready","assets/audio/CURRICULUM/3793272b98e022b9aabb4f62.vi.v1.mp3","audio_not_traced","assets/data/curriculum_audio.json"
"Bạn muốn nói 'Đó là con chim.' Hoàn thành câu: It's a... bird hay cow?","vi-VN","audio_catalog_only","ready","assets/audio/CURRICULUM/47e73116d24ae45f7156466b.vi.v1.mp3","audio_not_traced","assets/data/curriculum_audio.json"
"Bạn muốn nói 'Đó là con mèo.' Hoàn thành câu: It's a... cat hay dog?","vi-VN","audio_catalog_only","ready","assets/audio/CURRICULUM/bf5ca469f395fcb16374e697.vi.v1.mp3","audio_not_traced","assets/data/curriculum_audio.json"
"Bạn muốn nói 'Đó là con vịt.' Hoàn thành câu: It's a... duck hay cat?","vi-VN","audio_catalog_only","ready","assets/audio/CURRICULUM/e0c12bb163997f3f9198f318.vi.v1.mp3","audio_not_traced","assets/data/curriculum_audio.json"
"Bạn muốn nói 'Đồng hồ tròn.' Hoàn thành câu: Round... ball hay clock?","vi-VN","audio_catalog_only","ready","assets/audio/CURRICULUM/cf6a8a559696da97af837ee1.vi.v1.mp3","audio_not_traced","assets/data/curriculum_audio.json"
"Bạn muốn nói 'Đồng hồ tròn.' Hoàn thành câu: Round... clock hay ball?","vi-VN","audio_catalog_only","ready","assets/audio/CURRICULUM/ce546b16426e6e2f6251b6ed.vi.v1.mp3","audio_not_traced","assets/data/curriculum_audio.json"
"Bạn muốn nói 'Giữ mật khẩu riêng tư.' Hoàn thành câu: Keep... your account private hay passwords private?","vi-VN","audio_catalog_only","ready","assets/audio/CURRICULUM/960c64f9b67b32a8654b534e.vi.v1.mp3","audio_not_traced","assets/data/curriculum_audio.json"
"Bạn muốn nói 'Làm ơn gọi cho ba mình.' Hoàn thành câu: Please... wait here hay call my Dad?","vi-VN","audio_catalog_only","ready","assets/audio/CURRICULUM/fb27bce8373764272218d9f7.vi.v1.mp3","audio_not_traced","assets/data/curriculum_audio.json"
"Bạn muốn nói 'Lúc ba giờ.' Hoàn thành câu: At... the park hay three?","vi-VN","audio_catalog_only","ready","assets/audio/CURRICULUM/0861b23909bd2814c0b8615d.vi.v1.mp3","audio_not_traced","assets/data/curriculum_audio.json"
"Bạn muốn nói 'Luyện tập mỗi ngày.' Hoàn thành câu: Practice... speaking daily hay every day?","vi-VN","audio_catalog_only","ready","assets/audio/CURRICULUM/4e5d0a858e4ffa4c473a4a5b.vi.v1.mp3","audio_not_traced","assets/data/curriculum_audio.json"
"Bạn muốn nói 'Mẹ của mình.' Hoàn thành câu: My... dad hay mom?","vi-VN","audio_catalog_only","ready","assets/audio/CURRICULUM/3982ce302b83de35589792fd.vi.v1.mp3","audio_not_traced","assets/data/curriculum_audio.json"
"Bạn muốn nói 'Mẹ của mình.' Hoàn thành câu: My... mom hay dad?","vi-VN","audio_catalog_only","ready","assets/audio/CURRICULUM/f07c953f66319946d9d61cb1.vi.v1.mp3","audio_not_traced","assets/data/curriculum_audio.json"
"Bạn muốn nói 'Mình buồn.' Hoàn thành câu: I'm... sad hay angry?","vi-VN","audio_catalog_only","ready","assets/audio/CURRICULUM/99b65a2e58867ba86818511f.vi.v1.mp3","audio_not_traced","assets/data/curriculum_audio.json"
"Bạn muốn nói 'Mình căng thẳng.' Hoàn thành câu: I'm... stressed hay worried?","vi-VN","audio_catalog_only","ready","assets/audio/CURRICULUM/b66cb6f4ca7bf31565a1b71b.vi.v1.mp3","audio_not_traced","assets/data/curriculum_audio.json"
"Bạn muốn nói 'Mình có thể chơi bóng đá.' Hoàn thành câu: I can... draw hay play soccer?","vi-VN","audio_catalog_only","ready","assets/audio/CURRICULUM/e660b5a325efddb05355ec67.vi.v1.mp3","audio_not_traced","assets/data/curriculum_audio.json"
"Bạn muốn nói 'Mình có thể chơi bóng đá.' Hoàn thành câu: I can... play soccer hay draw?","vi-VN","audio_catalog_only","ready","assets/audio/CURRICULUM/3322e2d2734be396f6c05600.vi.v1.mp3","audio_not_traced","assets/data/curriculum_audio.json"
"Bạn muốn nói 'Mình có thể chơi cờ.' Hoàn thành câu: I can play... chess hay soccer?","vi-VN","audio_catalog_only","ready","assets/audio/CURRICULUM/519660c1613fe1623c44dc49.vi.v1.mp3","audio_not_traced","assets/data/curriculum_audio.json"
"Bạn muốn nói 'Mình có thể đọc.' Hoàn thành câu: I can... read hay ride a bike?","vi-VN","audio_catalog_only","ready","assets/audio/CURRICULUM/c34083a397e8ee803244c412.vi.v1.mp3","audio_not_traced","assets/data/curriculum_audio.json"
"Bạn muốn nói 'Mình có thể đọc.' Hoàn thành câu: I can... ride a bike hay read?","vi-VN","audio_catalog_only","ready","assets/audio/CURRICULUM/d8663c9a2185cede7a3844fe.vi.v1.mp3","audio_not_traced","assets/data/curriculum_audio.json"
"Bạn muốn nói 'Mình có thể vẽ.' Hoàn thành câu: I can... draw hay read?","vi-VN","audio_catalog_only","ready","assets/audio/CURRICULUM/7e4b6a364439915fa3dc5da5.vi.v1.mp3","audio_not_traced","assets/data/curriculum_audio.json"
"Bạn muốn nói 'Mình cùng ăn nhé.' Hoàn thành câu: Let's... play hay eat?","vi-VN","audio_catalog_only","ready","assets/audio/CURRICULUM/8a608b892f7322529a8e20aa.vi.v1.mp3","audio_not_traced","assets/data/curriculum_audio.json"
"Bạn muốn nói 'Mình đã chơi bóng đá.' Hoàn thành câu: I... played soccer hay watched TV?","vi-VN","audio_catalog_only","ready","assets/audio/CURRICULUM/a3f9f6a6bfb1fa6911dbe009.vi.v1.mp3","audio_not_traced","assets/data/curriculum_audio.json"
"Bạn muốn nói 'Mình đã chơi bóng đá.' Hoàn thành câu: I... watched TV hay played soccer?","vi-VN","audio_catalog_only","ready","assets/audio/CURRICULUM/3833957ec7170a512ab6e2db.vi.v1.mp3","audio_not_traced","assets/data/curriculum_audio.json"
"Bạn muốn nói 'Mình đã thăm bà.' Hoàn thành câu: I... visited Grandma hay lost my pencil?","vi-VN","audio_catalog_only","ready","assets/audio/CURRICULUM/e128480fcec2da6edfb0f8d0.vi.v1.mp3","audio_not_traced","assets/data/curriculum_audio.json"
"Bạn muốn nói 'Mình đã xem TV.' Hoàn thành câu: I... watched TV hay visited Grandma?","vi-VN","audio_catalog_only","ready","assets/audio/CURRICULUM/38f3cab1703aae582746cfa0.vi.v1.mp3","audio_not_traced","assets/data/curriculum_audio.json"
"Bạn muốn nói 'Mình đi bộ đến trường.' Hoàn thành câu: I... walk to school hay take the bus?","vi-VN","audio_catalog_only","ready","assets/audio/CURRICULUM/b6857176e415a85e20ecd37c.vi.v1.mp3","audio_not_traced","assets/data/curriculum_audio.json"
"Bạn muốn nói 'Mình đi taxi.' Hoàn thành câu: I take... the train hay a taxi?","vi-VN","audio_catalog_only","ready","assets/audio/CURRICULUM/ab8377a834af32638db4758e.vi.v1.mp3","audio_not_traced","assets/data/curriculum_audio.json"
"Bạn muốn nói 'Mình đi xe buýt.' Hoàn thành câu: I... ride my bike hay take the bus?","vi-VN","audio_catalog_only","ready","assets/audio/CURRICULUM/c808cb6a7046126f4fc381e5.vi.v1.mp3","audio_not_traced","assets/data/curriculum_audio.json"
"Bạn muốn nói 'Mình đi xe đạp.' Hoàn thành câu: I... ride my bike hay take a taxi?","vi-VN","audio_catalog_only","ready","assets/audio/CURRICULUM/b224bb526d11072ece611644.vi.v1.mp3","audio_not_traced","assets/data/curriculum_audio.json"
"Bạn muốn nói 'Mình định học nhiều hơn.' Hoàn thành câu: I... want to learn coding hay plan to study more?","vi-VN","audio_catalog_only","ready","assets/audio/CURRICULUM/ce6c0b8e7cef171c2a190ed5.vi.v1.mp3","audio_not_traced","assets/data/curriculum_audio.json"
"Bạn muốn nói 'Mình gặp ở công viên nhé.' Hoàn thành câu: Let's meet at... the park hay three?","vi-VN","audio_catalog_only","ready","assets/audio/CURRICULUM/e9c25fee94cca882ca60d5af.vi.v1.mp3","audio_not_traced","assets/data/curriculum_audio.json"
"Bạn muốn nói 'Mình giỏi giải quyết vấn đề.' Hoàn thành câu: I'm good at... solving problems hay sports?","vi-VN","audio_catalog_only","ready","assets/audio/CURRICULUM/776a2a4409681e797fc48fbf.vi.v1.mp3","audio_not_traced","assets/data/curriculum_audio.json"
"Bạn muốn nói 'Mình giỏi thể thao.' Hoàn thành câu: I'm good at... remembering words hay sports?","vi-VN","audio_catalog_only","ready","assets/audio/CURRICULUM/d1e3e9eea53e9ec2f23ada3e.vi.v1.mp3","audio_not_traced","assets/data/curriculum_audio.json"
"Bạn muốn nói 'Mình giỏi thể thao.' Hoàn thành câu: I'm good at... sports hay remembering words?","vi-VN","audio_catalog_only","ready","assets/audio/CURRICULUM/2d3a42198d757cf273e153d1.vi.v1.mp3","audio_not_traced","assets/data/curriculum_audio.json"
"Bạn muốn nói 'Mình giỏi vẽ.' Hoàn thành câu: I'm good at... drawing hay solving problems?","vi-VN","audio_catalog_only","ready","assets/audio/CURRICULUM/69f955abfc2c713c33440269.vi.v1.mp3","audio_not_traced","assets/data/curriculum_audio.json"
"Bạn muốn nói 'Mình giỏi vẽ.' Hoàn thành câu: I'm good at... solving problems hay drawing?","vi-VN","audio_catalog_only","ready","assets/audio/CURRICULUM/da0092eb15c04ed417fbd29a.vi.v1.mp3","audio_not_traced","assets/data/curriculum_audio.json"
"Bạn muốn nói 'Mình học sau giờ học.' Hoàn thành câu: I... exercise before dinner hay study after school?","vi-VN","audio_catalog_only","ready","assets/audio/CURRICULUM/9f8e6a770314387ae51c12bb.vi.v1.mp3","audio_not_traced","assets/data/curriculum_audio.json"
"Bạn muốn nói 'Mình học sau giờ học.' Hoàn thành câu: I... study after school hay exercise before dinner?","vi-VN","audio_catalog_only","ready","assets/audio/CURRICULUM/3004567a7822aab091039b00.vi.v1.mp3","audio_not_traced","assets/data/curriculum_audio.json"
"Bạn muốn nói 'Mình không tập trung được.' Hoàn thành câu: I... need a break hay can't focus?","vi-VN","audio_catalog_only","ready","assets/audio/CURRICULUM/687c9b4f7492b4c15dcf2cef.vi.v1.mp3","audio_not_traced","assets/data/curriculum_audio.json"
"Bạn muốn nói 'Mình kiểm tra bài làm.' Hoàn thành câu: I... check my work hay review my notes?","vi-VN","audio_catalog_only","ready","assets/audio/CURRICULUM/84ebf98461961ddc2f732579.vi.v1.mp3","audio_not_traced","assets/data/curriculum_audio.json"
"Bạn muốn nói 'Mình làm mất chìa khóa.' Hoàn thành câu: I... forgot my homework hay lost my key?","vi-VN","audio_catalog_only","ready","assets/audio/CURRICULUM/5a2b569eee968ed6ac4cfb13.vi.v1.mp3","audio_not_traced","assets/data/curriculum_audio.json"
"Bạn muốn nói 'Mình lập kế hoạch học.' Hoàn thành câu: I... make a study plan hay practice English daily?","vi-VN","audio_catalog_only","ready","assets/audio/CURRICULUM/271fd1e240e7652117632f87.vi.v1.mp3","audio_not_traced","assets/data/curriculum_audio.json"
"Bạn muốn nói 'Mình lên kế hoạch vào Chủ nhật.' Hoàn thành câu: I... plan on Sundays hay study after school?","vi-VN","audio_catalog_only","ready","assets/audio/CURRICULUM/08283378297741846e40559e.vi.v1.mp3","audio_not_traced","assets/data/curriculum_audio.json"
"Bạn muốn nói 'Mình luyện tiếng Anh mỗi ngày.' Hoàn thành câu: I... practice English daily hay take short breaks?","vi-VN","audio_catalog_only","ready","assets/audio/CURRICULUM/307ebbab92e5be339d2a0c90.vi.v1.mp3","audio_not_traced","assets/data/curriculum_audio.json"
"Bạn muốn nói 'Mình mệt.' Hoàn thành câu: I'm... stressed hay tired?","vi-VN","audio_catalog_only","ready","assets/audio/CURRICULUM/9ff4375202727fc14518e576.vi.v1.mp3","audio_not_traced","assets/data/curriculum_audio.json"
"Bạn muốn nói 'Mình muốn học lập trình.' Hoàn thành câu: I want to... learn coding hay join a club?","vi-VN","audio_catalog_only","ready","assets/audio/CURRICULUM/ec36d68fdee6e9eecf5089d7.vi.v1.mp3","audio_not_traced","assets/data/curriculum_audio.json"
"Bạn muốn nói 'Mình muốn tham gia câu lạc bộ.' Hoàn thành câu: I want to... save money hay join a club?","vi-VN","audio_catalog_only","ready","assets/audio/CURRICULUM/c904ba99088ead91cb5db5fe.vi.v1.mp3","audio_not_traced","assets/data/curriculum_audio.json"
"Bạn muốn nói 'Mình nghĩ nó hữu ích.' Hoàn thành câu: I... prefer this one hay think it's useful?","vi-VN","audio_catalog_only","ready","assets/audio/CURRICULUM/27e134b38ddf2034ff9a5500.vi.v1.mp3","audio_not_traced","assets/data/curriculum_audio.json"
"Bạn muốn nói 'Mình nghĩ nó hữu ích.' Hoàn thành câu: I... think it's useful hay prefer this one?","vi-VN","audio_catalog_only","ready","assets/audio/CURRICULUM/8012304b1b0f0b2cdb362d6f.vi.v1.mp3","audio_not_traced","assets/data/curriculum_audio.json"
"Bạn muốn nói 'Mình quên bài tập.' Hoàn thành câu: I... forgot my homework hay missed the bus?","vi-VN","audio_catalog_only","ready","assets/audio/CURRICULUM/3863d9e38153ee198e7edb5d.vi.v1.mp3","audio_not_traced","assets/data/curriculum_audio.json"
"Bạn muốn nói 'Mình sẽ bắt đầu tuần này.' Hoàn thành câu: I'll... make a plan hay start this week?","vi-VN","audio_catalog_only","ready","assets/audio/CURRICULUM/b9d45593c9e4371fe1212f96.vi.v1.mp3","audio_not_traced","assets/data/curriculum_audio.json"
"Bạn muốn nói 'Mình sẽ tiết kiệm tiền.' Hoàn thành câu: I'll... think about it hay save my money?","vi-VN","audio_catalog_only","ready","assets/audio/CURRICULUM/c0ffcd8b4ca7f072d6dabb96.vi.v1.mp3","audio_not_traced","assets/data/curriculum_audio.json"
"Bạn muốn nói 'Mình tập thể dục trước bữa tối.' Hoàn thành câu: I... exercise before dinner hay relax in the evening?","vi-VN","audio_catalog_only","ready","assets/audio/CURRICULUM/eb1facbe99d9db733a3e6532.vi.v1.mp3","audio_not_traced","assets/data/curriculum_audio.json"
"Bạn muốn nói 'Mình thích cái này.' Hoàn thành câu: I... like this one hay want this one?","vi-VN","audio_catalog_only","ready","assets/audio/CURRICULUM/75a803811959f8cc22eb5d12.vi.v1.mp3","audio_not_traced","assets/data/curriculum_audio.json"
"Bạn muốn nói 'Mình thích cái này.' Hoàn thành câu: I... want this one hay like this one?","vi-VN","audio_catalog_only","ready","assets/audio/CURRICULUM/d1d2da3d60c5475edf4957ed.vi.v1.mp3","audio_not_traced","assets/data/curriculum_audio.json"
"Bạn muốn nói 'Mình thích táo.' Hoàn thành câu: I... don't like bananas hay like apples?","vi-VN","audio_catalog_only","ready","assets/audio/CURRICULUM/1e665e1f0428611decaa2fac.vi.v1.mp3","audio_not_traced","assets/data/curriculum_audio.json"
"Bạn muốn nói 'Mình thích táo.' Hoàn thành câu: I... like apples hay don't like bananas?","vi-VN","audio_catalog_only","ready","assets/audio/CURRICULUM/aab99136b9a8eb2cd0358dea.vi.v1.mp3","audio_not_traced","assets/data/curriculum_audio.json"
"Bạn muốn nói 'Mình thư giãn buổi tối.' Hoàn thành câu: I... read at night hay relax in the evening?","vi-VN","audio_catalog_only","ready","assets/audio/CURRICULUM/ae33f488fd65778138e0f396.vi.v1.mp3","audio_not_traced","assets/data/curriculum_audio.json"
"Bạn muốn nói 'Mình thư giãn buổi tối.' Hoàn thành câu: I... relax in the evening hay read at night?","vi-VN","audio_catalog_only","ready","assets/audio/CURRICULUM/c00587e63febce7a9ba2a8fd.vi.v1.mp3","audio_not_traced","assets/data/curriculum_audio.json"
"Bạn muốn nói 'Mình tức giận.' Hoàn thành câu: I'm... tired hay angry?","vi-VN","audio_catalog_only","ready","assets/audio/CURRICULUM/389c64931561b92a621699d1.vi.v1.mp3","audio_not_traced","assets/data/curriculum_audio.json"
"Bạn muốn nói 'Mình vui.' Hoàn thành câu: I'm... sad hay happy?","vi-VN","audio_catalog_only","ready","assets/audio/CURRICULUM/8fd00fde0414c9812b0aa713.vi.v1.mp3","audio_not_traced","assets/data/curriculum_audio.json"
"Bạn muốn nói 'Mình xem lại ghi chú.' Hoàn thành câu: I... make a study plan hay review my notes?","vi-VN","audio_catalog_only","ready","assets/audio/CURRICULUM/e2459a0403972899b16c82d3.vi.v1.mp3","audio_not_traced","assets/data/curriculum_audio.json"
"Bạn muốn nói 'Mình xem lại ghi chú.' Hoàn thành câu: I... review my notes hay make a study plan?","vi-VN","audio_catalog_only","ready","assets/audio/CURRICULUM/43d5020b77798c2e1c05ad8b.vi.v1.mp3","audio_not_traced","assets/data/curriculum_audio.json"
"Bạn muốn nói 'Nó là hình ngôi sao.' Hoàn thành câu: It's a... star hay circle?","vi-VN","audio_catalog_only","ready","assets/audio/CURRICULUM/2076c9d24bc97b0f693b2672.vi.v1.mp3","audio_not_traced","assets/data/curriculum_audio.json"
"Bạn muốn nói 'Nó là hình tam giác.' Hoàn thành câu: It's a... triangle hay star?","vi-VN","audio_catalog_only","ready","assets/audio/CURRICULUM/7535fccadcbc97886e835c17.vi.v1.mp3","audio_not_traced","assets/data/curriculum_audio.json"
"Bạn muốn nói 'Nó là hình tròn.' Hoàn thành câu: It's a... circle hay square?","vi-VN","audio_catalog_only","ready","assets/audio/CURRICULUM/53f6d981e5e6667b63e355a8.vi.v1.mp3","audio_not_traced","assets/data/curriculum_audio.json"
"Bạn muốn nói 'Nó là hình vuông.' Hoàn thành câu: It's a... triangle hay square?","vi-VN","audio_catalog_only","ready","assets/audio/CURRICULUM/6a83040dd194e9bfafb44417.vi.v1.mp3","audio_not_traced","assets/data/curriculum_audio.json"
"Bạn muốn nói 'Nó màu đỏ.' Hoàn thành câu: It's... blue hay red?","vi-VN","audio_catalog_only","ready","assets/audio/CURRICULUM/0bd32e80497e85ba78161c14.vi.v1.mp3","audio_not_traced","assets/data/curriculum_audio.json"
"Bạn muốn nói 'Nó màu đỏ.' Hoàn thành câu: It's... red hay blue?","vi-VN","audio_catalog_only","ready","assets/audio/CURRICULUM/7ea8721c6e23947df7ab902c.vi.v1.mp3","audio_not_traced","assets/data/curriculum_audio.json"
"Bạn muốn nói 'Nó màu trắng.' Hoàn thành câu: It's... white hay red?","vi-VN","audio_catalog_only","ready","assets/audio/CURRICULUM/c1393bd796c94cfdab6e83f5.vi.v1.mp3","audio_not_traced","assets/data/curriculum_audio.json"
"Bạn muốn nói 'Nó màu vàng.' Hoàn thành câu: It's... green hay yellow?","vi-VN","audio_catalog_only","ready","assets/audio/CURRICULUM/358ca4fd4f3430b5af0b0768.vi.v1.mp3","audio_not_traced","assets/data/curriculum_audio.json"
"Bạn muốn nói 'Nó màu vàng.' Hoàn thành câu: It's... yellow hay green?","vi-VN","audio_catalog_only","ready","assets/audio/CURRICULUM/27813e220f1463532a29e7be.vi.v1.mp3","audio_not_traced","assets/data/curriculum_audio.json"
"Bạn muốn nói 'Nó màu xanh dương.' Hoàn thành câu: It's... blue hay yellow?","vi-VN","audio_catalog_only","ready","assets/audio/CURRICULUM/310548408177e01f27eab6ae.vi.v1.mp3","audio_not_traced","assets/data/curriculum_audio.json"
"Bạn muốn nói 'Nó rẻ.' Hoàn thành câu: It's... expensive hay cheap?","vi-VN","audio_catalog_only","ready","assets/audio/CURRICULUM/2ba2c68d5f618acb4224b98a.vi.v1.mp3","audio_not_traced","assets/data/curriculum_audio.json"
"Bạn muốn nói 'Ở công viên.' Hoàn thành câu: At the... park hay shop?","vi-VN","audio_catalog_only","ready","assets/audio/CURRICULUM/070e419289f3aad13b9a70aa.vi.v1.mp3","audio_not_traced","assets/data/curriculum_audio.json"
"Bạn muốn nói 'Ở cửa hàng.' Hoàn thành câu: At the... library hay shop?","vi-VN","audio_catalog_only","ready","assets/audio/CURRICULUM/7fbc3d2be2a9d1881a933e03.vi.v1.mp3","audio_not_traced","assets/data/curriculum_audio.json"
"Bạn muốn nói 'Ở cửa hàng.' Hoàn thành câu: At the... shop hay library?","vi-VN","audio_catalog_only","ready","assets/audio/CURRICULUM/38b976db2d92e4c0a4c74856.vi.v1.mp3","audio_not_traced","assets/data/curriculum_audio.json"
"Bạn muốn nói 'Ở trường.' Hoàn thành câu: At... school hay the park?","vi-VN","audio_catalog_only","ready","assets/audio/CURRICULUM/ee9434535f26804ad7c0bc70.vi.v1.mp3","audio_not_traced","assets/data/curriculum_audio.json"
"Bạn muốn nói 'Ở trường.' Hoàn thành câu: At... the park hay school?","vi-VN","audio_catalog_only","ready","assets/audio/CURRICULUM/e2d04a4bf684007f0b45669f.vi.v1.mp3","audio_not_traced","assets/data/curriculum_audio.json"
"Bạn muốn nói 'Rẽ trái.' Hoàn thành câu: Turn... right hay left?","vi-VN","audio_catalog_only","ready","assets/audio/CURRICULUM/0a2fb9edd6a8852354d99b8d.vi.v1.mp3","audio_not_traced","assets/data/curriculum_audio.json"
"Bạn muốn nói 'Rửa tay.' Hoàn thành câu: Wash your... face hay hands?","vi-VN","audio_catalog_only","ready","assets/audio/CURRICULUM/658f02af4e5a23080b452fdc.vi.v1.mp3","audio_not_traced","assets/data/curriculum_audio.json"
"Bạn muốn nói 'Trước giờ học.' Hoàn thành câu: Before... dinner hay school?","vi-VN","audio_catalog_only","ready","assets/audio/CURRICULUM/662f98ced178339137a8d7f8.vi.v1.mp3","audio_not_traced","assets/data/curriculum_audio.json"
"Bạn muốn nói 'Vì nó dễ hơn.' Hoàn thành câu: Because it's... easier hay cheaper?","vi-VN","audio_catalog_only","ready","assets/audio/CURRICULUM/a069ff3b63c9d64b89d56f4c.vi.v1.mp3","audio_not_traced","assets/data/curriculum_audio.json"
"Bạn muốn nói 'Vì nó rẻ hơn.' Hoàn thành câu: Because it's... cheaper hay safer?","vi-VN","audio_catalog_only","ready","assets/audio/CURRICULUM/ab007d128456794190b2f989.vi.v1.mp3","audio_not_traced","assets/data/curriculum_audio.json"
"Bạn muốn nói 'Vì nó rẻ hơn.' Hoàn thành câu: Because it's... faster hay cheaper?","vi-VN","audio_catalog_only","ready","assets/audio/CURRICULUM/1dc1088260ae0069ee88d09f.vi.v1.mp3","audio_not_traced","assets/data/curriculum_audio.json"
"Bạn muốn nói 'Vị trí của mình.' Hoàn thành câu: My... account hay location?","vi-VN","audio_catalog_only","ready","assets/audio/CURRICULUM/ef4d2d07e2600137128439bd.vi.v1.mp3","audio_not_traced","assets/data/curriculum_audio.json"
"Bạn muốn nói ""Anh/em trai"". Family hay Brother?","vi-VN","audio_catalog_only","ready","assets/audio/CURRICULUM/3d0a76cfd7f1e86767635fd5.vi.v1.mp3","audio_not_traced","assets/data/curriculum_audio.json"
"Bạn muốn nói ""Áo khoác"". Hat hay Jacket?","vi-VN","audio_catalog_only","ready","assets/audio/CURRICULUM/d8c587c4656699b482476324.vi.v1.mp3","audio_not_traced","assets/data/curriculum_audio.json"
"Bạn muốn nói ""Áo mưa"". Raincoat hay T-shirt?","vi-VN","audio_catalog_only","ready","assets/audio/CURRICULUM/29199970177dcc214faa9c13.vi.v1.mp3","audio_not_traced","assets/data/curriculum_audio.json"
"Bạn muốn nói ""Áo thun"". T-shirt hay Raincoat?","vi-VN","audio_catalog_only","ready","assets/audio/CURRICULUM/96640579ac30649e77d760d4.vi.v1.mp3","audio_not_traced","assets/data/curriculum_audio.json"
"Bạn muốn nói ""Ăn"". Bath hay Eat?","vi-VN","audio_catalog_only","ready","assets/audio/CURRICULUM/d154b4d968f4e73577585cf5.vi.v1.mp3","audio_not_traced","assets/data/curriculum_audio.json"
"Bạn muốn nói ""Ba cây bút chì"". Three pencils hay Ten crayons?","vi-VN","audio_catalog_only","ready","assets/audio/CURRICULUM/408fbbb9e76c89374a5d76a7.vi.v1.mp3","audio_not_traced","assets/data/curriculum_audio.json"
"Bạn muốn nói ""Ba"". Dad hay Sister?","vi-VN","audio_catalog_only","ready","assets/audio/CURRICULUM/30121227d47529b76649a000.vi.v1.mp3","audio_not_traced","assets/data/curriculum_audio.json"
"Bạn muốn nói ""Bàn học"". Hand hay Desk?","vi-VN","audio_catalog_only","ready","assets/audio/CURRICULUM/5d98b787116b40c94ce0caca.vi.v1.mp3","audio_not_traced","assets/data/curriculum_audio.json"
"Bạn muốn nói ""Bóng đá"". Cartoons hay Soccer?","vi-VN","audio_catalog_only","ready","assets/audio/CURRICULUM/4832f2bcf01ddbd512b1e68b.vi.v1.mp3","audio_not_traced","assets/data/curriculum_audio.json"
"Bạn muốn nói ""Bút chì xanh lá"". Black shoes hay Green pencil?","vi-VN","audio_catalog_only","ready","assets/audio/CURRICULUM/218356a8afc196e304f454ef.vi.v1.mp3","audio_not_traced","assets/data/curriculum_audio.json"
"Bạn muốn nói ""Bút chì"". Pencil hay Teacher?","vi-VN","audio_catalog_only","ready","assets/audio/CURRICULUM/d4b52e94ee4050de4d7f1eda.vi.v1.mp3","audio_not_traced","assets/data/curriculum_audio.json"
"Bạn muốn nói ""Cá có thể bơi"". Fish can swim hay Rabbits can jump?","vi-VN","audio_catalog_only","ready","assets/audio/CURRICULUM/92768bef50afbac140a4c314.vi.v1.mp3","audio_not_traced","assets/data/curriculum_audio.json"
"Bạn muốn nói ""Cái mũ"". Jacket hay Hat?","vi-VN","audio_catalog_only","ready","assets/audio/CURRICULUM/b6513b8843620a5d2478ace4.vi.v1.mp3","audio_not_traced","assets/data/curriculum_audio.json"
"Bạn muốn nói ""Chạm vào đầu"". Touch your head hay Raise your hands?","vi-VN","audio_catalog_only","ready","assets/audio/CURRICULUM/d66540793ca39ac24139ddb8.vi.v1.mp3","audio_not_traced","assets/data/curriculum_audio.json"
"Bạn muốn nói ""Chạm vào đầu"". Touch your head hay Touch your nose?","vi-VN","audio_catalog_only","ready","assets/audio/CURRICULUM/643ef9f333479a0d55871c76.vi.v1.mp3","audio_not_traced","assets/data/curriculum_audio.json"
"Bạn muốn nói ""Chim có thể bay"". Monkeys can climb hay Birds can fly?","vi-VN","audio_catalog_only","ready","assets/audio/CURRICULUM/4c18551cffbb12deff89aa7a.vi.v1.mp3","audio_not_traced","assets/data/curriculum_audio.json"
"Bạn muốn nói ""Cho mình chuối nhé"". Banana, please hay Milk, please?","vi-VN","audio_catalog_only","ready","assets/audio/CURRICULUM/173b5ffc147593b6ae9adb81.vi.v1.mp3","audio_not_traced","assets/data/curriculum_audio.json"
"Bạn muốn nói ""Cho mình cơm nhé"". Water, please hay Rice, please?","vi-VN","audio_catalog_only","ready","assets/audio/CURRICULUM/7b87acbf1f42fbc524c6c93b.vi.v1.mp3","audio_not_traced","assets/data/curriculum_audio.json"
"Bạn muốn nói ""Cho mình táo nhé"". Rice, please hay Apple, please?","vi-VN","audio_catalog_only","ready","assets/audio/CURRICULUM/7b64b646bb7d135bc1729d7e.vi.v1.mp3","audio_not_traced","assets/data/curriculum_audio.json"
"Bạn muốn nói ""Chơi bóng đá"". Watch cartoons hay Play soccer?","vi-VN","audio_catalog_only","ready","assets/audio/CURRICULUM/0bed50bb237a9fab741cdde4.vi.v1.mp3","audio_not_traced","assets/data/curriculum_audio.json"
"Bạn muốn nói ""Chơi cùng mình nhé"". Play with me hay Yes, let's play?","vi-VN","audio_catalog_only","ready","assets/audio/CURRICULUM/5dd4fcb74141cb2383534c70.vi.v1.mp3","audio_not_traced","assets/data/curriculum_audio.json"
"Bạn muốn nói ""Chuối"". Bananas hay Rice?","vi-VN","audio_catalog_only","ready","assets/audio/CURRICULUM/a85c6c15a3d20fb8e444b8cf.vi.v1.mp3","audio_not_traced","assets/data/curriculum_audio.json"
"Bạn muốn nói ""Công viên"". Park hay Library?","vi-VN","audio_catalog_only","ready","assets/audio/CURRICULUM/ea317bf7c29c12f351855895.vi.v1.mp3","audio_not_traced","assets/data/curriculum_audio.json"
"Bạn muốn nói ""Cơm"". Water hay Rice?","vi-VN","audio_catalog_only","ready","assets/audio/CURRICULUM/5f87a5c130d2c81532ede1b0.vi.v1.mp3","audio_not_traced","assets/data/curriculum_audio.json"
"Bạn muốn nói ""Cửa hàng"". Playground hay Shop?","vi-VN","audio_catalog_only","ready","assets/audio/CURRICULUM/6771c90cca6800d5ead987b5.vi.v1.mp3","audio_not_traced","assets/data/curriculum_audio.json"
"Bạn muốn nói ""Đánh răng"". Take a bath hay Brush your teeth?","vi-VN","audio_catalog_only","ready","assets/audio/CURRICULUM/21c4140b11ebcd8d1d9eb234.vi.v1.mp3","audio_not_traced","assets/data/curriculum_audio.json"
"Bạn muốn nói ""Đầu"". Nose hay Head?","vi-VN","audio_catalog_only","ready","assets/audio/CURRICULUM/c21e745b5ccc6f1a73ee0e21.vi.v1.mp3","audio_not_traced","assets/data/curriculum_audio.json"
"Bạn muốn nói ""Đi cùng mình nhé"". No, thank you hay Come with me?","vi-VN","audio_catalog_only","ready","assets/audio/CURRICULUM/fafdcc200e6abddc1af9ce5d.vi.v1.mp3","audio_not_traced","assets/data/curriculum_audio.json"
"Bạn muốn nói ""Đi xe đạp"". Ride a bike hay Read books?","vi-VN","audio_catalog_only","ready","assets/audio/CURRICULUM/d53e07851332949d0b5baa43.vi.v1.mp3","audio_not_traced","assets/data/curriculum_audio.json"
"Bạn muốn nói ""Đỏ"". Yellow hay Red?","vi-VN","audio_catalog_only","ready","assets/audio/CURRICULUM/228d3f135a84c11a87412b98.vi.v1.mp3","audio_not_traced","assets/data/curriculum_audio.json"
"Bạn muốn nói ""Đồng hồ tròn"". Round clock hay Square box?","vi-VN","audio_catalog_only","ready","assets/audio/CURRICULUM/4a671b423e751f10c4517892.vi.v1.mp3","audio_not_traced","assets/data/curriculum_audio.json"
"Bạn muốn nói ""Hai quyển sách"". Five apples hay Two books?","vi-VN","audio_catalog_only","ready","assets/audio/CURRICULUM/b1db3b1588a3694e9dc5b066.vi.v1.mp3","audio_not_traced","assets/data/curriculum_audio.json"
"Bạn muốn nói ""Hai"". Four hay Two?","vi-VN","audio_catalog_only","ready","assets/audio/CURRICULUM/83ad3b50d15db85dc0186742.vi.v1.mp3","audio_not_traced","assets/data/curriculum_audio.json"
"Bạn muốn nói ""Hình ngôi sao"". Square hay Star?","vi-VN","audio_catalog_only","ready","assets/audio/CURRICULUM/6acabc7c45bd1cdd6acadd0a.vi.v1.mp3","audio_not_traced","assets/data/curriculum_audio.json"
"Bạn muốn nói ""Hình tam giác"". Triangle hay Circle?","vi-VN","audio_catalog_only","ready","assets/audio/CURRICULUM/cbdcbaf154deade602039be5.vi.v1.mp3","audio_not_traced","assets/data/curriculum_audio.json"
"Bạn muốn nói ""Hình tròn"". Circle hay Triangle?","vi-VN","audio_catalog_only","ready","assets/audio/CURRICULUM/95aefe09671032c3c9fdd1e2.vi.v1.mp3","audio_not_traced","assets/data/curriculum_audio.json"
"Bạn muốn nói ""Hình vuông"". Star hay Square?","vi-VN","audio_catalog_only","ready","assets/audio/CURRICULUM/cbf4fdf94248815ba780c5ae.vi.v1.mp3","audio_not_traced","assets/data/curriculum_audio.json"
"Bạn muốn nói ""Hoạt hình"". Park hay Cartoons?","vi-VN","audio_catalog_only","ready","assets/audio/CURRICULUM/98d88a04d7e923903905fd93.vi.v1.mp3","audio_not_traced","assets/data/curriculum_audio.json"
"Bạn muốn nói ""Khỉ có thể leo trèo"". Elephants can walk hay Monkeys can climb?","vi-VN","audio_catalog_only","ready","assets/audio/CURRICULUM/6374202f74d0afbd1a61f154.vi.v1.mp3","audio_not_traced","assets/data/curriculum_audio.json"
"Bạn muốn nói ""Lấy bút chì"". Take your pencil hay Listen, please?","vi-VN","audio_catalog_only","ready","assets/audio/CURRICULUM/7a339fea2f9524455879692e.vi.v1.mp3","audio_not_traced","assets/data/curriculum_audio.json"
"Bạn muốn nói ""Lượt của bạn"". Thank you hay Your turn?","vi-VN","audio_catalog_only","ready","assets/audio/CURRICULUM/eec2e5669601bdc746e1cbf2.vi.v1.mp3","audio_not_traced","assets/data/curriculum_audio.json"
"Bạn muốn nói ""Lượt của mình"". My turn hay Here you go?","vi-VN","audio_catalog_only","ready","assets/audio/CURRICULUM/338900485bc7e75a6cbb0757.vi.v1.mp3","audio_not_traced","assets/data/curriculum_audio.json"
"Bạn muốn nói ""Mắt"". Eyes hay Hands?","vi-VN","audio_catalog_only","ready","assets/audio/CURRICULUM/377306e042ce2710a4dde891.vi.v1.mp3","audio_not_traced","assets/data/curriculum_audio.json"
"Bạn muốn nói ""Mẹ"". Brother hay Mom?","vi-VN","audio_catalog_only","ready","assets/audio/CURRICULUM/9e3709a074b92d164e0a0da5.vi.v1.mp3","audio_not_traced","assets/data/curriculum_audio.json"
"Bạn muốn nói ""Mì"". Milk hay Noodles?","vi-VN","audio_catalog_only","ready","assets/audio/CURRICULUM/fab9c266af88ecbf55710527.vi.v1.mp3","audio_not_traced","assets/data/curriculum_audio.json"
"Bạn muốn nói ""Mình cùng ăn nhé"". Bath time hay Let's eat?","vi-VN","audio_catalog_only","ready","assets/audio/CURRICULUM/d4dcdd88e3e4489c63b88389.vi.v1.mp3","audio_not_traced","assets/data/curriculum_audio.json"
"Bạn muốn nói ""Mình cùng chơi nhé"". Come with me hay Let's play?","vi-VN","audio_catalog_only","ready","assets/audio/CURRICULUM/9a19f89a0666a500cc073bfb.vi.v1.mp3","audio_not_traced","assets/data/curriculum_audio.json"
"Bạn muốn nói ""Một tiếng vỗ tay"". Three claps hay One clap?","vi-VN","audio_catalog_only","ready","assets/audio/CURRICULUM/3bc22353e901856a7f4f6c4b.vi.v1.mp3","audio_not_traced","assets/data/curriculum_audio.json"
"Bạn muốn nói ""Một"". One hay Three?","vi-VN","audio_catalog_only","ready","assets/audio/CURRICULUM/d0a1c833e89429fb97e3ec5c.vi.v1.mp3","audio_not_traced","assets/data/curriculum_audio.json"
"Bạn muốn nói ""Mở miệng"". Bend your knees hay Open your mouth?","vi-VN","audio_catalog_only","ready","assets/audio/CURRICULUM/781a603bbc1784b0cb768107.vi.v1.mp3","audio_not_traced","assets/data/curriculum_audio.json"
"Bạn muốn nói ""Mở sách ra"". Sit down hay Open your book?","vi-VN","audio_catalog_only","ready","assets/audio/CURRICULUM/58f7c82ca0f97ce65c1e91dd.vi.v1.mp3","audio_not_traced","assets/data/curriculum_audio.json"
"Bạn muốn nói ""Mũi"". Feet hay Nose?","vi-VN","audio_catalog_only","ready","assets/audio/CURRICULUM/3e60860a6e41730232adde78.vi.v1.mp3","audio_not_traced","assets/data/curriculum_audio.json"
"Bạn muốn nói ""Mười hai"". Fourteen hay Twelve?","vi-VN","audio_catalog_only","ready","assets/audio/CURRICULUM/9f67ad203f4fac272b2cf773.vi.v1.mp3","audio_not_traced","assets/data/curriculum_audio.json"
"Bạn muốn nói ""Mười một"". Eleven hay Thirteen?","vi-VN","audio_catalog_only","ready","assets/audio/CURRICULUM/13340ab92d0184653c31b091.vi.v1.mp3","audio_not_traced","assets/data/curriculum_audio.json"
"Bạn muốn nói ""Năm quả táo"". Twenty stars hay Five apples?","vi-VN","audio_catalog_only","ready","assets/audio/CURRICULUM/63162534f01e11a9739b2217.vi.v1.mp3","audio_not_traced","assets/data/curriculum_audio.json"
"Bạn muốn nói ""Ngồi xuống"". Raise your hand hay Sit down?","vi-VN","audio_catalog_only","ready","assets/audio/CURRICULUM/42fb5a89d9bbb527adcf3647.vi.v1.mp3","audio_not_traced","assets/data/curriculum_audio.json"
"Bạn muốn nói ""Nhắm mắt lại"". Clap your hands hay Close your eyes?","vi-VN","audio_catalog_only","ready","assets/audio/CURRICULUM/a69feb3ea831a8555862d0d4.vi.v1.mp3","audio_not_traced","assets/data/curriculum_audio.json"
"Bạn muốn nói ""Nó là hình tròn"". It's a triangle hay It's a circle?","vi-VN","audio_catalog_only","ready","assets/audio/CURRICULUM/a66851cbbdb6be24c5257208.vi.v1.mp3","audio_not_traced","assets/data/curriculum_audio.json"
"Bạn muốn nói ""Nóng"". Sunny hay Hot?","vi-VN","audio_catalog_only","ready","assets/audio/CURRICULUM/e0b62e36aebbcd5ab0bd31c1.vi.v1.mp3","audio_not_traced","assets/data/curriculum_audio.json"
"Bạn muốn nói ""Quả chuối"". Banana hay Milk?","vi-VN","audio_catalog_only","ready","assets/audio/CURRICULUM/b399bbfdfc2dfbc1d5bc5f16.vi.v1.mp3","audio_not_traced","assets/data/curriculum_audio.json"
"Bạn muốn nói ""Quả táo"". Rice hay Apple?","vi-VN","audio_catalog_only","ready","assets/audio/CURRICULUM/30b70b26b76abb8d4723e989.vi.v1.mp3","audio_not_traced","assets/data/curriculum_audio.json"
"Bạn muốn nói ""Rửa tay"". Wash your hands hay Wash your face?","vi-VN","audio_catalog_only","ready","assets/audio/CURRICULUM/178eb415d669f2ade0dcb9e0.vi.v1.mp3","audio_not_traced","assets/data/curriculum_audio.json"
"Bạn muốn nói ""Sách xanh dương"". Blue book hay Yellow cup?","vi-VN","audio_catalog_only","ready","assets/audio/CURRICULUM/60ff4c9da90fa69b2530de13.vi.v1.mp3","audio_not_traced","assets/data/curriculum_audio.json"
"Bạn muốn nói ""Sách"". Desk hay Book?","vi-VN","audio_catalog_only","ready","assets/audio/CURRICULUM/3da18bb6cd8bb2dcc8e522b8.vi.v1.mp3","audio_not_traced","assets/data/curriculum_audio.json"
"Bạn muốn nói ""Táo"". Noodles hay Apples?","vi-VN","audio_catalog_only","ready","assets/audio/CURRICULUM/4d0ccb30bf98dd3fee062d7e.vi.v1.mp3","audio_not_traced","assets/data/curriculum_audio.json"
"Bạn muốn nói ""Thức dậy nào"". Wake up hay Let's play?","vi-VN","audio_catalog_only","ready","assets/audio/CURRICULUM/c3dcffdaf3819f38b63840b7.vi.v1.mp3","audio_not_traced","assets/data/curriculum_audio.json"
"Bạn muốn nói ""Thức dậy"". Wake up hay Play?","vi-VN","audio_catalog_only","ready","assets/audio/CURRICULUM/61b4ca19c0acca53ab1580b6.vi.v1.mp3","audio_not_traced","assets/data/curriculum_audio.json"
"Bạn muốn nói ""Trời mưa"". Rainy hay Cold?","vi-VN","audio_catalog_only","ready","assets/audio/CURRICULUM/4d1ed209bf1275b160be182a.vi.v1.mp3","audio_not_traced","assets/data/curriculum_audio.json"
"Bạn muốn nói ""Trời nắng"". Hot hay Sunny?","vi-VN","audio_catalog_only","ready","assets/audio/CURRICULUM/0332db3cee1786197697c491.vi.v1.mp3","audio_not_traced","assets/data/curriculum_audio.json"
"Bạn muốn nói ""Trường học"". Shop hay School?","vi-VN","audio_catalog_only","ready","assets/audio/CURRICULUM/572f2b6306dd440f6625e119.vi.v1.mp3","audio_not_traced","assets/data/curriculum_audio.json"
"Bạn muốn nói ""Túi đỏ"". Green pencil hay Red bag?","vi-VN","audio_catalog_only","ready","assets/audio/CURRICULUM/cfa8f47d21f183c52f900659.vi.v1.mp3","audio_not_traced","assets/data/curriculum_audio.json"
"Bạn muốn nói ""Xanh dương"". Blue hay Green?","vi-VN","audio_catalog_only","ready","assets/audio/CURRICULUM/9f2e47ce0f930116cbf07d8d.vi.v1.mp3","audio_not_traced","assets/data/curriculum_audio.json"
"Bạn muốn nói ""Xe đạp"". Bike hay Books?","vi-VN","audio_catalog_only","ready","assets/audio/CURRICULUM/fa38e6d4b50a432815d7f25c.vi.v1.mp3","audio_not_traced","assets/data/curriculum_audio.json"
"Bạn muốn nói ""Xem hoạt hình"". Go to the park hay Watch cartoons?","vi-VN","audio_catalog_only","ready","assets/audio/CURRICULUM/072761c0cbe4460fcd588e3f.vi.v1.mp3","audio_not_traced","assets/data/curriculum_audio.json"
"Bạn muốn nói mình thư giãn vào buổi tối. I relax in the evening hay I read at night?","vi-VN","current","ready","assets/audio/CURRICULUM/48cb1b38681041a4879aade1.vi.v1.mp3","challenge_question","lib/features/listening/presentation/lesson_challenge_screen.dart"
"Bạn muốn tham gia câu lạc bộ. I want to join a club hay I want to learn coding?","vi-VN","current","ready","assets/audio/CURRICULUM/55553bd4c817c4d422d6bc4a.vi.v1.mp3","challenge_question","lib/features/listening/presentation/lesson_challenge_screen.dart"
"Bạn muốn tiếp tục dịch, học Chủ đề hay Bộ từ vựng?","vi-VN","current","ready","assets/audio/MAIN/RUNTIME-TRANSLATION-CONTROL-001.vi.v1.mp3","master_navigation_contract","lib/features/voice_navigation/domain/master_navigation_contract.dart:15"
"Bạn nên ăn sáng: You should sleep early hay You should eat breakfast?","vi-VN","current","ready","assets/audio/CURRICULUM/e8ae5b925ea965e33799a0c0.vi.v1.mp3","challenge_question","lib/features/listening/presentation/lesson_challenge_screen.dart"
"Bạn nên ăn sáng.","vi-VN","current;catalog_only","ready","assets/audio/CURRICULUM/6f71a8ed5d49872a844aa967.vi.v1.mp3","core_vi;challenge_answer_vi","lib/features/listening/presentation/lesson_practice_screen.dart;assets/data/listening_lessons.json"
"Bạn nên nghỉ giải lao: You should take breaks hay You should drink water?","vi-VN","current","ready","assets/audio/CURRICULUM/2cdfd7ad1650693877693697.vi.v1.mp3","challenge_question","lib/features/listening/presentation/lesson_challenge_screen.dart"
"Bạn nên nghỉ giải lao.","vi-VN","current;catalog_only","ready","assets/audio/CURRICULUM/9c43faf763c3f0e72bc4bffd.vi.v1.mp3","core_vi;challenge_answer_vi","lib/features/listening/presentation/lesson_practice_screen.dart;assets/data/listening_lessons.json"
"Bạn nên ngủ sớm: You should sleep early hay You should exercise daily?","vi-VN","current","ready","assets/audio/CURRICULUM/07d50420f63229ad2870b71a.vi.v1.mp3","challenge_question","lib/features/listening/presentation/lesson_challenge_screen.dart"
"Bạn nên ngủ sớm.","vi-VN","current;catalog_only","ready","assets/audio/CURRICULUM/8f197c361c2f58fa32a7b960.vi.v1.mp3","core_vi;challenge_answer_vi","lib/features/listening/presentation/lesson_practice_screen.dart;assets/data/listening_lessons.json"
"Bạn nên uống nước: You should drink water hay You should eat breakfast?","vi-VN","current","ready","assets/audio/CURRICULUM/3c6d63836332a9e9183b9d16.vi.v1.mp3","challenge_question","lib/features/listening/presentation/lesson_challenge_screen.dart"
"Bạn nên uống nước.","vi-VN","current;catalog_only","ready","assets/audio/CURRICULUM/58a747af0ec0994cd310a613.vi.v1.mp3","core_vi;challenge_answer_vi","lib/features/listening/presentation/lesson_practice_screen.dart;assets/data/listening_lessons.json"
"Bạn nên vận động mỗi ngày: You should take breaks hay You should exercise daily?","vi-VN","current","ready","assets/audio/CURRICULUM/39b3d034ce55ad07551b0a7d.vi.v1.mp3","challenge_question","lib/features/listening/presentation/lesson_challenge_screen.dart"
"Bạn nên vận động mỗi ngày.","vi-VN","current;catalog_only","ready","assets/audio/CURRICULUM/7b3e442f8e8057f2acea2b94.vi.v1.mp3","core_vi;challenge_answer_vi","lib/features/listening/presentation/lesson_practice_screen.dart;assets/data/listening_lessons.json"
"Bạn nghĩ sao: What do you think? hay I think it's useful?","vi-VN","current","ready","assets/audio/CURRICULUM/f3b25b315142a55979e9434c.vi.v1.mp3","challenge_question","lib/features/listening/presentation/lesson_challenge_screen.dart"
"Bạn nghĩ sao?","vi-VN","current;catalog_only","ready","assets/audio/CURRICULUM/60a9d89b995181c9550539b4.vi.v1.mp3","core_vi;challenge_answer_vi","lib/features/listening/presentation/lesson_practice_screen.dart;assets/data/listening_lessons.json"
"Bạn nói “có” để học lại hoặc “không” để chọn chủ đề khác.","vi-VN","current;catalog_only","ready","assets/audio/MAIN/FB-007-1.vi.v1.mp3","main_flow;assistant_catalog","lib/features/voice_navigation/application/main_voice_assistant_flow.dart;lib/features/voice_navigation/domain/homi_fallback_catalog.dart"
"Bạn nói “dừng lại” để gọi HOMI nhé.","vi-VN","current;catalog_only","ready","assets/audio/MAIN/FB-009-2.vi.v1.mp3","translation_control;assistant_catalog","lib/features/voice_navigation/application/main_speaking_fallback_flow.dart;lib/features/voice_navigation/domain/homi_fallback_catalog.dart"
"Bạn nói “luyện lại từ đầu” hoặc “bài tiếp theo”.","vi-VN","compatibility;catalog_only","ready","assets/audio/MAIN/FB-010-1.vi.v1.mp3","main_flow;assistant_catalog","lib/features/voice_navigation/application/main_voice_assistant_flow.dart;lib/features/voice_navigation/domain/homi_fallback_catalog.dart"
"Bạn nói “luyện lại” hoặc “ngôi sao”.","vi-VN","catalog_only","ready","assets/audio/MAIN/FB-008-1.vi.v1.mp3","assistant_catalog","lib/features/voice_navigation/domain/homi_fallback_catalog.dart"
"Bạn nói đáp án bằng tiếng Anh nhé.","vi-VN","audio_catalog_only","ready","assets/audio/MAIN/RUN-153.vi.v1.mp3","audio_not_traced","assets/data/main_assistant_audio.json"
"Bạn nói đầy đủ câu nhé.","vi-VN","audio_catalog_only","ready","assets/audio/CURRICULUM/247faadf91437070e32cd579.vi.v1.mp3","audio_not_traced","assets/data/curriculum_audio.json"
"Bạn nói lại lựa chọn đi.","vi-VN","catalog_only","ready","assets/audio/MAIN/AI-050.vi.v1.mp3","assistant_catalog","lib/features/voice_navigation/domain/homi_fallback_catalog.dart"
"Bạn nói lại lựa chọn nha.","vi-VN","catalog_only","ready","assets/audio/MAIN/SIL-008.vi.v1.mp3","assistant_catalog","lib/features/voice_navigation/domain/homi_fallback_catalog.dart"
"Bạn nói lại nhé.","vi-VN","current","ready","assets/audio/MAIN/RUN-125.vi.v1.mp3","core_speak_cue","lib/features/listening/domain/lesson_guide_flow.dart"
"Bạn nói mình luyện tiếng Anh mỗi ngày. I practice English daily hay I review my notes?","vi-VN","current","ready","assets/audio/CURRICULUM/7274f9aeed4bcc85a3baf2a8.vi.v1.mp3","challenge_question","lib/features/listening/presentation/lesson_challenge_screen.dart"
"Bạn nói số bài, ví dụ “bài số 1”.","vi-VN","compatibility;catalog_only","ready","assets/audio/MAIN/FB-005-1.vi.v1.mp3","main_flow;assistant_catalog","lib/features/voice_navigation/application/main_voice_assistant_flow.dart;lib/features/voice_navigation/domain/homi_fallback_catalog.dart"
"Bạn nói số chủ đề, ví dụ “chủ đề số 3”.","vi-VN","current;catalog_only","ready","assets/audio/MAIN/FB-004-1.vi.v1.mp3","main_flow;assistant_catalog","lib/features/voice_navigation/application/main_voice_assistant_flow.dart;lib/features/voice_navigation/domain/homi_fallback_catalog.dart"
"Bạn nói tiếng Anh nhé.","vi-VN","current","ready","assets/audio/MAIN/RUN-129.vi.v1.mp3","core_speak_cue","lib/features/listening/domain/lesson_guide_flow.dart"
"Bạn ổn không: Are you okay? hay I'm sad?","vi-VN","current","ready","assets/audio/CURRICULUM/cc9c7e0ae28f7eca4e2a2aa5.vi.v1.mp3","challenge_question","lib/features/listening/presentation/lesson_challenge_screen.dart"
"Bạn ổn không?","vi-VN","current;catalog_only","ready","assets/audio/CURRICULUM/2399f01ff990b3842633f6d1.vi.v1.mp3","core_vi;challenge_answer_vi","lib/features/listening/presentation/lesson_practice_screen.dart;assets/data/listening_lessons.json"
"Bạn sẵn sàng gọi món chưa: Ready to order? hay I'd like noodles?","vi-VN","current","ready","assets/audio/CURRICULUM/b6089ea147426b4cde7e010a.vi.v1.mp3","challenge_question","lib/features/listening/presentation/lesson_challenge_screen.dart"
"Bạn sẵn sàng gọi món chưa?","vi-VN","current;catalog_only","ready","assets/audio/CURRICULUM/fcca957c55a3333a73d79e50.vi.v1.mp3","core_vi;challenge_answer_vi","lib/features/listening/presentation/lesson_practice_screen.dart;assets/data/listening_lessons.json"
"Bàn tay: Hand hay Book?","vi-VN","current","ready","assets/audio/CURRICULUM/26c3a30a50116810b6ae578c.vi.v1.mp3","challenge_question","lib/features/listening/presentation/lesson_challenge_screen.dart"
"Bàn tay.","vi-VN","current;catalog_only","ready","assets/audio/CURRICULUM/6bc3d63596491a1133878274.vi.v1.mp3","core_vi;challenge_answer_vi","lib/features/listening/presentation/lesson_practice_screen.dart;assets/data/listening_lessons.json"
"Bạn tập trung nhé. Mình quay lại câu đang học nào.","vi-VN","catalog_only","ready","assets/audio/MAIN/AI-054.vi.v1.mp3","assistant_catalog","lib/features/voice_navigation/domain/homi_fallback_catalog.dart"
"Bạn thích cái nào hơn: Which one do you prefer? hay I prefer this one?","vi-VN","current","ready","assets/audio/CURRICULUM/265399006aa7cac00401495a.vi.v1.mp3","challenge_question","lib/features/listening/presentation/lesson_challenge_screen.dart"
"Bạn thích cái nào hơn?","vi-VN","current;catalog_only","ready","assets/audio/CURRICULUM/6d748de69707ffbb483815ef.vi.v1.mp3","core_vi;challenge_answer_vi","lib/features/listening/presentation/lesson_practice_screen.dart;assets/data/listening_lessons.json"
"Bạn thử lại nhé.","vi-VN","current","ready","assets/audio/MAIN/RUN-085.vi.v1.mp3","age_feedback","lib/features/listening/domain/lesson_guide_flow.dart"
"Bạn thử nói nhé.","vi-VN","current","ready","assets/audio/MAIN/RUN-079.vi.v1.mp3","age_feedback;core_speak_cue","lib/features/listening/domain/lesson_guide_flow.dart"
"Bạn thử trả lời nhé.","vi-VN","current","ready","assets/audio/MAIN/RUN-089.vi.v1.mp3","age_feedback","lib/features/listening/domain/lesson_guide_flow.dart"
"Bạn trả lời nhé","vi-VN","current","ready","assets/audio/MAIN/RUNTIME-CHALLENGE-CUE-001.vi.v1.mp3","literal_speech_call","lib/features/listening/presentation/lesson_challenge_screen.dart:317"
"Bạn uống gì không: Anything to drink? hay Water, please?","vi-VN","current","ready","assets/audio/CURRICULUM/33a0705af84cf8c7b9f475e9.vi.v1.mp3","challenge_question","lib/features/listening/presentation/lesson_challenge_screen.dart"
"Bạn uống gì không?","vi-VN","current;catalog_only","ready","assets/audio/CURRICULUM/17580c46eb60547227c15137.vi.v1.mp3","core_vi;challenge_answer_vi","lib/features/listening/presentation/lesson_practice_screen.dart;assets/data/listening_lessons.json"
"Bạn vừa nhận Ngôi sao đầu tiên!","vi-VN","current","ready","assets/audio/MAIN/RUN-144.vi.v1.mp3","literal_speech_call","lib/features/listening/presentation/lesson_practice_screen.dart:1899"
"Banana, please.","en-US","current","ready","assets/audio/CURRICULUM/8a295904292012c1efc415fa.en.v1.mp3","core_en;challenge_answer_en","lib/features/listening/presentation/lesson_practice_screen.dart;lib/features/listening/presentation/lesson_challenge_screen.dart"
"Banana.","en-US","current","ready","assets/audio/CURRICULUM/5b557981de88ef0c052342e9.en.v1.mp3","core_en;challenge_answer_en","lib/features/listening/presentation/lesson_practice_screen.dart;lib/features/listening/presentation/lesson_challenge_screen.dart"
"Bananas.","en-US","current","ready","assets/audio/CURRICULUM/80de09c0cfd563ca106aac99.en.v1.mp3","core_en;challenge_answer_en","lib/features/listening/presentation/lesson_practice_screen.dart;lib/features/listening/presentation/lesson_challenge_screen.dart"
"Bánh ngọt: Cake hay Desk?","vi-VN","current","ready","assets/audio/CURRICULUM/ffe1de741cf00cdcc59fce6c.vi.v1.mp3","challenge_question","lib/features/listening/presentation/lesson_challenge_screen.dart"
"Bánh ngọt.","vi-VN","current;catalog_only","ready","assets/audio/CURRICULUM/23f041578951d78ddaa3bac8.vi.v1.mp3","core_vi;challenge_answer_vi","lib/features/listening/presentation/lesson_practice_screen.dart;assets/data/listening_lessons.json"
"Bao nhiêu tiền: How much? hay Five dollars?","vi-VN","current","ready","assets/audio/CURRICULUM/ba645cfb1a253c6d3cb57fe1.vi.v1.mp3","challenge_question","lib/features/listening/presentation/lesson_challenge_screen.dart"
"Bao nhiêu tiền?","vi-VN","current;catalog_only","ready","assets/audio/CURRICULUM/83f6db8ea16c9e36afd94c40.vi.v1.mp3","core_vi;challenge_answer_vi","lib/features/listening/presentation/lesson_practice_screen.dart;assets/data/listening_lessons.json"
"Bath time!","en-US","current","ready","assets/audio/CURRICULUM/a0afeafe70a96447d775da7c.en.v1.mp3","core_en;challenge_answer_en","lib/features/listening/presentation/lesson_practice_screen.dart;lib/features/listening/presentation/lesson_challenge_screen.dart"
"Bath.","en-US","current","ready","assets/audio/CURRICULUM/0b382993f439e365160ed370.en.v1.mp3","core_en;challenge_answer_en","lib/features/listening/presentation/lesson_practice_screen.dart;lib/features/listening/presentation/lesson_challenge_screen.dart"
"Bảy giờ: Seven o'clock hay Eight o'clock?","vi-VN","audio_catalog_only","ready","assets/audio/CURRICULUM/277391cf313c35746f9e6837.vi.v1.mp3","audio_not_traced","assets/data/curriculum_audio.json"
"Bảy giờ.","vi-VN","current;catalog_only","ready","assets/audio/CURRICULUM/525d933cbb5d2777fcd84683.vi.v1.mp3","core_vi;challenge_answer_vi","lib/features/listening/presentation/lesson_practice_screen.dart;assets/data/listening_lessons.json"
"Bảy: Eight hay Seven?","vi-VN","current","ready","assets/audio/CURRICULUM/284fe6aa7df3d6572a2f76bf.vi.v1.mp3","challenge_question","lib/features/listening/presentation/lesson_challenge_screen.dart"
"Bảy.","vi-VN","current;catalog_only","ready","assets/audio/CURRICULUM/38e7d4caa5b6afa99685b470.vi.v1.mp3","core_vi;challenge_answer_vi","lib/features/listening/presentation/lesson_practice_screen.dart;assets/data/listening_lessons.json"
"Bắt đầu học thôi con","vi-VN","compatibility","ready","assets/audio/MAIN/RUN-038.vi.v1.mp3","main_flow","lib/features/voice_navigation/application/main_voice_assistant_flow.dart"
"Bắt đầu Level 1.","vi-VN","audio_catalog_only","ready","assets/audio/CURRICULUM/cb9be44d7872b2dd579f7d65.vi.v1.mp3","audio_not_traced","assets/data/curriculum_audio.json"
"Bắt đầu Level 1. Có 3 Chủ đề. Bạn muốn học Chủ đề số mấy?","vi-VN","current","ready","assets/audio/CURRICULUM/9424847a933b45c420000ed4.vi.v1.mp3","main_flow","lib/features/voice_navigation/application/main_voice_assistant_flow.dart"
"Bắt đầu Level 2.","vi-VN","audio_catalog_only","ready","assets/audio/CURRICULUM/00ddd30a1cc933b8aea18e5c.vi.v1.mp3","audio_not_traced","assets/data/curriculum_audio.json"
"Bắt đầu Level 2. Có 3 Chủ đề. Bạn muốn học Chủ đề số mấy?","vi-VN","current","ready","assets/audio/CURRICULUM/74fc4557ebac5ec8afaf001b.vi.v1.mp3","main_flow","lib/features/voice_navigation/application/main_voice_assistant_flow.dart"
"Bắt đầu Level 3.","vi-VN","audio_catalog_only","ready","assets/audio/CURRICULUM/d8fa654bb8b458b55d4def22.vi.v1.mp3","audio_not_traced","assets/data/curriculum_audio.json"
"Bắt đầu Level 3. Có 4 Chủ đề. Bạn muốn học Chủ đề số mấy?","vi-VN","current","ready","assets/audio/CURRICULUM/341883a73e9ba340a99dbde2.vi.v1.mp3","main_flow","lib/features/voice_navigation/application/main_voice_assistant_flow.dart"
"Bắt đầu nào.","vi-VN","audio_catalog_only","ready","assets/audio/MAIN/RUN-054.vi.v1.mp3","audio_not_traced","assets/data/main_assistant_audio.json"
"Bắt đầu nhé.","vi-VN","audio_catalog_only","ready","assets/audio/CURRICULUM/ed3ba010c50d9440f2eb9692.vi.v1.mp3","audio_not_traced","assets/data/curriculum_audio.json"
"Bận Chủ nhật: At three hay Busy Sunday?","vi-VN","audio_catalog_only","ready","assets/audio/CURRICULUM/c462ba2892df14c190df86f1.vi.v1.mp3","audio_not_traced","assets/data/curriculum_audio.json"
"Bận Chủ nhật.","vi-VN","current;catalog_only","ready","assets/audio/CURRICULUM/a671217e1e2ab0010a4885c3.vi.v1.mp3","core_vi;challenge_answer_vi","lib/features/listening/presentation/lesson_practice_screen.dart;assets/data/listening_lessons.json"
"Bây giờ bạn thử nói lại lần nữa nè.","vi-VN","catalog_only","ready","assets/audio/MAIN/AI-057.vi.v1.mp3","assistant_catalog","lib/features/voice_navigation/domain/homi_fallback_catalog.dart"
"Bây giờ con thử nói lại lần nữa nhé.","vi-VN","audio_catalog_only","ready","assets/audio/MAIN/RUN-138.vi.v1.mp3","audio_not_traced","assets/data/main_assistant_audio.json"
"Bây giờ cùng nghe Count with Me nhé.","vi-VN","current","ready","assets/audio/CURRICULUM/7d1d92db00eb9c0532a31a66.vi.v1.mp3","song_start","lib/features/listening/domain/lesson_guide_flow.dart"
"Bây giờ cùng nghe Let's Play Together nhé.","vi-VN","current","ready","assets/audio/CURRICULUM/76f3cbe6f5d6f45a579abbcf.vi.v1.mp3","song_start","lib/features/listening/domain/lesson_guide_flow.dart"
"Bây giờ cùng nghe My Busy Day nhé.","vi-VN","current","ready","assets/audio/CURRICULUM/bcc1bd458b0820bc80a8de70.vi.v1.mp3","song_start","lib/features/listening/domain/lesson_guide_flow.dart"
"Bây giờ cùng nghe My Happy Day nhé.","vi-VN","current","ready","assets/audio/CURRICULUM/1c258c217292e9b38494aaa6.vi.v1.mp3","song_start","lib/features/listening/domain/lesson_guide_flow.dart"
"Bây giờ cùng nghe What Should I Wear? nhé.","vi-VN","current","ready","assets/audio/CURRICULUM/53cc35cba128199999a32c05.vi.v1.mp3","song_start","lib/features/listening/domain/lesson_guide_flow.dart"
"Bây giờ đến lượt con. Con nói lại nhé.","vi-VN","audio_catalog_only","ready","assets/audio/MAIN/RUN-124.vi.v1.mp3","audio_not_traced","assets/data/main_assistant_audio.json"
"Because I enjoy it.","en-US","current","ready","assets/audio/CURRICULUM/069cadbb42a443c67fc3a09e.en.v1.mp3","core_en;challenge_answer_en","lib/features/listening/presentation/lesson_practice_screen.dart;lib/features/listening/presentation/lesson_challenge_screen.dart"
"Because it's cheaper.","en-US","current","ready","assets/audio/CURRICULUM/969f5ff08ad562a892bebc84.en.v1.mp3","core_en;challenge_answer_en","lib/features/listening/presentation/lesson_practice_screen.dart;lib/features/listening/presentation/lesson_challenge_screen.dart"
"Because it's easier.","en-US","current","ready","assets/audio/CURRICULUM/9616a27098acb5d61c232784.en.v1.mp3","core_en;challenge_answer_en","lib/features/listening/presentation/lesson_practice_screen.dart;lib/features/listening/presentation/lesson_challenge_screen.dart"
"Because it's faster.","en-US","current","ready","assets/audio/CURRICULUM/7bdf99568d4899b7646bbc96.en.v1.mp3","core_en;challenge_answer_en","lib/features/listening/presentation/lesson_practice_screen.dart;lib/features/listening/presentation/lesson_challenge_screen.dart"
"Because it's safer.","en-US","current","ready","assets/audio/CURRICULUM/66bbd312c95a3712a0641133.en.v1.mp3","core_en;challenge_answer_en","lib/features/listening/presentation/lesson_practice_screen.dart;lib/features/listening/presentation/lesson_challenge_screen.dart"
"Before dinner.","en-US","current","ready","assets/audio/CURRICULUM/8ef1c46b77e87e421faea788.en.v1.mp3","core_en;challenge_answer_en","lib/features/listening/presentation/lesson_practice_screen.dart;lib/features/listening/presentation/lesson_challenge_screen.dart"
"Before school.","en-US","current","ready","assets/audio/CURRICULUM/3e487f216e5cb22338ee1c13.en.v1.mp3","core_en;challenge_answer_en","lib/features/listening/presentation/lesson_practice_screen.dart;lib/features/listening/presentation/lesson_challenge_screen.dart"
"Bend your knees.","en-US","current","ready","assets/audio/CURRICULUM/151d2854ab7c11336ed0f47a.en.v1.mp3","core_en;challenge_answer_en","lib/features/listening/presentation/lesson_practice_screen.dart;lib/features/listening/presentation/lesson_challenge_screen.dart"
"Bên cạnh trường học: Next to school hay Go straight?","vi-VN","current","ready","assets/audio/CURRICULUM/4bf691a13def6b21a45b014e.vi.v1.mp3","challenge_question","lib/features/listening/presentation/lesson_challenge_screen.dart"
"Bên cạnh trường học.","vi-VN","current;catalog_only","ready","assets/audio/CURRICULUM/cae38a26a8d43a75981cc828.vi.v1.mp3","core_vi;challenge_answer_vi","lib/features/listening/presentation/lesson_practice_screen.dart;assets/data/listening_lessons.json"
"Bệnh viện: Hospital hay School?","vi-VN","current","ready","assets/audio/CURRICULUM/edbf36ea1bab125ba59ac915.vi.v1.mp3","challenge_question","lib/features/listening/presentation/lesson_challenge_screen.dart"
"Bệnh viện.","vi-VN","current;catalog_only","ready","assets/audio/CURRICULUM/ee5406be041fbef63cb85812.vi.v1.mp3","core_vi;challenge_answer_vi","lib/features/listening/presentation/lesson_practice_screen.dart;assets/data/listening_lessons.json"
"Bi cô chưa chọn được bài học. Con thử lại nhé.","vi-VN","audio_catalog_only","ready","assets/audio/MAIN/RUN-036.vi.v1.mp3","audio_not_traced","assets/data/main_assistant_audio.json"
"Bi cô chưa chọn được chủ đề. Con thử lại nhé","vi-VN","audio_catalog_only","ready","assets/audio/MAIN/RUN-035.vi.v1.mp3","audio_not_traced","assets/data/main_assistant_audio.json"
"Bi cô chưa tải được bài học. Con thử lại sau nhé","vi-VN","current","ready","assets/audio/MAIN/RUN-034.vi.v1.mp3","main_flow","lib/features/voice_navigation/application/main_voice_assistant_flow.dart"
"Bi cô chưa thực hiện được. Con thử lại nhé.","vi-VN","current","ready","assets/audio/MAIN/GAP28-004.vi.v1.mp3","module_reply","lib/core/session/app_flow_coordinator.dart:77"
"Bi cô có bài học cho các bạn từ 3 đến 15 tuổi. Con mấy tuổi","vi-VN","current","ready","assets/audio/MAIN/GAP28-005.vi.v1.mp3","main_flow","lib/features/voice_navigation/application/main_voice_assistant_flow.dart"
"Biển hiệu hình tam giác: Star sticker hay Triangle sign?","vi-VN","current","ready","assets/audio/CURRICULUM/f1ea5794d5b6d93891c9ab0f.vi.v1.mp3","challenge_question","lib/features/listening/presentation/lesson_challenge_screen.dart"
"Biển hiệu hình tam giác.","vi-VN","current;catalog_only","ready","assets/audio/CURRICULUM/d9220ad52a1f4125eee3a9e7.vi.v1.mp3","core_vi;challenge_answer_vi","lib/features/listening/presentation/lesson_practice_screen.dart;assets/data/listening_lessons.json"
"Bike.","en-US","current","ready","assets/audio/CURRICULUM/12c9df12034fc72f78b38d75.en.v1.mp3","core_en;challenge_answer_en","lib/features/listening/presentation/lesson_practice_screen.dart;lib/features/listening/presentation/lesson_challenge_screen.dart"
"Bill.","en-US","current","ready","assets/audio/CURRICULUM/4fd14e07a25064101bc0da57.en.v1.mp3","core_en;challenge_answer_en","lib/features/listening/presentation/lesson_practice_screen.dart;lib/features/listening/presentation/lesson_challenge_screen.dart"
"Bird hay Fish?","vi-VN","audio_catalog_only","ready","assets/audio/CURRICULUM/c2ad4b9cec83496520372229.vi.v1.mp3","audio_not_traced","assets/data/curriculum_audio.json"
"Bird.","en-US","current","ready","assets/audio/CURRICULUM/0c31e718c57ef0f12f35994d.en.v1.mp3","core_en;challenge_answer_en","lib/features/listening/presentation/lesson_practice_screen.dart;lib/features/listening/presentation/lesson_challenge_screen.dart"
"Birds can fly.","en-US","current","ready","assets/audio/CURRICULUM/a6ecb7db5e232f446642757c.en.v1.mp3","core_en;challenge_answer_en","lib/features/listening/presentation/lesson_practice_screen.dart;lib/features/listening/presentation/lesson_challenge_screen.dart"
"Black shoes.","en-US","current","ready","assets/audio/CURRICULUM/5ea2e20102b8f613328ec1d2.en.v1.mp3","core_en;challenge_answer_en","lib/features/listening/presentation/lesson_practice_screen.dart;lib/features/listening/presentation/lesson_challenge_screen.dart"
"Black.","en-US","current","ready","assets/audio/CURRICULUM/6062b6542b2abb2018869365.en.v1.mp3","core_en;challenge_answer_en","lib/features/listening/presentation/lesson_practice_screen.dart;lib/features/listening/presentation/lesson_challenge_screen.dart"
"Block strangers.","en-US","current","ready","assets/audio/CURRICULUM/9c6610b6bbee6c3904812e01.en.v1.mp3","core_en;challenge_answer_en","lib/features/listening/presentation/lesson_practice_screen.dart;lib/features/listening/presentation/lesson_challenge_screen.dart"
"Block unknown users.","en-US","current","ready","assets/audio/CURRICULUM/b39e07538e0e3b60ebe517bc.en.v1.mp3","core_en;challenge_answer_en","lib/features/listening/presentation/lesson_practice_screen.dart;lib/features/listening/presentation/lesson_challenge_screen.dart"
"Blue book.","en-US","current","ready","assets/audio/CURRICULUM/d748d6d4cc0b3b7ef0d8fd01.en.v1.mp3","core_en;challenge_answer_en","lib/features/listening/presentation/lesson_practice_screen.dart;lib/features/listening/presentation/lesson_challenge_screen.dart"
"Blue.","en-US","current","ready","assets/audio/CURRICULUM/94bc6952a4d2aa2517ff5a2e.en.v1.mp3","core_en;challenge_answer_en","lib/features/listening/presentation/lesson_practice_screen.dart;lib/features/listening/presentation/lesson_challenge_screen.dart"
"Bóng đá: Soccer hay Bike?","vi-VN","current","ready","assets/audio/CURRICULUM/9b08d483a8fcb4c16e54c71a.vi.v1.mp3","challenge_question","lib/features/listening/presentation/lesson_challenge_screen.dart"
"Bóng đá.","vi-VN","current;catalog_only","ready","assets/audio/CURRICULUM/c19290c4aaf718183af27b80.vi.v1.mp3","core_vi;challenge_answer_vi","lib/features/listening/presentation/lesson_practice_screen.dart;assets/data/listening_lessons.json"
"Book.","en-US","current","ready","assets/audio/CURRICULUM/22327f6461d9f73f1c565126.en.v1.mp3","challenge_answer_en;core_en","lib/features/listening/presentation/lesson_challenge_screen.dart;lib/features/listening/presentation/lesson_practice_screen.dart"
"Books.","en-US","current","ready","assets/audio/CURRICULUM/d1d8f5c978ac954cfe446388.en.v1.mp3","core_en;challenge_answer_en","lib/features/listening/presentation/lesson_practice_screen.dart;lib/features/listening/presentation/lesson_challenge_screen.dart"
"Bộ sưu tập ngôi sao chưa có từ nào.","vi-VN","catalog_only","ready","assets/audio/MAIN/AI-036.vi.v1.mp3","assistant_catalog","lib/features/voice_navigation/domain/homi_fallback_catalog.dart"
"Bộ sưu tập ngôi sao.","vi-VN","catalog_only","ready","assets/audio/MAIN/AI-035.vi.v1.mp3","assistant_catalog","lib/features/voice_navigation/domain/homi_fallback_catalog.dart"
"Bốn tiếng vỗ tay: Five claps hay Four claps?","vi-VN","current","ready","assets/audio/CURRICULUM/480c7b10d94a0985f0538a63.vi.v1.mp3","challenge_question","lib/features/listening/presentation/lesson_challenge_screen.dart"
"Bốn tiếng vỗ tay.","vi-VN","current;catalog_only","ready","assets/audio/CURRICULUM/c80eaae7d6c36ab808d89023.vi.v1.mp3","core_vi;challenge_answer_vi","lib/features/listening/presentation/lesson_practice_screen.dart;assets/data/listening_lessons.json"
"Bốn: Four hay Five?","vi-VN","current","ready","assets/audio/CURRICULUM/3ac894302e09d958fb1fd90e.vi.v1.mp3","challenge_question","lib/features/listening/presentation/lesson_challenge_screen.dart"
"Bốn.","vi-VN","current;catalog_only","ready","assets/audio/CURRICULUM/3c92a15374b481fa612c5818.vi.v1.mp3","core_vi;challenge_answer_vi","lib/features/listening/presentation/lesson_practice_screen.dart;assets/data/listening_lessons.json"
"Bông hoa: Flower hay Game?","vi-VN","current","ready","assets/audio/CURRICULUM/693325006a71361e409a5788.vi.v1.mp3","challenge_question","lib/features/listening/presentation/lesson_challenge_screen.dart"
"Bông hoa.","vi-VN","current;catalog_only","ready","assets/audio/CURRICULUM/650a522fb3ba992aaba3ffdd.vi.v1.mp3","core_vi;challenge_answer_vi","lib/features/listening/presentation/lesson_practice_screen.dart;assets/data/listening_lessons.json"
"Brother.","en-US","current","ready","assets/audio/CURRICULUM/0883365b50fb2f7c8d11480a.en.v1.mp3","core_en;challenge_answer_en","lib/features/listening/presentation/lesson_practice_screen.dart;lib/features/listening/presentation/lesson_challenge_screen.dart"
"Brush your teeth.","en-US","current","ready","assets/audio/CURRICULUM/a1498a6f775c5687efabba3e.en.v1.mp3","core_en;challenge_answer_en","lib/features/listening/presentation/lesson_practice_screen.dart;lib/features/listening/presentation/lesson_challenge_screen.dart"
"Buổi tối: At night hay Seven o'clock?","vi-VN","current","ready","assets/audio/CURRICULUM/0537175b821509c4854c9984.vi.v1.mp3","challenge_question","lib/features/listening/presentation/lesson_challenge_screen.dart"
"Buổi tối.","vi-VN","current;catalog_only","ready","assets/audio/CURRICULUM/0d410373d5dc0ad0eb675050.vi.v1.mp3","core_vi;challenge_answer_vi","lib/features/listening/presentation/lesson_practice_screen.dart;assets/data/listening_lessons.json"
"Buổi trưa: At noon hay After school?","vi-VN","current","ready","assets/audio/CURRICULUM/4cdcb841375ce2c8a9b56626.vi.v1.mp3","challenge_question","lib/features/listening/presentation/lesson_challenge_screen.dart"
"Buổi trưa.","vi-VN","current;catalog_only","ready","assets/audio/CURRICULUM/dea645cb117c03d44e32b3ef.vi.v1.mp3","core_vi;challenge_answer_vi","lib/features/listening/presentation/lesson_practice_screen.dart;assets/data/listening_lessons.json"
"Bus.","en-US","current","ready","assets/audio/CURRICULUM/1c9ca24295fcefa3800fe0c2.en.v1.mp3","core_en;challenge_answer_en","lib/features/listening/presentation/lesson_practice_screen.dart;lib/features/listening/presentation/lesson_challenge_screen.dart"
"Busy Sunday.","en-US","current","ready","assets/audio/CURRICULUM/df25745429288f40e96714b6.en.v1.mp3","core_en;challenge_answer_en","lib/features/listening/presentation/lesson_practice_screen.dart;lib/features/listening/presentation/lesson_challenge_screen.dart"
"Bút chì xanh lá: Green pencil hay Yellow cup?","vi-VN","current","ready","assets/audio/CURRICULUM/9477ccb5b6e2d2bfe93aebeb.vi.v1.mp3","challenge_question","lib/features/listening/presentation/lesson_challenge_screen.dart"
"Bút chì xanh lá.","vi-VN","current;catalog_only","ready","assets/audio/CURRICULUM/9cc615fdcdfe0cdf3fae835d.vi.v1.mp3","core_vi;challenge_answer_vi","lib/features/listening/presentation/lesson_practice_screen.dart;assets/data/listening_lessons.json"
"Bút chì: Desk hay Pencil?","vi-VN","current","ready","assets/audio/CURRICULUM/86a0284cf890418083e3e4d1.vi.v1.mp3","challenge_question","lib/features/listening/presentation/lesson_challenge_screen.dart"
"Bút chì: Pencil hay Desk?","vi-VN","audio_catalog_only","ready","assets/audio/CURRICULUM/0c9a500a2224b05ece96bb68.vi.v1.mp3","audio_not_traced","assets/data/curriculum_audio.json"
"Bút chì: Pencil hay Quiz?","vi-VN","current","ready","assets/audio/CURRICULUM/728f1c4f97ba37dc618f466b.vi.v1.mp3","challenge_question","lib/features/listening/presentation/lesson_challenge_screen.dart"
"Bút chì.","vi-VN","current;catalog_only","ready","assets/audio/CURRICULUM/adf900315b1ca8b207e85fe6.vi.v1.mp3","core_vi;challenge_answer_vi","lib/features/listening/presentation/lesson_practice_screen.dart;assets/data/listening_lessons.json"
"Bước tiếp theo của bạn là gì: What's your next step? hay I'll start this week?","vi-VN","current","ready","assets/audio/CURRICULUM/1c40833b668de5f033d19c36.vi.v1.mp3","challenge_question","lib/features/listening/presentation/lesson_challenge_screen.dart"
"Bước tiếp theo của bạn là gì?","vi-VN","current;catalog_only","ready","assets/audio/CURRICULUM/19bd4403228a07a831cdc502.vi.v1.mp3","core_vi;challenge_answer_vi","lib/features/listening/presentation/lesson_practice_screen.dart;assets/data/listening_lessons.json"
"C. Cake.","en-US","current","ready","assets/audio/CURRICULUM/be9b83bd548d90e46559ece2.en.v1.mp3","core_en","lib/features/listening/presentation/lesson_practice_screen.dart"
"C. Cat.","en-US","current","ready","assets/audio/CURRICULUM/781631416edba49d243dddbd.en.v1.mp3","core_en","lib/features/listening/presentation/lesson_practice_screen.dart"
"Cá có thể bơi: Monkeys can climb hay Fish can swim?","vi-VN","current","ready","assets/audio/CURRICULUM/4082223ba4a5a0f35111ae53.vi.v1.mp3","challenge_question","lib/features/listening/presentation/lesson_challenge_screen.dart"
"Cá có thể bơi.","vi-VN","current;catalog_only","ready","assets/audio/CURRICULUM/e62e080769b8a3afb8b3ce16.vi.v1.mp3","core_vi;challenge_answer_vi","lib/features/listening/presentation/lesson_practice_screen.dart;assets/data/listening_lessons.json"
"Các nút câu trước, câu sau và nghe lại chỉ dùng trong phần luyện câu.","vi-VN","current","ready","assets/audio/MAIN/REPLY-002.vi.v1.mp3","module_reply","lib/features/listening/presentation/lesson_challenge_screen.dart:282"
"Cái bàn: Table hay Uniform?","vi-VN","current","ready","assets/audio/CURRICULUM/fa171bb327c494f94d810c48.vi.v1.mp3","challenge_question","lib/features/listening/presentation/lesson_challenge_screen.dart"
"Cái bàn.","vi-VN","current;catalog_only","ready","assets/audio/CURRICULUM/19abf5db85f7b3b0ad7fc754.vi.v1.mp3","core_vi;challenge_answer_vi","lib/features/listening/presentation/lesson_practice_screen.dart;assets/data/listening_lessons.json"
"Cái diều: Kite hay Lion?","vi-VN","current","ready","assets/audio/CURRICULUM/2f8bec4e28a2fc083d6ae7e7.vi.v1.mp3","challenge_question","lib/features/listening/presentation/lesson_challenge_screen.dart"
"Cái diều.","vi-VN","current;catalog_only","ready","assets/audio/CURRICULUM/2db418d8db0fcb9535a20d91.vi.v1.mp3","core_vi;challenge_answer_vi","lib/features/listening/presentation/lesson_practice_screen.dart;assets/data/listening_lessons.json"
"Cái đèn: Lamp hay Moon?","vi-VN","current","ready","assets/audio/CURRICULUM/7e54375218980a0853a01ef8.vi.v1.mp3","challenge_question","lib/features/listening/presentation/lesson_challenge_screen.dart"
"Cái đèn.","vi-VN","current;catalog_only","ready","assets/audio/CURRICULUM/f1f9ad111a13a1c5dcbfe27a.vi.v1.mp3","core_vi;challenge_answer_vi","lib/features/listening/presentation/lesson_practice_screen.dart;assets/data/listening_lessons.json"
"Cái đó đắt: Is there a cheaper one? hay That's expensive?","vi-VN","audio_catalog_only","ready","assets/audio/CURRICULUM/5100fe5208d11fa54f90b70e.vi.v1.mp3","audio_not_traced","assets/data/curriculum_audio.json"
"Cái đó đắt.","vi-VN","current;catalog_only","ready","assets/audio/CURRICULUM/2256b58457d373a4e4ab043e.vi.v1.mp3","core_vi;challenge_answer_vi","lib/features/listening/presentation/lesson_practice_screen.dart;assets/data/listening_lessons.json"
"Cái đó rẻ: That's cheap hay That's expensive?","vi-VN","audio_catalog_only","ready","assets/audio/CURRICULUM/77afb055a03ac5b9e6e3f76a.vi.v1.mp3","audio_not_traced","assets/data/curriculum_audio.json"
"Cái đó rẻ.","vi-VN","current;catalog_only","ready","assets/audio/CURRICULUM/38716d34c05a7bf545be1dc0.vi.v1.mp3","core_vi;challenge_answer_vi","lib/features/listening/presentation/lesson_practice_screen.dart;assets/data/listening_lessons.json"
"Cái hộp vuông: Square box hay Triangle sign?","vi-VN","current","ready","assets/audio/CURRICULUM/db630d58a02f64aa433a92b3.vi.v1.mp3","challenge_question","lib/features/listening/presentation/lesson_challenge_screen.dart"
"Cái hộp vuông.","vi-VN","current;catalog_only","ready","assets/audio/CURRICULUM/2756ae824b24723c225d5331.vi.v1.mp3","core_vi;challenge_answer_vi","lib/features/listening/presentation/lesson_practice_screen.dart;assets/data/listening_lessons.json"
"Cái kia rẻ hơn: I like this one hay That one is cheaper?","vi-VN","audio_catalog_only","ready","assets/audio/CURRICULUM/30c1778b3d8f89cfa104b477.vi.v1.mp3","audio_not_traced","assets/data/curriculum_audio.json"
"Cái kia rẻ hơn.","vi-VN","current;catalog_only","ready","assets/audio/CURRICULUM/0944c5b99abd9d2e76b6fe3f.vi.v1.mp3","core_vi;challenge_answer_vi","lib/features/listening/presentation/lesson_practice_screen.dart;assets/data/listening_lessons.json"
"Cái kia: I like this hay That one?","vi-VN","current","ready","assets/audio/CURRICULUM/95e55bbfe913dcc9e0ec1492.vi.v1.mp3","challenge_question","lib/features/listening/presentation/lesson_challenge_screen.dart"
"Cái kia.","vi-VN","current;catalog_only","ready","assets/audio/CURRICULUM/300099bc3ff5d3bf9481fe3a.vi.v1.mp3","core_vi;challenge_answer_vi","lib/features/listening/presentation/lesson_practice_screen.dart;assets/data/listening_lessons.json"
"Cái mũ: Hat hay Ice cream?","vi-VN","current","ready","assets/audio/CURRICULUM/4386ff0d5a1ee64832c955dd.vi.v1.mp3","challenge_question","lib/features/listening/presentation/lesson_challenge_screen.dart"
"Cái mũ: T-shirt hay Hat?","vi-VN","current","ready","assets/audio/CURRICULUM/6bf66f853dd40cf4e01b660a.vi.v1.mp3","challenge_question","lib/features/listening/presentation/lesson_challenge_screen.dart"
"Cái mũ.","vi-VN","current;catalog_only","ready","assets/audio/CURRICULUM/19ed8e87ad34d7294332b6a2.vi.v1.mp3","core_vi;challenge_answer_vi","lib/features/listening/presentation/lesson_practice_screen.dart;assets/data/listening_lessons.json"
"Cái mũi: Nose hay Orange?","vi-VN","current","ready","assets/audio/CURRICULUM/e9713102a36db8bcf8820ecb.vi.v1.mp3","challenge_question","lib/features/listening/presentation/lesson_challenge_screen.dart"
"Cái mũi.","vi-VN","current;catalog_only","ready","assets/audio/CURRICULUM/19a0ee44c0a16352a3c6576d.vi.v1.mp3","core_vi;challenge_answer_vi","lib/features/listening/presentation/lesson_practice_screen.dart;assets/data/listening_lessons.json"
"Cái nào nhanh hơn: Which is faster? hay Which is cheaper?","vi-VN","current","ready","assets/audio/CURRICULUM/793642f884f43acd96352e4f.vi.v1.mp3","challenge_question","lib/features/listening/presentation/lesson_challenge_screen.dart"
"Cái nào nhanh hơn?","vi-VN","current;catalog_only","ready","assets/audio/CURRICULUM/390be542085d981b21cd2896.vi.v1.mp3","core_vi;challenge_answer_vi","lib/features/listening/presentation/lesson_practice_screen.dart;assets/data/listening_lessons.json"
"Cái nào rẻ hơn: The bus is faster hay Which is cheaper?","vi-VN","current","ready","assets/audio/CURRICULUM/ac94a6ac617eda9284e4f727.vi.v1.mp3","challenge_question","lib/features/listening/presentation/lesson_challenge_screen.dart"
"Cái nào rẻ hơn?","vi-VN","current;catalog_only","ready","assets/audio/CURRICULUM/0a6a0f02733235b39ef04b6f.vi.v1.mp3","core_vi;challenge_answer_vi","lib/features/listening/presentation/lesson_practice_screen.dart;assets/data/listening_lessons.json"
"Cái này bao nhiêu tiền: How much is this? hay It's twenty dollars?","vi-VN","audio_catalog_only","ready","assets/audio/CURRICULUM/68928d1673cf174566c2bff5.vi.v1.mp3","audio_not_traced","assets/data/curriculum_audio.json"
"Cái này bao nhiêu tiền?","vi-VN","current;catalog_only","ready","assets/audio/CURRICULUM/7149cc1052dc22e129b75406.vi.v1.mp3","core_vi;challenge_answer_vi","lib/features/listening/presentation/lesson_practice_screen.dart;assets/data/listening_lessons.json"
"Cái này hợp với mình hơn: This works better for me hay I'll choose this one?","vi-VN","current","ready","assets/audio/CURRICULUM/a63d4b8ed5e864ed999c26a8.vi.v1.mp3","challenge_question","lib/features/listening/presentation/lesson_challenge_screen.dart"
"Cái này hợp với mình hơn.","vi-VN","current;catalog_only","ready","assets/audio/CURRICULUM/374c23a7aa92b09abca51f5b.vi.v1.mp3","core_vi;challenge_answer_vi","lib/features/listening/presentation/lesson_practice_screen.dart;assets/data/listening_lessons.json"
"Cái này rẻ hơn: This one is cheaper hay That one is cheaper?","vi-VN","audio_catalog_only","ready","assets/audio/CURRICULUM/d5c837f7b8e35438ea98ff88.vi.v1.mp3","audio_not_traced","assets/data/curriculum_audio.json"
"Cái này rẻ hơn.","vi-VN","current;catalog_only","ready","assets/audio/CURRICULUM/f89c7424d437cdb94c988e37.vi.v1.mp3","core_vi;challenge_answer_vi","lib/features/listening/presentation/lesson_practice_screen.dart;assets/data/listening_lessons.json"
"Cái này: This one hay That one?","vi-VN","audio_catalog_only","ready","assets/audio/CURRICULUM/a9b912c4eb83f0032a5eaf88.vi.v1.mp3","audio_not_traced","assets/data/curriculum_audio.json"
"Cái này.","vi-VN","current;catalog_only","ready","assets/audio/CURRICULUM/edb1e8f8e1815ba0286852fa.vi.v1.mp3","core_vi;challenge_answer_vi","lib/features/listening/presentation/lesson_practice_screen.dart;assets/data/listening_lessons.json"
"Cái ô: Umbrella hay Van?","vi-VN","current","ready","assets/audio/CURRICULUM/6e0fad4ac0d3a08d740f5ecc.vi.v1.mp3","challenge_question","lib/features/listening/presentation/lesson_challenge_screen.dart"
"Cái ô.","vi-VN","current;catalog_only","ready","assets/audio/CURRICULUM/837ea5d8c95401e15cc98fc2.vi.v1.mp3","core_vi;challenge_answer_vi","lib/features/listening/presentation/lesson_practice_screen.dart;assets/data/listening_lessons.json"
"Cải thiện tiếng Anh: Improve my English hay Get better grades?","vi-VN","audio_catalog_only","ready","assets/audio/CURRICULUM/3247ef1474eb7f4b8f8ed890.vi.v1.mp3","audio_not_traced","assets/data/curriculum_audio.json"
"Cải thiện tiếng Anh.","vi-VN","current;catalog_only","ready","assets/audio/CURRICULUM/5a68097b9cc26c6737bf57e7.vi.v1.mp3","core_vi;challenge_answer_vi","lib/features/listening/presentation/lesson_practice_screen.dart;assets/data/listening_lessons.json"
"Cake.","en-US","current","ready","assets/audio/CURRICULUM/0a2eb537d839a51f26a274a3.en.v1.mp3","challenge_answer_en","lib/features/listening/presentation/lesson_challenge_screen.dart"
"Cảm ơn bạn đã rủ: Thanks for asking hay Sounds good?","vi-VN","current","ready","assets/audio/CURRICULUM/f2f9132028935342a399135e.vi.v1.mp3","challenge_question","lib/features/listening/presentation/lesson_challenge_screen.dart"
"Cảm ơn bạn đã rủ.","vi-VN","current;catalog_only","ready","assets/audio/CURRICULUM/5e82fd1ddb06065c83924fd9.vi.v1.mp3","core_vi;challenge_answer_vi","lib/features/listening/presentation/lesson_practice_screen.dart;assets/data/listening_lessons.json"
"Cảm ơn bạn: Good game hay Thank you?","vi-VN","current","ready","assets/audio/CURRICULUM/fed0573726a976e5130eb17d.vi.v1.mp3","challenge_question","lib/features/listening/presentation/lesson_challenge_screen.dart"
"Cảm ơn bạn: Thank you hay Excuse me?","vi-VN","audio_catalog_only","ready","assets/audio/CURRICULUM/ce8fc0c7af694db18717bd4c.vi.v1.mp3","audio_not_traced","assets/data/curriculum_audio.json"
"Cảm ơn bạn.","vi-VN","current;catalog_only","ready","assets/audio/CURRICULUM/3e6e3882f14c50a2608c30ad.vi.v1.mp3","core_vi;challenge_answer_vi","lib/features/listening/presentation/lesson_practice_screen.dart;assets/data/listening_lessons.json"
"Camera.","en-US","current","ready","assets/audio/CURRICULUM/a7304cf570e1480b991aca97.en.v1.mp3","core_en;challenge_answer_en","lib/features/listening/presentation/lesson_practice_screen.dart;lib/features/listening/presentation/lesson_challenge_screen.dart"
"Can I come in?","en-US","current","ready","assets/audio/CURRICULUM/3f85b113ffd85b6180f3a1fa.en.v1.mp3","core_en;challenge_answer_en","lib/features/listening/presentation/lesson_practice_screen.dart;lib/features/listening/presentation/lesson_challenge_screen.dart"
"Can I help?","en-US","current","ready","assets/audio/CURRICULUM/925fd01ef1278d2e57551594.en.v1.mp3","core_en;challenge_answer_en","lib/features/listening/presentation/lesson_practice_screen.dart;lib/features/listening/presentation/lesson_challenge_screen.dart"
"Can you help me?","en-US","current","ready","assets/audio/CURRICULUM/b76b83f99aeab71c3754a8dc.en.v1.mp3","core_en;challenge_answer_en","lib/features/listening/presentation/lesson_practice_screen.dart;lib/features/listening/presentation/lesson_challenge_screen.dart"
"Cartoons.","en-US","current","ready","assets/audio/CURRICULUM/84f68415c94f5118747fd977.en.v1.mp3","core_en;challenge_answer_en","lib/features/listening/presentation/lesson_practice_screen.dart;lib/features/listening/presentation/lesson_challenge_screen.dart"
"Cat hay Dog?","vi-VN","audio_catalog_only","ready","assets/audio/CURRICULUM/23739a459368294b747f4b7a.vi.v1.mp3","audio_not_traced","assets/data/curriculum_audio.json"
"Cat.","en-US","current","ready","assets/audio/CURRICULUM/05942ef97e43c8724d53e944.en.v1.mp3","challenge_answer_en;core_en","lib/features/listening/presentation/lesson_challenge_screen.dart;lib/features/listening/presentation/lesson_practice_screen.dart"
"Cất điện thoại đi.","vi-VN","current;catalog_only","ready","assets/audio/CURRICULUM/d574e1cb051dba66d5247199.vi.v1.mp3","core_vi;challenge_answer_vi","lib/features/listening/presentation/lesson_practice_screen.dart;assets/data/listening_lessons.json"
"Câu đố: Quiz hay Robot?","vi-VN","current","ready","assets/audio/CURRICULUM/fe16026b68811f0fe687ef4e.vi.v1.mp3","challenge_question","lib/features/listening/presentation/lesson_challenge_screen.dart"
"Câu đố.","vi-VN","current;catalog_only","ready","assets/audio/CURRICULUM/7e0ec980614838c7624b2e8d.vi.v1.mp3","core_vi;challenge_answer_vi","lib/features/listening/presentation/lesson_practice_screen.dart;assets/data/listening_lessons.json"
"Chải tóc: Comb your hair hay Wash your hands?","vi-VN","current","ready","assets/audio/CURRICULUM/708a3577abdc8c23599e84c9.vi.v1.mp3","challenge_question","lib/features/listening/presentation/lesson_challenge_screen.dart"
"Chải tóc.","vi-VN","current;catalog_only","ready","assets/audio/CURRICULUM/51d678baf71dd11a4b5dfee8.vi.v1.mp3","core_vi;challenge_answer_vi","lib/features/listening/presentation/lesson_practice_screen.dart;assets/data/listening_lessons.json"
"Chạm vào đầu: Touch your head hay Close your eyes?","vi-VN","current","ready","assets/audio/CURRICULUM/1980467fe78dbe9e98a61fff.vi.v1.mp3","challenge_question","lib/features/listening/presentation/lesson_challenge_screen.dart"
"Chạm vào đầu: Touch your head hay Open your mouth?","vi-VN","current","ready","assets/audio/CURRICULUM/6a0c741f7de58daf858b363d.vi.v1.mp3","challenge_question","lib/features/listening/presentation/lesson_challenge_screen.dart"
"Chạm vào đầu.","vi-VN","current;catalog_only","ready","assets/audio/CURRICULUM/ebb0c32c3b55cd44a3de36f7.vi.v1.mp3","core_vi;challenge_answer_vi","lib/features/listening/presentation/lesson_practice_screen.dart;assets/data/listening_lessons.json"
"Chạm vào mũi: Touch your nose hay Clap your hands?","vi-VN","current","ready","assets/audio/CURRICULUM/f6113ee657cf035585e1242b.vi.v1.mp3","challenge_question","lib/features/listening/presentation/lesson_challenge_screen.dart"
"Chạm vào mũi.","vi-VN","current;catalog_only","ready","assets/audio/CURRICULUM/b94c54b5037fb992e34f920f.vi.v1.mp3","core_vi;challenge_answer_vi","lib/features/listening/presentation/lesson_practice_screen.dart;assets/data/listening_lessons.json"
"Chào con! Hôm nay mình bắt đầu với bài “A to I Letters”. Con nghe cô trước, rồi nói lại theo cô. Nếu muốn nghe lại hoặc dừng, con bấm nút Main nhé.","vi-VN","compatibility","missing_exact_audio","","legacy_guide","lib/features/listening/domain/lesson_guide_flow.dart"
"Chào con! Hôm nay mình bắt đầu với bài “A to I Words”. Con nghe cô trước, rồi nói lại theo cô. Nếu muốn nghe lại hoặc dừng, con bấm nút Main nhé.","vi-VN","compatibility","missing_exact_audio","","legacy_guide","lib/features/listening/domain/lesson_guide_flow.dart"
"Chào con! Hôm nay mình bắt đầu với bài “Animal Abilities”. Con nghe cô trước, rồi nói lại theo cô. Nếu muốn nghe lại hoặc dừng, con bấm nút Main nhé.","vi-VN","compatibility","missing_exact_audio","","legacy_guide","lib/features/listening/domain/lesson_guide_flow.dart"
"Chào con! Hôm nay mình bắt đầu với bài “Animal Names”. Con nghe cô trước, rồi nói lại theo cô. Nếu muốn nghe lại hoặc dừng, con bấm nút Main nhé.","vi-VN","compatibility","missing_exact_audio","","legacy_guide","lib/features/listening/domain/lesson_guide_flow.dart"
"Chào con! Hôm nay mình bắt đầu với bài “Animal Words”. Con nghe cô trước, rồi nói lại theo cô. Nếu muốn nghe lại hoặc dừng, con bấm nút Main nhé.","vi-VN","compatibility","missing_exact_audio","","legacy_guide","lib/features/listening/domain/lesson_guide_flow.dart"
"Chào con! Hôm nay mình bắt đầu với bài “Ask for Help”. Con nghe cô trước, rồi nói lại theo cô. Nếu muốn nghe lại hoặc dừng, con bấm nút Main nhé.","vi-VN","compatibility","missing_exact_audio","","legacy_guide","lib/features/listening/domain/lesson_guide_flow.dart"
"Chào con! Hôm nay mình bắt đầu với bài “Ask for Info”. Con nghe cô trước, rồi nói lại theo cô. Nếu muốn nghe lại hoặc dừng, con bấm nút Main nhé.","vi-VN","compatibility","missing_exact_audio","","legacy_guide","lib/features/listening/domain/lesson_guide_flow.dart"
"Chào con! Hôm nay mình bắt đầu với bài “Ask the Price”. Con nghe cô trước, rồi nói lại theo cô. Nếu muốn nghe lại hoặc dừng, con bấm nút Main nhé.","vi-VN","compatibility","missing_exact_audio","","legacy_guide","lib/features/listening/domain/lesson_guide_flow.dart"
"Chào con! Hôm nay mình bắt đầu với bài “Ask the Way”. Con nghe cô trước, rồi nói lại theo cô. Nếu muốn nghe lại hoặc dừng, con bấm nút Main nhé.","vi-VN","compatibility","missing_exact_audio","","legacy_guide","lib/features/listening/domain/lesson_guide_flow.dart"
"Chào con! Hôm nay mình bắt đầu với bài “Best Way”. Con nghe cô trước, rồi nói lại theo cô. Nếu muốn nghe lại hoặc dừng, con bấm nút Main nhé.","vi-VN","compatibility","missing_exact_audio","","legacy_guide","lib/features/listening/domain/lesson_guide_flow.dart"
"Chào con! Hôm nay mình bắt đầu với bài “Body Moves”. Con nghe cô trước, rồi nói lại theo cô. Nếu muốn nghe lại hoặc dừng, con bấm nút Main nhé.","vi-VN","compatibility","missing_exact_audio","","legacy_guide","lib/features/listening/domain/lesson_guide_flow.dart"
"Chào con! Hôm nay mình bắt đầu với bài “Body Words”. Con nghe cô trước, rồi nói lại theo cô. Nếu muốn nghe lại hoặc dừng, con bấm nút Main nhé.","vi-VN","compatibility","missing_exact_audio","","legacy_guide","lib/features/listening/domain/lesson_guide_flow.dart"
"Chào con! Hôm nay mình bắt đầu với bài “Buy or Save?”. Con nghe cô trước, rồi nói lại theo cô. Nếu muốn nghe lại hoặc dừng, con bấm nút Main nhé.","vi-VN","compatibility","missing_exact_audio","","legacy_guide","lib/features/listening/domain/lesson_guide_flow.dart"
"Chào con! Hôm nay mình bắt đầu với bài “Choose One”. Con nghe cô trước, rồi nói lại theo cô. Nếu muốn nghe lại hoặc dừng, con bấm nút Main nhé.","vi-VN","compatibility","missing_exact_audio","","legacy_guide","lib/features/listening/domain/lesson_guide_flow.dart"
"Chào con! Hôm nay mình bắt đầu với bài “Classroom Talk”. Con nghe cô trước, rồi nói lại theo cô. Nếu muốn nghe lại hoặc dừng, con bấm nút Main nhé.","vi-VN","compatibility","missing_exact_audio","","legacy_guide","lib/features/listening/domain/lesson_guide_flow.dart"
"Chào con! Hôm nay mình bắt đầu với bài “Color Words”. Con nghe cô trước, rồi nói lại theo cô. Nếu muốn nghe lại hoặc dừng, con bấm nút Main nhé.","vi-VN","compatibility","missing_exact_audio","","legacy_guide","lib/features/listening/domain/lesson_guide_flow.dart"
"Chào con! Hôm nay mình bắt đầu với bài “Colors on Things”. Con nghe cô trước, rồi nói lại theo cô. Nếu muốn nghe lại hoặc dừng, con bấm nút Main nhé.","vi-VN","compatibility","missing_exact_audio","","legacy_guide","lib/features/listening/domain/lesson_guide_flow.dart"
"Chào con! Hôm nay mình bắt đầu với bài “Compare Two”. Con nghe cô trước, rồi nói lại theo cô. Nếu muốn nghe lại hoặc dừng, con bấm nút Main nhé.","vi-VN","compatibility","missing_exact_audio","","legacy_guide","lib/features/listening/domain/lesson_guide_flow.dart"
"Chào con! Hôm nay mình bắt đầu với bài “Count With Me”. Con nghe cô trước, rồi nói lại theo cô. Nếu muốn nghe lại hoặc dừng, con bấm nút Main nhé.","vi-VN","compatibility","missing_exact_audio","","legacy_guide","lib/features/listening/domain/lesson_guide_flow.dart"
"Chào con! Hôm nay mình bắt đầu với bài “Day Actions”. Con nghe cô trước, rồi nói lại theo cô. Nếu muốn nghe lại hoặc dừng, con bấm nút Main nhé.","vi-VN","compatibility","missing_exact_audio","","legacy_guide","lib/features/listening/domain/lesson_guide_flow.dart"
"Chào con! Hôm nay mình bắt đầu với bài “Device Uses”. Con nghe cô trước, rồi nói lại theo cô. Nếu muốn nghe lại hoặc dừng, con bấm nút Main nhé.","vi-VN","compatibility","missing_exact_audio","","legacy_guide","lib/features/listening/domain/lesson_guide_flow.dart"
"Chào con! Hôm nay mình bắt đầu với bài “Do You Like?”. Con nghe cô trước, rồi nói lại theo cô. Nếu muốn nghe lại hoặc dừng, con bấm nút Main nhé.","vi-VN","compatibility","missing_exact_audio","","legacy_guide","lib/features/listening/domain/lesson_guide_flow.dart"
"Chào con! Hôm nay mình bắt đầu với bài “Family Words”. Con nghe cô trước, rồi nói lại theo cô. Nếu muốn nghe lại hoặc dừng, con bấm nút Main nhé.","vi-VN","compatibility","missing_exact_audio","","legacy_guide","lib/features/listening/domain/lesson_guide_flow.dart"
"Chào con! Hôm nay mình bắt đầu với bài “Feel Better”. Con nghe cô trước, rồi nói lại theo cô. Nếu muốn nghe lại hoặc dừng, con bấm nút Main nhé.","vi-VN","compatibility","missing_exact_audio","","legacy_guide","lib/features/listening/domain/lesson_guide_flow.dart"
"Chào con! Hôm nay mình bắt đầu với bài “Food Words”. Con nghe cô trước, rồi nói lại theo cô. Nếu muốn nghe lại hoặc dừng, con bấm nút Main nhé.","vi-VN","compatibility","missing_exact_audio","","legacy_guide","lib/features/listening/domain/lesson_guide_flow.dart"
"Chào con! Hôm nay mình bắt đầu với bài “Food, Please”. Con nghe cô trước, rồi nói lại theo cô. Nếu muốn nghe lại hoặc dừng, con bấm nút Main nhé.","vi-VN","compatibility","missing_exact_audio","","legacy_guide","lib/features/listening/domain/lesson_guide_flow.dart"
"Chào con! Hôm nay mình bắt đầu với bài “Getting There”. Con nghe cô trước, rồi nói lại theo cô. Nếu muốn nghe lại hoặc dừng, con bấm nút Main nhé.","vi-VN","compatibility","missing_exact_audio","","legacy_guide","lib/features/listening/domain/lesson_guide_flow.dart"
"Chào con! Hôm nay mình bắt đầu với bài “Give a Reason”. Con nghe cô trước, rồi nói lại theo cô. Nếu muốn nghe lại hoặc dừng, con bấm nút Main nhé.","vi-VN","compatibility","missing_exact_audio","","legacy_guide","lib/features/listening/domain/lesson_guide_flow.dart"
"Chào con! Hôm nay mình bắt đầu với bài “Go Green”. Con nghe cô trước, rồi nói lại theo cô. Nếu muốn nghe lại hoặc dừng, con bấm nút Main nhé.","vi-VN","compatibility","missing_exact_audio","","legacy_guide","lib/features/listening/domain/lesson_guide_flow.dart"
"Chào con! Hôm nay mình bắt đầu với bài “Good At”. Con nghe cô trước, rồi nói lại theo cô. Nếu muốn nghe lại hoặc dừng, con bấm nút Main nhé.","vi-VN","compatibility","missing_exact_audio","","legacy_guide","lib/features/listening/domain/lesson_guide_flow.dart"
"Chào con! Hôm nay mình bắt đầu với bài “Good Habits”. Con nghe cô trước, rồi nói lại theo cô. Nếu muốn nghe lại hoặc dừng, con bấm nút Main nhé.","vi-VN","compatibility","missing_exact_audio","","legacy_guide","lib/features/listening/domain/lesson_guide_flow.dart"
"Chào con! Hôm nay mình bắt đầu với bài “Happy Day”. Con nghe cô trước, rồi nói lại theo cô. Nếu muốn nghe lại hoặc dừng, con bấm nút Main nhé.","vi-VN","compatibility","missing_exact_audio","","legacy_guide","lib/features/listening/domain/lesson_guide_flow.dart"
"Chào con! Hôm nay mình bắt đầu với bài “Healthy Actions”. Con nghe cô trước, rồi nói lại theo cô. Nếu muốn nghe lại hoặc dừng, con bấm nút Main nhé.","vi-VN","compatibility","missing_exact_audio","","legacy_guide","lib/features/listening/domain/lesson_guide_flow.dart"
"Chào con! Hôm nay mình bắt đầu với bài “Help a Friend”. Con nghe cô trước, rồi nói lại theo cô. Nếu muốn nghe lại hoặc dừng, con bấm nút Main nhé.","vi-VN","compatibility","missing_exact_audio","","legacy_guide","lib/features/listening/domain/lesson_guide_flow.dart"
"Chào con! Hôm nay mình bắt đầu với bài “Hobby Skills”. Con nghe cô trước, rồi nói lại theo cô. Nếu muốn nghe lại hoặc dừng, con bấm nút Main nhé.","vi-VN","compatibility","missing_exact_audio","","legacy_guide","lib/features/listening/domain/lesson_guide_flow.dart"
"Chào con! Hôm nay mình bắt đầu với bài “Hobby Time”. Con nghe cô trước, rồi nói lại theo cô. Nếu muốn nghe lại hoặc dừng, con bấm nút Main nhé.","vi-VN","compatibility","missing_exact_audio","","legacy_guide","lib/features/listening/domain/lesson_guide_flow.dart"
"Chào con! Hôm nay mình bắt đầu với bài “How Do You Go?”. Con nghe cô trước, rồi nói lại theo cô. Nếu muốn nghe lại hoặc dừng, con bấm nút Main nhé.","vi-VN","compatibility","missing_exact_audio","","legacy_guide","lib/features/listening/domain/lesson_guide_flow.dart"
"Chào con! Hôm nay mình bắt đầu với bài “How Much?”. Con nghe cô trước, rồi nói lại theo cô. Nếu muốn nghe lại hoặc dừng, con bấm nút Main nhé.","vi-VN","compatibility","missing_exact_audio","","legacy_guide","lib/features/listening/domain/lesson_guide_flow.dart"
"Chào con! Hôm nay mình bắt đầu với bài “In Class”. Con nghe cô trước, rồi nói lại theo cô. Nếu muốn nghe lại hoặc dừng, con bấm nút Main nhé.","vi-VN","compatibility","missing_exact_audio","","legacy_guide","lib/features/listening/domain/lesson_guide_flow.dart"
"Chào con! Hôm nay mình bắt đầu với bài “J to R Letters”. Con nghe cô trước, rồi nói lại theo cô. Nếu muốn nghe lại hoặc dừng, con bấm nút Main nhé.","vi-VN","compatibility","missing_exact_audio","","legacy_guide","lib/features/listening/domain/lesson_guide_flow.dart"
"Chào con! Hôm nay mình bắt đầu với bài “J to R Words”. Con nghe cô trước, rồi nói lại theo cô. Nếu muốn nghe lại hoặc dừng, con bấm nút Main nhé.","vi-VN","compatibility","missing_exact_audio","","legacy_guide","lib/features/listening/domain/lesson_guide_flow.dart"
"Chào con! Hôm nay mình bắt đầu với bài “Make a Plan”. Con nghe cô trước, rồi nói lại theo cô. Nếu muốn nghe lại hoặc dừng, con bấm nút Main nhé.","vi-VN","compatibility","missing_exact_audio","","legacy_guide","lib/features/listening/domain/lesson_guide_flow.dart"
"Chào con! Hôm nay mình bắt đầu với bài “Meet My Family”. Con nghe cô trước, rồi nói lại theo cô. Nếu muốn nghe lại hoặc dừng, con bấm nút Main nhé.","vi-VN","compatibility","missing_exact_audio","","legacy_guide","lib/features/listening/domain/lesson_guide_flow.dart"
"Chào con! Hôm nay mình bắt đầu với bài “Menu Words”. Con nghe cô trước, rồi nói lại theo cô. Nếu muốn nghe lại hoặc dừng, con bấm nút Main nhé.","vi-VN","compatibility","missing_exact_audio","","legacy_guide","lib/features/listening/domain/lesson_guide_flow.dart"
"Chào con! Hôm nay mình bắt đầu với bài “Move With Me”. Con nghe cô trước, rồi nói lại theo cô. Nếu muốn nghe lại hoặc dừng, con bấm nút Main nhé.","vi-VN","compatibility","missing_exact_audio","","legacy_guide","lib/features/listening/domain/lesson_guide_flow.dart"
"Chào con! Hôm nay mình bắt đầu với bài “My Choice”. Con nghe cô trước, rồi nói lại theo cô. Nếu muốn nghe lại hoặc dừng, con bấm nút Main nhé.","vi-VN","compatibility","missing_exact_audio","","legacy_guide","lib/features/listening/domain/lesson_guide_flow.dart"
"Chào con! Hôm nay mình bắt đầu với bài “My Devices”. Con nghe cô trước, rồi nói lại theo cô. Nếu muốn nghe lại hoặc dừng, con bấm nút Main nhé.","vi-VN","compatibility","missing_exact_audio","","legacy_guide","lib/features/listening/domain/lesson_guide_flow.dart"
"Chào con! Hôm nay mình bắt đầu với bài “My Feelings”. Con nghe cô trước, rồi nói lại theo cô. Nếu muốn nghe lại hoặc dừng, con bấm nút Main nhé.","vi-VN","compatibility","missing_exact_audio","","legacy_guide","lib/features/listening/domain/lesson_guide_flow.dart"
"Chào con! Hôm nay mình bắt đầu với bài “My Goal”. Con nghe cô trước, rồi nói lại theo cô. Nếu muốn nghe lại hoặc dừng, con bấm nút Main nhé.","vi-VN","compatibility","missing_exact_audio","","legacy_guide","lib/features/listening/domain/lesson_guide_flow.dart"
"Chào con! Hôm nay mình bắt đầu với bài “My Opinion”. Con nghe cô trước, rồi nói lại theo cô. Nếu muốn nghe lại hoặc dừng, con bấm nút Main nhé.","vi-VN","compatibility","missing_exact_audio","","legacy_guide","lib/features/listening/domain/lesson_guide_flow.dart"
"Chào con! Hôm nay mình bắt đầu với bài “My Order”. Con nghe cô trước, rồi nói lại theo cô. Nếu muốn nghe lại hoặc dừng, con bấm nút Main nhé.","vi-VN","compatibility","missing_exact_audio","","legacy_guide","lib/features/listening/domain/lesson_guide_flow.dart"
"Chào con! Hôm nay mình bắt đầu với bài “My Plan”. Con nghe cô trước, rồi nói lại theo cô. Nếu muốn nghe lại hoặc dừng, con bấm nút Main nhé.","vi-VN","compatibility","missing_exact_audio","","legacy_guide","lib/features/listening/domain/lesson_guide_flow.dart"
"Chào con! Hôm nay mình bắt đầu với bài “My Routine”. Con nghe cô trước, rồi nói lại theo cô. Nếu muốn nghe lại hoặc dừng, con bấm nút Main nhé.","vi-VN","compatibility","missing_exact_audio","","legacy_guide","lib/features/listening/domain/lesson_guide_flow.dart"
"Chào con! Hôm nay mình bắt đầu với bài “My Skills”. Con nghe cô trước, rồi nói lại theo cô. Nếu muốn nghe lại hoặc dừng, con bấm nút Main nhé.","vi-VN","compatibility","missing_exact_audio","","legacy_guide","lib/features/listening/domain/lesson_guide_flow.dart"
"Chào con! Hôm nay mình bắt đầu với bài “My Turn”. Con nghe cô trước, rồi nói lại theo cô. Nếu muốn nghe lại hoặc dừng, con bấm nút Main nhé.","vi-VN","compatibility","missing_exact_audio","","legacy_guide","lib/features/listening/domain/lesson_guide_flow.dart"
"Chào con! Hôm nay mình bắt đầu với bài “My Week”. Con nghe cô trước, rồi nói lại theo cô. Nếu muốn nghe lại hoặc dừng, con bấm nút Main nhé.","vi-VN","compatibility","missing_exact_audio","","legacy_guide","lib/features/listening/domain/lesson_guide_flow.dart"
"Chào con! Hôm nay mình bắt đầu với bài “Next Step”. Con nghe cô trước, rồi nói lại theo cô. Nếu muốn nghe lại hoặc dừng, con bấm nút Main nhé.","vi-VN","compatibility","missing_exact_audio","","legacy_guide","lib/features/listening/domain/lesson_guide_flow.dart"
"Chào con! Hôm nay mình bắt đầu với bài “Numbers 1-10”. Con nghe cô trước, rồi nói lại theo cô. Nếu muốn nghe lại hoặc dừng, con bấm nút Main nhé.","vi-VN","compatibility","missing_exact_audio","","legacy_guide","lib/features/listening/domain/lesson_guide_flow.dart"
"Chào con! Hôm nay mình bắt đầu với bài “Numbers 11-20”. Con nghe cô trước, rồi nói lại theo cô. Nếu muốn nghe lại hoặc dừng, con bấm nút Main nhé.","vi-VN","compatibility","missing_exact_audio","","legacy_guide","lib/features/listening/domain/lesson_guide_flow.dart"
"Chào con! Hôm nay mình bắt đầu với bài “Numbers in Life”. Con nghe cô trước, rồi nói lại theo cô. Nếu muốn nghe lại hoặc dừng, con bấm nút Main nhé.","vi-VN","compatibility","missing_exact_audio","","legacy_guide","lib/features/listening/domain/lesson_guide_flow.dart"
"Chào con! Hôm nay mình bắt đầu với bài “One to Ten”. Con nghe cô trước, rồi nói lại theo cô. Nếu muốn nghe lại hoặc dừng, con bấm nút Main nhé.","vi-VN","compatibility","missing_exact_audio","","legacy_guide","lib/features/listening/domain/lesson_guide_flow.dart"
"Chào con! Hôm nay mình bắt đầu với bài “Online Words”. Con nghe cô trước, rồi nói lại theo cô. Nếu muốn nghe lại hoặc dừng, con bấm nút Main nhé.","vi-VN","compatibility","missing_exact_audio","","legacy_guide","lib/features/listening/domain/lesson_guide_flow.dart"
"Chào con! Hôm nay mình bắt đầu với bài “Place Words”. Con nghe cô trước, rồi nói lại theo cô. Nếu muốn nghe lại hoặc dừng, con bấm nút Main nhé.","vi-VN","compatibility","missing_exact_audio","","legacy_guide","lib/features/listening/domain/lesson_guide_flow.dart"
"Chào con! Hôm nay mình bắt đầu với bài “Plan My Time”. Con nghe cô trước, rồi nói lại theo cô. Nếu muốn nghe lại hoặc dừng, con bấm nút Main nhé.","vi-VN","compatibility","missing_exact_audio","","legacy_guide","lib/features/listening/domain/lesson_guide_flow.dart"
"Chào con! Hôm nay mình bắt đầu với bài “Plan the Day”. Con nghe cô trước, rồi nói lại theo cô. Nếu muốn nghe lại hoặc dừng, con bấm nút Main nhé.","vi-VN","compatibility","missing_exact_audio","","legacy_guide","lib/features/listening/domain/lesson_guide_flow.dart"
"Chào con! Hôm nay mình bắt đầu với bài “Plan Words”. Con nghe cô trước, rồi nói lại theo cô. Nếu muốn nghe lại hoặc dừng, con bấm nút Main nhé.","vi-VN","compatibility","missing_exact_audio","","legacy_guide","lib/features/listening/domain/lesson_guide_flow.dart"
"Chào con! Hôm nay mình bắt đầu với bài “Play Together”. Con nghe cô trước, rồi nói lại theo cô. Nếu muốn nghe lại hoặc dừng, con bấm nút Main nhé.","vi-VN","compatibility","missing_exact_audio","","legacy_guide","lib/features/listening/domain/lesson_guide_flow.dart"
"Chào con! Hôm nay mình bắt đầu với bài “Polite Replies”. Con nghe cô trước, rồi nói lại theo cô. Nếu muốn nghe lại hoặc dừng, con bấm nút Main nhé.","vi-VN","compatibility","missing_exact_audio","","legacy_guide","lib/features/listening/domain/lesson_guide_flow.dart"
"Chào con! Hôm nay mình bắt đầu với bài “Price & Budget”. Con nghe cô trước, rồi nói lại theo cô. Nếu muốn nghe lại hoặc dừng, con bấm nút Main nhé.","vi-VN","compatibility","missing_exact_audio","","legacy_guide","lib/features/listening/domain/lesson_guide_flow.dart"
"Chào con! Hôm nay mình bắt đầu với bài “Private Info”. Con nghe cô trước, rồi nói lại theo cô. Nếu muốn nghe lại hoặc dừng, con bấm nút Main nhé.","vi-VN","compatibility","missing_exact_audio","","legacy_guide","lib/features/listening/domain/lesson_guide_flow.dart"
"Chào con! Hôm nay mình bắt đầu với bài “Problem Phrases”. Con nghe cô trước, rồi nói lại theo cô. Nếu muốn nghe lại hoặc dừng, con bấm nút Main nhé.","vi-VN","compatibility","missing_exact_audio","","legacy_guide","lib/features/listening/domain/lesson_guide_flow.dart"
"Chào con! Hôm nay mình bắt đầu với bài “S to Z Letters”. Con nghe cô trước, rồi nói lại theo cô. Nếu muốn nghe lại hoặc dừng, con bấm nút Main nhé.","vi-VN","compatibility","missing_exact_audio","","legacy_guide","lib/features/listening/domain/lesson_guide_flow.dart"
"Chào con! Hôm nay mình bắt đầu với bài “S to Z Words”. Con nghe cô trước, rồi nói lại theo cô. Nếu muốn nghe lại hoặc dừng, con bấm nút Main nhé.","vi-VN","compatibility","missing_exact_audio","","legacy_guide","lib/features/listening/domain/lesson_guide_flow.dart"
"Chào con! Hôm nay mình bắt đầu với bài “Save Resources”. Con nghe cô trước, rồi nói lại theo cô. Nếu muốn nghe lại hoặc dừng, con bấm nút Main nhé.","vi-VN","compatibility","missing_exact_audio","","legacy_guide","lib/features/listening/domain/lesson_guide_flow.dart"
"Chào con! Hôm nay mình bắt đầu với bài “School Subjects”. Con nghe cô trước, rồi nói lại theo cô. Nếu muốn nghe lại hoặc dừng, con bấm nút Main nhé.","vi-VN","compatibility","missing_exact_audio","","legacy_guide","lib/features/listening/domain/lesson_guide_flow.dart"
"Chào con! Hôm nay mình bắt đầu với bài “School Words”. Con nghe cô trước, rồi nói lại theo cô. Nếu muốn nghe lại hoặc dừng, con bấm nút Main nhé.","vi-VN","compatibility","missing_exact_audio","","legacy_guide","lib/features/listening/domain/lesson_guide_flow.dart"
"Chào con! Hôm nay mình bắt đầu với bài “Shape Words”. Con nghe cô trước, rồi nói lại theo cô. Nếu muốn nghe lại hoặc dừng, con bấm nút Main nhé.","vi-VN","compatibility","missing_exact_audio","","legacy_guide","lib/features/listening/domain/lesson_guide_flow.dart"
"Chào con! Hôm nay mình bắt đầu với bài “Shapes Around Me”. Con nghe cô trước, rồi nói lại theo cô. Nếu muốn nghe lại hoặc dừng, con bấm nút Main nhé.","vi-VN","compatibility","missing_exact_audio","","legacy_guide","lib/features/listening/domain/lesson_guide_flow.dart"
"Chào con! Hôm nay mình bắt đầu với bài “Shop Words”. Con nghe cô trước, rồi nói lại theo cô. Nếu muốn nghe lại hoặc dừng, con bấm nút Main nhé.","vi-VN","compatibility","missing_exact_audio","","legacy_guide","lib/features/listening/domain/lesson_guide_flow.dart"
"Chào con! Hôm nay mình bắt đầu với bài “Simple Directions”. Con nghe cô trước, rồi nói lại theo cô. Nếu muốn nghe lại hoặc dừng, con bấm nút Main nhé.","vi-VN","compatibility","missing_exact_audio","","legacy_guide","lib/features/listening/domain/lesson_guide_flow.dart"
"Chào con! Hôm nay mình bắt đầu với bài “Simple Solutions”. Con nghe cô trước, rồi nói lại theo cô. Nếu muốn nghe lại hoặc dừng, con bấm nút Main nhé.","vi-VN","compatibility","missing_exact_audio","","legacy_guide","lib/features/listening/domain/lesson_guide_flow.dart"
"Chào con! Hôm nay mình bắt đầu với bài “Small Steps”. Con nghe cô trước, rồi nói lại theo cô. Nếu muốn nghe lại hoặc dừng, con bấm nút Main nhé.","vi-VN","compatibility","missing_exact_audio","","legacy_guide","lib/features/listening/domain/lesson_guide_flow.dart"
"Chào con! Hôm nay mình bắt đầu với bài “Station Words”. Con nghe cô trước, rồi nói lại theo cô. Nếu muốn nghe lại hoặc dừng, con bấm nút Main nhé.","vi-VN","compatibility","missing_exact_audio","","legacy_guide","lib/features/listening/domain/lesson_guide_flow.dart"
"Chào con! Hôm nay mình bắt đầu với bài “Stay Clean”. Con nghe cô trước, rồi nói lại theo cô. Nếu muốn nghe lại hoặc dừng, con bấm nút Main nhé.","vi-VN","compatibility","missing_exact_audio","","legacy_guide","lib/features/listening/domain/lesson_guide_flow.dart"
"Chào con! Hôm nay mình bắt đầu với bài “Stay Private”. Con nghe cô trước, rồi nói lại theo cô. Nếu muốn nghe lại hoặc dừng, con bấm nút Main nhé.","vi-VN","compatibility","missing_exact_audio","","legacy_guide","lib/features/listening/domain/lesson_guide_flow.dart"
"Chào con! Hôm nay mình bắt đầu với bài “Stay Safe”. Con nghe cô trước, rồi nói lại theo cô. Nếu muốn nghe lại hoặc dừng, con bấm nút Main nhé.","vi-VN","compatibility","missing_exact_audio","","legacy_guide","lib/features/listening/domain/lesson_guide_flow.dart"
"Chào con! Hôm nay mình bắt đầu với bài “Stress Signs”. Con nghe cô trước, rồi nói lại theo cô. Nếu muốn nghe lại hoặc dừng, con bấm nút Main nhé.","vi-VN","compatibility","missing_exact_audio","","legacy_guide","lib/features/listening/domain/lesson_guide_flow.dart"
"Chào con! Hôm nay mình bắt đầu với bài “Study Actions”. Con nghe cô trước, rồi nói lại theo cô. Nếu muốn nghe lại hoặc dừng, con bấm nút Main nhé.","vi-VN","compatibility","missing_exact_audio","","legacy_guide","lib/features/listening/domain/lesson_guide_flow.dart"
"Chào con! Hôm nay mình bắt đầu với bài “Study Routine”. Con nghe cô trước, rồi nói lại theo cô. Nếu muốn nghe lại hoặc dừng, con bấm nút Main nhé.","vi-VN","compatibility","missing_exact_audio","","legacy_guide","lib/features/listening/domain/lesson_guide_flow.dart"
"Chào con! Hôm nay mình bắt đầu với bài “Tasty Foods”. Con nghe cô trước, rồi nói lại theo cô. Nếu muốn nghe lại hoặc dừng, con bấm nút Main nhé.","vi-VN","compatibility","missing_exact_audio","","legacy_guide","lib/features/listening/domain/lesson_guide_flow.dart"
"Chào con! Hôm nay mình bắt đầu với bài “Tell What Happened”. Con nghe cô trước, rồi nói lại theo cô. Nếu muốn nghe lại hoặc dừng, con bấm nút Main nhé.","vi-VN","compatibility","missing_exact_audio","","legacy_guide","lib/features/listening/domain/lesson_guide_flow.dart"
"Chào con! Hôm nay mình bắt đầu với bài “Time & Tasks”. Con nghe cô trước, rồi nói lại theo cô. Nếu muốn nghe lại hoặc dừng, con bấm nút Main nhé.","vi-VN","compatibility","missing_exact_audio","","legacy_guide","lib/features/listening/domain/lesson_guide_flow.dart"
"Chào con! Hôm nay mình bắt đầu với bài “Time Blocks”. Con nghe cô trước, rồi nói lại theo cô. Nếu muốn nghe lại hoặc dừng, con bấm nút Main nhé.","vi-VN","compatibility","missing_exact_audio","","legacy_guide","lib/features/listening/domain/lesson_guide_flow.dart"
"Chào con! Hôm nay mình bắt đầu với bài “Town Places”. Con nghe cô trước, rồi nói lại theo cô. Nếu muốn nghe lại hoặc dừng, con bấm nút Main nhé.","vi-VN","compatibility","missing_exact_audio","","legacy_guide","lib/features/listening/domain/lesson_guide_flow.dart"
"Chào con! Hôm nay mình bắt đầu với bài “Transport Words”. Con nghe cô trước, rồi nói lại theo cô. Nếu muốn nghe lại hoặc dừng, con bấm nút Main nhé.","vi-VN","compatibility","missing_exact_audio","","legacy_guide","lib/features/listening/domain/lesson_guide_flow.dart"
"Chào con! Hôm nay mình bắt đầu với bài “Weather Choices”. Con nghe cô trước, rồi nói lại theo cô. Nếu muốn nghe lại hoặc dừng, con bấm nút Main nhé.","vi-VN","compatibility","missing_exact_audio","","legacy_guide","lib/features/listening/domain/lesson_guide_flow.dart"
"Chào con! Hôm nay mình bắt đầu với bài “Weather Words”. Con nghe cô trước, rồi nói lại theo cô. Nếu muốn nghe lại hoặc dừng, con bấm nút Main nhé.","vi-VN","compatibility","missing_exact_audio","","legacy_guide","lib/features/listening/domain/lesson_guide_flow.dart"
"Chào con! Hôm nay mình bắt đầu với bài “Weekend Fun”. Con nghe cô trước, rồi nói lại theo cô. Nếu muốn nghe lại hoặc dừng, con bấm nút Main nhé.","vi-VN","compatibility","missing_exact_audio","","legacy_guide","lib/features/listening/domain/lesson_guide_flow.dart"
"Chào con! Hôm nay mình bắt đầu với bài “Weekend Words”. Con nghe cô trước, rồi nói lại theo cô. Nếu muốn nghe lại hoặc dừng, con bấm nút Main nhé.","vi-VN","compatibility","missing_exact_audio","","legacy_guide","lib/features/listening/domain/lesson_guide_flow.dart"
"Chào con! Hôm nay mình bắt đầu với bài “Weekly Activities”. Con nghe cô trước, rồi nói lại theo cô. Nếu muốn nghe lại hoặc dừng, con bấm nút Main nhé.","vi-VN","compatibility","missing_exact_audio","","legacy_guide","lib/features/listening/domain/lesson_guide_flow.dart"
"Chào con! Hôm nay mình bắt đầu với bài “What Color?”. Con nghe cô trước, rồi nói lại theo cô. Nếu muốn nghe lại hoặc dừng, con bấm nút Main nhé.","vi-VN","compatibility","missing_exact_audio","","legacy_guide","lib/features/listening/domain/lesson_guide_flow.dart"
"Chào con! Hôm nay mình bắt đầu với bài “What Shape?”. Con nghe cô trước, rồi nói lại theo cô. Nếu muốn nghe lại hoặc dừng, con bấm nút Main nhé.","vi-VN","compatibility","missing_exact_audio","","legacy_guide","lib/features/listening/domain/lesson_guide_flow.dart"
"Chào con! Hôm nay mình bắt đầu với bài “What to Wear?”. Con nghe cô trước, rồi nói lại theo cô. Nếu muốn nghe lại hoặc dừng, con bấm nút Main nhé.","vi-VN","compatibility","missing_exact_audio","","legacy_guide","lib/features/listening/domain/lesson_guide_flow.dart"
"Chào con! Hôm nay mình bắt đầu với bài “Where Are We?”. Con nghe cô trước, rồi nói lại theo cô. Nếu muốn nghe lại hoặc dừng, con bấm nút Main nhé.","vi-VN","compatibility","missing_exact_audio","","legacy_guide","lib/features/listening/domain/lesson_guide_flow.dart"
"Chào con! Hôm nay mình bắt đầu với bài “Which Animal?”. Con nghe cô trước, rồi nói lại theo cô. Nếu muốn nghe lại hoặc dừng, con bấm nút Main nhé.","vi-VN","compatibility","missing_exact_audio","","legacy_guide","lib/features/listening/domain/lesson_guide_flow.dart"
"Chào con! Hôm nay mình bắt đầu với bài “Yesterday Actions”. Con nghe cô trước, rồi nói lại theo cô. Nếu muốn nghe lại hoặc dừng, con bấm nút Main nhé.","vi-VN","compatibility","missing_exact_audio","","legacy_guide","lib/features/listening/domain/lesson_guide_flow.dart"
"Charge your phone.","en-US","current","ready","assets/audio/CURRICULUM/84a66f98da0a602a21ccdc88.en.v1.mp3","core_en;challenge_answer_en","lib/features/listening/presentation/lesson_practice_screen.dart;lib/features/listening/presentation/lesson_challenge_screen.dart"
"Chặn người dùng lạ.","vi-VN","current;catalog_only","ready","assets/audio/CURRICULUM/8339e766de0ab1f4dab1217b.vi.v1.mp3","core_vi;challenge_answer_vi","lib/features/listening/presentation/lesson_practice_screen.dart;assets/data/listening_lessons.json"
"Chặn người lạ: Tell an adult hay Block strangers?","vi-VN","audio_catalog_only","ready","assets/audio/CURRICULUM/90a83e0c9220d42e5a264026.vi.v1.mp3","audio_not_traced","assets/data/curriculum_audio.json"
"Chặn người lạ.","vi-VN","current;catalog_only","ready","assets/audio/CURRICULUM/60e0dbcc32f9bf1789af8536.vi.v1.mp3","core_vi;challenge_answer_vi","lib/features/listening/presentation/lesson_practice_screen.dart;assets/data/listening_lessons.json"
"Cheap.","en-US","current","ready","assets/audio/CURRICULUM/b907666d864b00911378bedd.en.v1.mp3","core_en;challenge_answer_en","lib/features/listening/presentation/lesson_practice_screen.dart;lib/features/listening/presentation/lesson_challenge_screen.dart"
"Cheaper.","en-US","current","ready","assets/audio/CURRICULUM/ee7d4ccc972ed023816cf303.en.v1.mp3","core_en;challenge_answer_en","lib/features/listening/presentation/lesson_practice_screen.dart;lib/features/listening/presentation/lesson_challenge_screen.dart"
"Check my progress.","en-US","current","ready","assets/audio/CURRICULUM/7ddde219d4d9585c35648d74.en.v1.mp3","core_en;challenge_answer_en","lib/features/listening/presentation/lesson_practice_screen.dart;lib/features/listening/presentation/lesson_challenge_screen.dart"
"Check my work.","en-US","current","ready","assets/audio/CURRICULUM/3f3adef81a1bcb97f2074514.en.v1.mp3","core_en;challenge_answer_en","lib/features/listening/presentation/lesson_practice_screen.dart;lib/features/listening/presentation/lesson_challenge_screen.dart"
"Check your bag again.","en-US","current","ready","assets/audio/CURRICULUM/c7f57e0094a841f0c030c910.en.v1.mp3","core_en;challenge_answer_en","lib/features/listening/presentation/lesson_practice_screen.dart;lib/features/listening/presentation/lesson_challenge_screen.dart"
"Chị/em gái của mình: My family hay My sister?","vi-VN","current","ready","assets/audio/CURRICULUM/4f194d1d99e82f69d7bd38c3.vi.v1.mp3","challenge_question","lib/features/listening/presentation/lesson_challenge_screen.dart"
"Chị/em gái của mình.","vi-VN","current;catalog_only","ready","assets/audio/CURRICULUM/1f346beab007c56e95a5d558.vi.v1.mp3","core_vi;challenge_answer_vi","lib/features/listening/presentation/lesson_practice_screen.dart;assets/data/listening_lessons.json"
"Chị/em gái: Family hay Sister?","vi-VN","current","ready","assets/audio/CURRICULUM/54e522715b5c2a0511dffcf8.vi.v1.mp3","challenge_question","lib/features/listening/presentation/lesson_challenge_screen.dart"
"Chị/em gái.","vi-VN","current;catalog_only","ready","assets/audio/CURRICULUM/79612d5d03062a52aae753cc.vi.v1.mp3","core_vi;challenge_answer_vi","lib/features/listening/presentation/lesson_practice_screen.dart;assets/data/listening_lessons.json"
"Chìa khóa: Key hay Lamp?","vi-VN","current","ready","assets/audio/CURRICULUM/e805e98b7499f7217310497c.vi.v1.mp3","challenge_question","lib/features/listening/presentation/lesson_challenge_screen.dart"
"Chìa khóa.","vi-VN","current;catalog_only","ready","assets/audio/CURRICULUM/02a73d6288b2addc5266bb84.vi.v1.mp3","core_vi;challenge_answer_vi","lib/features/listening/presentation/lesson_practice_screen.dart;assets/data/listening_lessons.json"
"Chim có thể bay: Birds can fly hay Fish can swim?","vi-VN","current","ready","assets/audio/CURRICULUM/7481a4da62b418b863a4343a.vi.v1.mp3","challenge_question","lib/features/listening/presentation/lesson_challenge_screen.dart"
"Chim có thể bay.","vi-VN","current;catalog_only","ready","assets/audio/CURRICULUM/53c3716b0765def20726905f.vi.v1.mp3","core_vi;challenge_answer_vi","lib/features/listening/presentation/lesson_practice_screen.dart;assets/data/listening_lessons.json"
"Chín: Nine hay Ten?","vi-VN","current","ready","assets/audio/CURRICULUM/57681fc6aa3839761de06e81.vi.v1.mp3","challenge_question","lib/features/listening/presentation/lesson_challenge_screen.dart"
"Chín.","vi-VN","current;catalog_only","ready","assets/audio/CURRICULUM/a2ab670f5b6b2c861990d005.vi.v1.mp3","core_vi;challenge_answer_vi","lib/features/listening/presentation/lesson_practice_screen.dart;assets/data/listening_lessons.json"
"Cho mình cái này nhé: No, thank you hay This one, please?","vi-VN","current","ready","assets/audio/CURRICULUM/5cf9054e5b9611f5c977b83f.vi.v1.mp3","challenge_question","lib/features/listening/presentation/lesson_challenge_screen.dart"
"Cho mình cái này nhé.","vi-VN","current;catalog_only","ready","assets/audio/CURRICULUM/1190981a38b9fe123fc73988.vi.v1.mp3","core_vi;challenge_answer_vi","lib/features/listening/presentation/lesson_practice_screen.dart;assets/data/listening_lessons.json"
"Cho mình chuối nhé: Rice, please hay Banana, please?","vi-VN","current","ready","assets/audio/CURRICULUM/f350f5c3e858656f63dbd988.vi.v1.mp3","challenge_question","lib/features/listening/presentation/lesson_challenge_screen.dart"
"Cho mình chuối nhé.","vi-VN","current;catalog_only","ready","assets/audio/CURRICULUM/87d4aa52ab6f1f5e1e6ed67c.vi.v1.mp3","core_vi;challenge_answer_vi","lib/features/listening/presentation/lesson_practice_screen.dart;assets/data/listening_lessons.json"
"Cho mình cơm nhé: Rice, please hay Milk, please?","vi-VN","current","ready","assets/audio/CURRICULUM/c5588f94b585ead923da8532.vi.v1.mp3","challenge_question","lib/features/listening/presentation/lesson_challenge_screen.dart"
"Cho mình cơm nhé.","vi-VN","current;catalog_only","ready","assets/audio/CURRICULUM/59bffed3782a825e04a6216c.vi.v1.mp3","core_vi;challenge_answer_vi","lib/features/listening/presentation/lesson_practice_screen.dart;assets/data/listening_lessons.json"
"Cho mình một cây bút chì nhé: A pencil, please hay Here you are?","vi-VN","audio_catalog_only","ready","assets/audio/CURRICULUM/0072c2b86143e9925df60f91.vi.v1.mp3","audio_not_traced","assets/data/curriculum_audio.json"
"Cho mình một cây bút chì nhé.","vi-VN","current;catalog_only","ready","assets/audio/CURRICULUM/517847c287b850e1e8fe7ef7.vi.v1.mp3","core_vi;challenge_answer_vi","lib/features/listening/presentation/lesson_practice_screen.dart;assets/data/listening_lessons.json"
"Cho mình một vé nhé: One ticket, please hay Which platform?","vi-VN","current","ready","assets/audio/CURRICULUM/7f3e5ac51e83fb4830643dca.vi.v1.mp3","challenge_question","lib/features/listening/presentation/lesson_challenge_screen.dart"
"Cho mình một vé nhé.","vi-VN","current;catalog_only","ready","assets/audio/CURRICULUM/68c1ab6e3b1713cdc28ea7ac.vi.v1.mp3","core_vi;challenge_answer_vi","lib/features/listening/presentation/lesson_practice_screen.dart;assets/data/listening_lessons.json"
"Cho mình mượn sạc nhé: Please call my Dad hay A charger, please?","vi-VN","audio_catalog_only","ready","assets/audio/CURRICULUM/7a5520091e4ba8cca21d326a.vi.v1.mp3","audio_not_traced","assets/data/curriculum_audio.json"
"Cho mình mượn sạc nhé.","vi-VN","current;catalog_only","ready","assets/audio/CURRICULUM/f163bab6c918928933f0c7c9.vi.v1.mp3","core_vi;challenge_answer_vi","lib/features/listening/presentation/lesson_practice_screen.dart;assets/data/listening_lessons.json"
"Cho mình nước nhé: Anything else? hay Water, please?","vi-VN","audio_catalog_only","ready","assets/audio/CURRICULUM/e9bbb0cc59cd7f37c6f769da.vi.v1.mp3","audio_not_traced","assets/data/curriculum_audio.json"
"Cho mình nước nhé: Water, please hay Apple, please?","vi-VN","current","ready","assets/audio/CURRICULUM/c59bd4ae65ffe5b202238a6d.vi.v1.mp3","challenge_question","lib/features/listening/presentation/lesson_challenge_screen.dart"
"Cho mình nước nhé.","vi-VN","current;catalog_only","ready","assets/audio/CURRICULUM/e8ce7571066dde1f32f58da8.vi.v1.mp3","core_vi;challenge_answer_vi","lib/features/listening/presentation/lesson_practice_screen.dart;assets/data/listening_lessons.json"
"Cho mình sữa nhé: Water, please hay Milk, please?","vi-VN","current","ready","assets/audio/CURRICULUM/0188d2796704234935d36d40.vi.v1.mp3","challenge_question","lib/features/listening/presentation/lesson_challenge_screen.dart"
"Cho mình sữa nhé.","vi-VN","current;catalog_only","ready","assets/audio/CURRICULUM/6e2d2968c78624644d497f95.vi.v1.mp3","core_vi;challenge_answer_vi","lib/features/listening/presentation/lesson_practice_screen.dart;assets/data/listening_lessons.json"
"Cho mình táo nhé: Apple, please hay Banana, please?","vi-VN","current","ready","assets/audio/CURRICULUM/a2f22fc3e63cae278d221b30.vi.v1.mp3","challenge_question","lib/features/listening/presentation/lesson_challenge_screen.dart"
"Cho mình táo nhé.","vi-VN","current;catalog_only","ready","assets/audio/CURRICULUM/d2b7bfccc4683826ce0bf610.vi.v1.mp3","core_vi;challenge_answer_vi","lib/features/listening/presentation/lesson_practice_screen.dart;assets/data/listening_lessons.json"
"Chơi bên ngoài: Play outside hay Stay inside?","vi-VN","current","ready","assets/audio/CURRICULUM/7fc30c9a3aa6ee34d1155604.vi.v1.mp3","challenge_question","lib/features/listening/presentation/lesson_challenge_screen.dart"
"Chơi bên ngoài.","vi-VN","current;catalog_only","ready","assets/audio/CURRICULUM/abc0fcc8c3613485789a9c53.vi.v1.mp3","core_vi;challenge_answer_vi","lib/features/listening/presentation/lesson_practice_screen.dart;assets/data/listening_lessons.json"
"Chơi bóng đá: Play soccer hay Draw pictures?","vi-VN","audio_catalog_only","ready","assets/audio/CURRICULUM/c28a5b7221d0e89ed74741f6.vi.v1.mp3","audio_not_traced","assets/data/curriculum_audio.json"
"Chơi bóng đá: Play soccer hay Ride a bike?","vi-VN","current","ready","assets/audio/CURRICULUM/4ee60bbd489efc2c48153b45.vi.v1.mp3","challenge_question","lib/features/listening/presentation/lesson_challenge_screen.dart"
"Chơi bóng đá.","vi-VN","current;catalog_only","ready","assets/audio/CURRICULUM/d39a162b2ce5e994a9977c09.vi.v1.mp3","core_vi;challenge_answer_vi","lib/features/listening/presentation/lesson_practice_screen.dart;assets/data/listening_lessons.json"
"Chơi cờ: Play chess hay Play soccer?","vi-VN","current","ready","assets/audio/CURRICULUM/71fffd055641296bf5782fcd.vi.v1.mp3","challenge_question","lib/features/listening/presentation/lesson_challenge_screen.dart"
"Chơi cờ.","vi-VN","current;catalog_only","ready","assets/audio/CURRICULUM/8dd621b118a350eda072c1eb.vi.v1.mp3","core_vi;challenge_answer_vi","lib/features/listening/presentation/lesson_practice_screen.dart;assets/data/listening_lessons.json"
"Chơi cùng mình nhé: Come with me hay Play with me?","vi-VN","current","ready","assets/audio/CURRICULUM/d51e668bdabd244c60b19436.vi.v1.mp3","challenge_question","lib/features/listening/presentation/lesson_challenge_screen.dart"
"Chơi cùng mình nhé: Play with me hay Come with me?","vi-VN","audio_catalog_only","ready","assets/audio/CURRICULUM/cafa30d9de859607c06930a1.vi.v1.mp3","audio_not_traced","assets/data/curriculum_audio.json"
"Chơi cùng mình nhé.","vi-VN","current;catalog_only","ready","assets/audio/CURRICULUM/f2eb09186af858ad9a7d127c.vi.v1.mp3","core_vi;challenge_answer_vi","lib/features/listening/presentation/lesson_practice_screen.dart;assets/data/listening_lessons.json"
"Chơi hay lắm: Good game hay My turn?","vi-VN","current","ready","assets/audio/CURRICULUM/06f64eddd0d9cec8c7006c05.vi.v1.mp3","challenge_question","lib/features/listening/presentation/lesson_challenge_screen.dart"
"Chơi hay lắm!","vi-VN","current;catalog_only","ready","assets/audio/CURRICULUM/f5e93eae385b2898b4f998ab.vi.v1.mp3","core_vi;challenge_answer_vi","lib/features/listening/presentation/lesson_practice_screen.dart;assets/data/listening_lessons.json"
"Chơi sau giờ học: Sleep at night hay Play after school?","vi-VN","current","ready","assets/audio/CURRICULUM/db9edbfbcf3c74cc3b2a841c.vi.v1.mp3","challenge_question","lib/features/listening/presentation/lesson_challenge_screen.dart"
"Chơi sau giờ học.","vi-VN","current;catalog_only","ready","assets/audio/CURRICULUM/6fb358bd5b0be0f99fad8a8f.vi.v1.mp3","core_vi;challenge_answer_vi","lib/features/listening/presentation/lesson_practice_screen.dart;assets/data/listening_lessons.json"
"Chơi thể thao: Play sports hay Remember words?","vi-VN","audio_catalog_only","ready","assets/audio/CURRICULUM/05226c454297a958778bec5b.vi.v1.mp3","audio_not_traced","assets/data/curriculum_audio.json"
"Chơi thể thao: Read books hay Play sports?","vi-VN","audio_catalog_only","ready","assets/audio/CURRICULUM/d82fc3ebfb96f5e6396cfe34.vi.v1.mp3","audio_not_traced","assets/data/curriculum_audio.json"
"Chơi thể thao.","vi-VN","current;catalog_only","ready","assets/audio/CURRICULUM/0541d1d222519abcdd7abe74.vi.v1.mp3","core_vi;challenge_answer_vi","lib/features/listening/presentation/lesson_practice_screen.dart;assets/data/listening_lessons.json"
"Chơi: Play hay Bath?","vi-VN","current","ready","assets/audio/CURRICULUM/596381b60cbd4518db63edb4.vi.v1.mp3","challenge_question","lib/features/listening/presentation/lesson_challenge_screen.dart"
"Chơi.","vi-VN","current;catalog_only","ready","assets/audio/CURRICULUM/c1edf44809f372ef59c513cb.vi.v1.mp3","core_vi;challenge_answer_vi","lib/features/listening/presentation/lesson_practice_screen.dart;assets/data/listening_lessons.json"
"Chủ đề 1 bạn đã học xong rồi. Bạn muốn học chủ đề khác hay học lại?","vi-VN","current","ready","assets/audio/MAIN/GAP28-006.vi.v1.mp3","main_flow;topic_replay","lib/features/voice_navigation/application/main_voice_assistant_flow.dart;lib/features/listening/presentation/topic_listening_screen.dart:899"
"Chủ đề 1.","vi-VN","audio_catalog_only","ready","assets/audio/CURRICULUM/9db559d9bb78ca1a3ae53170.vi.v1.mp3","audio_not_traced","assets/data/curriculum_audio.json"
"Chủ đề 1. Bài đầu tiên là A to I Letters. Mình cùng học các chữ cái và từ quen thuộc nhé. Bắt đầu nhé.","vi-VN","conditional","ready","assets/audio/CURRICULUM/44b64df0467ff4fb56664c29.vi.v1.mp3","intro_display_shadowed_by_uri","lib/features/listening/presentation/lesson_intro_screen.dart"
"Chủ đề 1. Bài đầu tiên là A to I Words. Mình cùng học chữ cái qua những từ quen thuộc nhé. Bắt đầu nhé.","vi-VN","conditional","ready","assets/audio/CURRICULUM/123764435845c9dcba835afd.vi.v1.mp3","intro_display_shadowed_by_uri","lib/features/listening/presentation/lesson_intro_screen.dart"
"Chủ đề 1. Bài đầu tiên là Time & Tasks. Mấy giờ rồi nhỉ? Bắt đầu nhé.","vi-VN","conditional","ready","assets/audio/CURRICULUM/1e91c4a0a34fb5f828a2f647.vi.v1.mp3","intro_display_shadowed_by_uri","lib/features/listening/presentation/lesson_intro_screen.dart"
"Chủ đề 1. Bài đầu tiên là Time Blocks. Mình luyện cách sắp xếp thời gian. Bắt đầu nhé.","vi-VN","conditional","ready","assets/audio/CURRICULUM/34adb4d066e30865243258aa.vi.v1.mp3","intro_display_shadowed_by_uri","lib/features/listening/presentation/lesson_intro_screen.dart"
"Chủ đề 1. Bài đầu tiên là Weekly Activities. Mình luyện cách nói về lịch trong tuần. Bắt đầu nhé.","vi-VN","conditional","ready","assets/audio/CURRICULUM/881df772919888fd47b0fdda.vi.v1.mp3","intro_display_shadowed_by_uri","lib/features/listening/presentation/lesson_intro_screen.dart"
"Chủ đề 10 bạn đã học xong rồi. Bạn muốn học chủ đề khác hay học lại?","vi-VN","current","ready","assets/audio/MAIN/GAP28-015.vi.v1.mp3","main_flow;topic_replay","lib/features/voice_navigation/application/main_voice_assistant_flow.dart;lib/features/listening/presentation/topic_listening_screen.dart:899"
"Chủ đề 10.","vi-VN","audio_catalog_only","ready","assets/audio/CURRICULUM/93c921bd66c026b947d8fe5f.vi.v1.mp3","audio_not_traced","assets/data/curriculum_audio.json"
"Chủ đề 10. Bài đầu tiên là Day Actions. Mình cùng học các hoạt động trong ngày nhé. Bắt đầu nhé.","vi-VN","conditional","ready","assets/audio/CURRICULUM/ea8ed5f3e24fc717ddfe3702.vi.v1.mp3","intro_display_shadowed_by_uri","lib/features/listening/presentation/lesson_intro_screen.dart"
"Chủ đề 10. Bài đầu tiên là My Plan. Mình luyện kế hoạch tương lai và bước tiếp theo. Bắt đầu nhé.","vi-VN","conditional","ready","assets/audio/CURRICULUM/3ffb9f444f590f6844a73897.vi.v1.mp3","intro_display_shadowed_by_uri","lib/features/listening/presentation/lesson_intro_screen.dart"
"Chủ đề 10. Bài đầu tiên là Plan the Day. Hôm nay được đi chơi. Chọn gì nhỉ? Bắt đầu nhé.","vi-VN","conditional","ready","assets/audio/CURRICULUM/32dc88d192fe557f2fb50123.vi.v1.mp3","intro_display_shadowed_by_uri","lib/features/listening/presentation/lesson_intro_screen.dart"
"Chủ đề 10. Bài đầu tiên là Save Resources. Mình luyện các hành động thân thiện môi trường. Bắt đầu nhé.","vi-VN","conditional","ready","assets/audio/CURRICULUM/025c813d7ad1d15746097a76.vi.v1.mp3","intro_display_shadowed_by_uri","lib/features/listening/presentation/lesson_intro_screen.dart"
"Chủ đề 10. Bài đầu tiên là Weekend Words. Mình cùng học hoạt động cuối tuần nhé. Bắt đầu nhé.","vi-VN","conditional","ready","assets/audio/CURRICULUM/a5e741da0a6c9d34fdb7533f.vi.v1.mp3","intro_display_shadowed_by_uri","lib/features/listening/presentation/lesson_intro_screen.dart"
"Chủ đề 2 bạn đã học xong rồi. Bạn muốn học chủ đề khác hay học lại?","vi-VN","current","ready","assets/audio/MAIN/GAP28-007.vi.v1.mp3","main_flow;topic_replay","lib/features/voice_navigation/application/main_voice_assistant_flow.dart;lib/features/listening/presentation/topic_listening_screen.dart:899"
"Chủ đề 2.","vi-VN","audio_catalog_only","ready","assets/audio/CURRICULUM/fa2aff1bdfd1ee63b3219037.vi.v1.mp3","audio_not_traced","assets/data/curriculum_audio.json"
"Chủ đề 2. Bài đầu tiên là My Goal. Bạn muốn cải thiện điều gì? Bắt đầu nhé.","vi-VN","conditional","ready","assets/audio/CURRICULUM/957dea4ec4fa0b3350a3183d.vi.v1.mp3","intro_display_shadowed_by_uri","lib/features/listening/presentation/lesson_intro_screen.dart"
"Chủ đề 2. Bài đầu tiên là Numbers 1-10. Mình cùng học các số trong đời sống nhé. Bắt đầu nhé.","vi-VN","conditional","ready","assets/audio/CURRICULUM/45dd90568cdf42ba65543cfa.vi.v1.mp3","intro_display_shadowed_by_uri","lib/features/listening/presentation/lesson_intro_screen.dart"
"Chủ đề 2. Bài đầu tiên là One to Ten. Mình cùng học cách đếm số nhé. Bắt đầu nhé.","vi-VN","conditional","ready","assets/audio/CURRICULUM/dd4203dc049a55d875d8c51e.vi.v1.mp3","intro_display_shadowed_by_uri","lib/features/listening/presentation/lesson_intro_screen.dart"
"Chủ đề 2. Bài đầu tiên là School Subjects. Mình cùng luyện cách giao tiếp ở trường nhé. Bắt đầu nhé.","vi-VN","conditional","ready","assets/audio/CURRICULUM/d37462d5fc1d2a5c9b4575e5.vi.v1.mp3","intro_display_shadowed_by_uri","lib/features/listening/presentation/lesson_intro_screen.dart"
"Chủ đề 2. Bài đầu tiên là Study Actions. Làm sao học tập trung hơn? Bắt đầu nhé.","vi-VN","conditional","ready","assets/audio/CURRICULUM/d351d8bbffb1753f5c9a79a4.vi.v1.mp3","intro_display_shadowed_by_uri","lib/features/listening/presentation/lesson_intro_screen.dart"
"Chủ đề 3 bạn đã học xong rồi. Bạn muốn học chủ đề khác hay học lại?","vi-VN","current","ready","assets/audio/MAIN/GAP28-008.vi.v1.mp3","main_flow;topic_replay","lib/features/voice_navigation/application/main_voice_assistant_flow.dart;lib/features/listening/presentation/topic_listening_screen.dart:899"
"Chủ đề 3.","vi-VN","audio_catalog_only","ready","assets/audio/CURRICULUM/96067e19b9c99288b5eee21e.vi.v1.mp3","audio_not_traced","assets/data/curriculum_audio.json"
"Chủ đề 3. Bài đầu tiên là Animal Words. Mình cùng học con vật và khả năng của chúng nhé. Bắt đầu nhé.","vi-VN","conditional","ready","assets/audio/CURRICULUM/4e6bac83c88fb0d72dcb740b.vi.v1.mp3","intro_display_shadowed_by_uri","lib/features/listening/presentation/lesson_intro_screen.dart"
"Chủ đề 3. Bài đầu tiên là Color Words. Mình cùng học màu sắc nhé. Bắt đầu nhé.","vi-VN","conditional","ready","assets/audio/CURRICULUM/a147186532b31df863bffba6.vi.v1.mp3","intro_display_shadowed_by_uri","lib/features/listening/presentation/lesson_intro_screen.dart"
"Chủ đề 3. Bài đầu tiên là Hobby Time. Mình cùng luyện sở thích và khả năng nhé. Bắt đầu nhé.","vi-VN","conditional","ready","assets/audio/CURRICULUM/d30398d62d54ade3f43bdd58.vi.v1.mp3","intro_display_shadowed_by_uri","lib/features/listening/presentation/lesson_intro_screen.dart"
"Chủ đề 3. Bài đầu tiên là My Opinion. Mình luyện cách nêu ý kiến và lý do. Bắt đầu nhé.","vi-VN","conditional","ready","assets/audio/CURRICULUM/228168a2e4735e6aa91be181.vi.v1.mp3","intro_display_shadowed_by_uri","lib/features/listening/presentation/lesson_intro_screen.dart"
"Chủ đề 3. Bài đầu tiên là My Skills. Mình luyện cách nói về điểm mạnh. Bắt đầu nhé.","vi-VN","conditional","ready","assets/audio/CURRICULUM/b51eeef37d0ed26ff230a942.vi.v1.mp3","intro_display_shadowed_by_uri","lib/features/listening/presentation/lesson_intro_screen.dart"
"Chủ đề 4 bạn đã học xong rồi. Bạn muốn học chủ đề khác hay học lại?","vi-VN","current","ready","assets/audio/MAIN/GAP28-009.vi.v1.mp3","main_flow;topic_replay","lib/features/voice_navigation/application/main_voice_assistant_flow.dart;lib/features/listening/presentation/topic_listening_screen.dart:899"
"Chủ đề 4.","vi-VN","audio_catalog_only","ready","assets/audio/CURRICULUM/7d03cdd82767f4eb62ac640e.vi.v1.mp3","audio_not_traced","assets/data/curriculum_audio.json"
"Chủ đề 4. Bài đầu tiên là Price & Budget. Mình luyện cách cân nhắc chi tiêu. Bắt đầu nhé.","vi-VN","conditional","ready","assets/audio/CURRICULUM/aa4a095f3e89b5440846a411.vi.v1.mp3","intro_display_shadowed_by_uri","lib/features/listening/presentation/lesson_intro_screen.dart"
"Chủ đề 4. Bài đầu tiên là Shape Words. Mình cùng học hình dạng nhé. Bắt đầu nhé.","vi-VN","conditional","ready","assets/audio/CURRICULUM/357afb322e0eb1346b9f7ae8.vi.v1.mp3","intro_display_shadowed_by_uri","lib/features/listening/presentation/lesson_intro_screen.dart"
"Chủ đề 4. Bài đầu tiên là Tasty Foods. Mình cùng học cách nói về món mình thích nhé. Bắt đầu nhé.","vi-VN","conditional","ready","assets/audio/CURRICULUM/05755765d21c75b353a4e574.vi.v1.mp3","intro_display_shadowed_by_uri","lib/features/listening/presentation/lesson_intro_screen.dart"
"Chủ đề 4. Bài đầu tiên là Town Places. Mình cùng luyện địa điểm và cách hỏi đường nhé. Bắt đầu nhé.","vi-VN","conditional","ready","assets/audio/CURRICULUM/fb26307895c2ecac7ebb781c.vi.v1.mp3","intro_display_shadowed_by_uri","lib/features/listening/presentation/lesson_intro_screen.dart"
"Chủ đề 4. Bài đầu tiên là Transport Words. Mình luyện cách di chuyển và so sánh phương tiện. Bắt đầu nhé.","vi-VN","conditional","ready","assets/audio/CURRICULUM/4929ab3448014d4d257fce60.vi.v1.mp3","intro_display_shadowed_by_uri","lib/features/listening/presentation/lesson_intro_screen.dart"
"Chủ đề 5 bạn đã học xong rồi. Bạn muốn học chủ đề khác hay học lại?","vi-VN","current","ready","assets/audio/MAIN/GAP28-010.vi.v1.mp3","main_flow;topic_replay","lib/features/voice_navigation/application/main_voice_assistant_flow.dart;lib/features/listening/presentation/topic_listening_screen.dart:899"
"Chủ đề 5.","vi-VN","audio_catalog_only","ready","assets/audio/CURRICULUM/05a1cbd5bffdd3268861d32d.vi.v1.mp3","audio_not_traced","assets/data/curriculum_audio.json"
"Chủ đề 5. Bài đầu tiên là Animal Names. Bạn đoán xem con gì? Bắt đầu nhé.","vi-VN","conditional","ready","assets/audio/CURRICULUM/14a7fbbe766d9c78c36b180c.vi.v1.mp3","intro_display_shadowed_by_uri","lib/features/listening/presentation/lesson_intro_screen.dart"
"Chủ đề 5. Bài đầu tiên là Colors on Things. Mình cùng học màu sắc và hình dạng của đồ vật nhé. Bắt đầu nhé.","vi-VN","conditional","ready","assets/audio/CURRICULUM/045d1094264eab73e6b60106.vi.v1.mp3","intro_display_shadowed_by_uri","lib/features/listening/presentation/lesson_intro_screen.dart"
"Chủ đề 5. Bài đầu tiên là Healthy Actions. Mình luyện thói quen tốt cho sức khỏe. Bắt đầu nhé.","vi-VN","conditional","ready","assets/audio/CURRICULUM/70225887cedf2044115aae54.vi.v1.mp3","intro_display_shadowed_by_uri","lib/features/listening/presentation/lesson_intro_screen.dart"
"Chủ đề 5. Bài đầu tiên là Stress Signs. Mình luyện cách nhận biết và xử lý căng thẳng. Bắt đầu nhé.","vi-VN","conditional","ready","assets/audio/CURRICULUM/3414041f6ca018eeded772ab.vi.v1.mp3","intro_display_shadowed_by_uri","lib/features/listening/presentation/lesson_intro_screen.dart"
"Chủ đề 5. Bài đầu tiên là Weather Choices. Hôm nay trời thế nào? Bắt đầu nhé.","vi-VN","conditional","ready","assets/audio/CURRICULUM/350e86217b0f441cc93907f6.vi.v1.mp3","intro_display_shadowed_by_uri","lib/features/listening/presentation/lesson_intro_screen.dart"
"Chủ đề 6 bạn đã học xong rồi. Bạn muốn học chủ đề khác hay học lại?","vi-VN","current","ready","assets/audio/MAIN/GAP28-011.vi.v1.mp3","main_flow;topic_replay","lib/features/voice_navigation/application/main_voice_assistant_flow.dart;lib/features/listening/presentation/topic_listening_screen.dart:899"
"Chủ đề 6.","vi-VN","audio_catalog_only","ready","assets/audio/CURRICULUM/1c802872451f0ad0ac401638.vi.v1.mp3","audio_not_traced","assets/data/curriculum_audio.json"
"Chủ đề 6. Bài đầu tiên là Body Moves. Mình cùng học các hoạt động giữ cơ thể sạch khỏe nhé. Bắt đầu nhé.","vi-VN","conditional","ready","assets/audio/CURRICULUM/877291b0c3c89e04d965c8e7.vi.v1.mp3","intro_display_shadowed_by_uri","lib/features/listening/presentation/lesson_intro_screen.dart"
"Chủ đề 6. Bài đầu tiên là Body Words. Mình cùng học các bộ phận và động tác cơ thể nhé. Bắt đầu nhé.","vi-VN","conditional","ready","assets/audio/CURRICULUM/38f9137f618e1f4759733d2d.vi.v1.mp3","intro_display_shadowed_by_uri","lib/features/listening/presentation/lesson_intro_screen.dart"
"Chủ đề 6. Bài đầu tiên là My Devices. Mình cùng luyện thiết bị và cách sử dụng nhé. Bắt đầu nhé.","vi-VN","conditional","ready","assets/audio/CURRICULUM/ae6cee52513603b41bbcbc31.vi.v1.mp3","intro_display_shadowed_by_uri","lib/features/listening/presentation/lesson_intro_screen.dart"
"Chủ đề 6. Bài đầu tiên là Online Words. Mình luyện cách an toàn khi dùng mạng. Bắt đầu nhé.","vi-VN","conditional","ready","assets/audio/CURRICULUM/13f6b208a7dbc8357fa40839.vi.v1.mp3","intro_display_shadowed_by_uri","lib/features/listening/presentation/lesson_intro_screen.dart"
"Chủ đề 6. Bài đầu tiên là Private Info. Mình luyện cách bảo vệ thông tin cá nhân. Bắt đầu nhé.","vi-VN","conditional","ready","assets/audio/CURRICULUM/ef9742c7509324e02afa6763.vi.v1.mp3","intro_display_shadowed_by_uri","lib/features/listening/presentation/lesson_intro_screen.dart"
"Chủ đề 7 bạn đã học xong rồi. Bạn muốn học chủ đề khác hay học lại?","vi-VN","current","ready","assets/audio/MAIN/GAP28-012.vi.v1.mp3","main_flow;topic_replay","lib/features/voice_navigation/application/main_voice_assistant_flow.dart;lib/features/listening/presentation/topic_listening_screen.dart:899"
"Chủ đề 7.","vi-VN","audio_catalog_only","ready","assets/audio/CURRICULUM/7be154a9460477f35ae0cd00.vi.v1.mp3","audio_not_traced","assets/data/curriculum_audio.json"
"Chủ đề 7. Bài đầu tiên là Food Words. Mình cùng học đồ ăn và đồ uống nhé. Bắt đầu nhé.","vi-VN","conditional","ready","assets/audio/CURRICULUM/68fb55f13b0e9cb0140ba531.vi.v1.mp3","intro_display_shadowed_by_uri","lib/features/listening/presentation/lesson_intro_screen.dart"
"Chủ đề 7. Bài đầu tiên là Plan Words. Mình luyện cách hẹn và phản hồi lịch sự. Bắt đầu nhé.","vi-VN","conditional","ready","assets/audio/CURRICULUM/141c94351d2080edcb474351.vi.v1.mp3","intro_display_shadowed_by_uri","lib/features/listening/presentation/lesson_intro_screen.dart"
"Chủ đề 7. Bài đầu tiên là School Words. Mình cùng học ngôn ngữ dùng ở lớp nhé. Bắt đầu nhé.","vi-VN","conditional","ready","assets/audio/CURRICULUM/f31f277e8534903110d59a46.vi.v1.mp3","intro_display_shadowed_by_uri","lib/features/listening/presentation/lesson_intro_screen.dart"
"Chủ đề 7. Bài đầu tiên là Shop Words. Mình cùng luyện cách hỏi giá và chọn món nhé. Bắt đầu nhé.","vi-VN","conditional","ready","assets/audio/CURRICULUM/53df65bac0652c918f924467.vi.v1.mp3","intro_display_shadowed_by_uri","lib/features/listening/presentation/lesson_intro_screen.dart"
"Chủ đề 7. Bài đầu tiên là Station Words. Mình luyện cách hỏi thông tin ở nhà ga. Bắt đầu nhé.","vi-VN","conditional","ready","assets/audio/CURRICULUM/abdcf4106c3595098b2c27b4.vi.v1.mp3","intro_display_shadowed_by_uri","lib/features/listening/presentation/lesson_intro_screen.dart"
"Chủ đề 8 bạn đã học xong rồi. Bạn muốn học chủ đề khác hay học lại?","vi-VN","current","ready","assets/audio/MAIN/GAP28-013.vi.v1.mp3","main_flow;topic_replay","lib/features/voice_navigation/application/main_voice_assistant_flow.dart;lib/features/listening/presentation/topic_listening_screen.dart:899"
"Chủ đề 8.","vi-VN","audio_catalog_only","ready","assets/audio/CURRICULUM/9f744eb4e70f66fb0a866b2f.vi.v1.mp3","audio_not_traced","assets/data/curriculum_audio.json"
"Chủ đề 8. Bài đầu tiên là Family Words. Mình cùng học cách nói về gia đình nhé. Bắt đầu nhé.","vi-VN","conditional","ready","assets/audio/CURRICULUM/62c44f35a10bcffda46fc96d.vi.v1.mp3","intro_display_shadowed_by_uri","lib/features/listening/presentation/lesson_intro_screen.dart"
"Chủ đề 8. Bài đầu tiên là Menu Words. Mình luyện cách gọi món. Bắt đầu nhé.","vi-VN","conditional","ready","assets/audio/CURRICULUM/e64def35bda47b8699f1fa1c.vi.v1.mp3","intro_display_shadowed_by_uri","lib/features/listening/presentation/lesson_intro_screen.dart"
"Chủ đề 8. Bài đầu tiên là My Feelings. Mình cùng luyện cảm xúc và cách giúp bạn nhé. Bắt đầu nhé.","vi-VN","conditional","ready","assets/audio/CURRICULUM/cfaacb239d805accad71eda0.vi.v1.mp3","intro_display_shadowed_by_uri","lib/features/listening/presentation/lesson_intro_screen.dart"
"Chủ đề 8. Bài đầu tiên là Play Together. Mình cùng học cách rủ bạn chơi, cuối bài còn có bài hát nhé. Bắt đầu nhé.","vi-VN","conditional","ready","assets/audio/CURRICULUM/b08a659902439311f1610fbc.vi.v1.mp3","intro_display_shadowed_by_uri","lib/features/listening/presentation/lesson_intro_screen.dart"
"Chủ đề 8. Bài đầu tiên là Shop Words. Mình luyện cách hỏi giá và chọn mua. Bắt đầu nhé.","vi-VN","conditional","ready","assets/audio/CURRICULUM/a50955dabaf52679e269bf84.vi.v1.mp3","intro_display_shadowed_by_uri","lib/features/listening/presentation/lesson_intro_screen.dart"
"Chủ đề 9 bạn đã học xong rồi. Bạn muốn học chủ đề khác hay học lại?","vi-VN","current","ready","assets/audio/MAIN/GAP28-014.vi.v1.mp3","main_flow;topic_replay","lib/features/voice_navigation/application/main_voice_assistant_flow.dart;lib/features/listening/presentation/topic_listening_screen.dart:899"
"Chủ đề 9.","vi-VN","audio_catalog_only","ready","assets/audio/CURRICULUM/3735e8558af8564b30a1e13b.vi.v1.mp3","audio_not_traced","assets/data/curriculum_audio.json"
"Chủ đề 9. Bài đầu tiên là Compare Two. Mình luyện cách so sánh và lựa chọn. Bắt đầu nhé.","vi-VN","conditional","ready","assets/audio/CURRICULUM/dc33ce54449d97093dbc2b59.vi.v1.mp3","intro_display_shadowed_by_uri","lib/features/listening/presentation/lesson_intro_screen.dart"
"Chủ đề 9. Bài đầu tiên là Place Words. Mình cùng học các địa điểm quen thuộc nhé. Bắt đầu nhé.","vi-VN","conditional","ready","assets/audio/CURRICULUM/2f7affbbc5aae3987f4612fa.vi.v1.mp3","intro_display_shadowed_by_uri","lib/features/listening/presentation/lesson_intro_screen.dart"
"Chủ đề 9. Bài đầu tiên là Problem Phrases. Mình luyện cách nói vấn đề nhỏ và xin giúp đỡ. Bắt đầu nhé.","vi-VN","conditional","ready","assets/audio/CURRICULUM/51a0bf8f52e876c0aa0e7356.vi.v1.mp3","intro_display_shadowed_by_uri","lib/features/listening/presentation/lesson_intro_screen.dart"
"Chủ đề 9. Bài đầu tiên là Weather Words. Mình cùng học thời tiết và trang phục nhé. Bắt đầu nhé.","vi-VN","conditional","ready","assets/audio/CURRICULUM/86ddf179e7699199f59b07e0.vi.v1.mp3","intro_display_shadowed_by_uri","lib/features/listening/presentation/lesson_intro_screen.dart"
"Chủ đề 9. Bài đầu tiên là Yesterday Actions. Mình cùng luyện cách kể việc đã xảy ra nhé. Bắt đầu nhé.","vi-VN","conditional","ready","assets/audio/CURRICULUM/415d65122654426901ab47ee.vi.v1.mp3","intro_display_shadowed_by_uri","lib/features/listening/presentation/lesson_intro_screen.dart"
"Chủ đề An toàn trên mạng có 2 bài học. Con đã học xong bài 1. Con muốn tiếp tục bài 2 hay học lại bài nào?","vi-VN","compatibility","missing_exact_audio","","main_flow","lib/features/voice_navigation/application/main_voice_assistant_flow.dart"
"Chủ đề An toàn trên mạng có 2 bài học. Con đã học xong bài 2. Con muốn tiếp tục bài 1 hay học lại bài nào?","vi-VN","compatibility","missing_exact_audio","","main_flow","lib/features/voice_navigation/application/main_voice_assistant_flow.dart"
"Chủ đề An toàn trên mạng có 2 bài học. Con đã học xong cả 2 bài. Con muốn học lại bài số mấy?","vi-VN","compatibility","missing_exact_audio","","main_flow","lib/features/voice_navigation/application/main_voice_assistant_flow.dart"
"Chủ đề An toàn trên mạng có 2 bài học. Con muốn học bài số mấy?","vi-VN","compatibility","missing_exact_audio","","main_flow","lib/features/voice_navigation/application/main_voice_assistant_flow.dart"
"Chủ đề Bạn bè của mình có 2 bài học. Con đã học xong bài 1. Con muốn tiếp tục bài 2 hay học lại bài nào?","vi-VN","compatibility","missing_exact_audio","","main_flow","lib/features/voice_navigation/application/main_voice_assistant_flow.dart"
"Chủ đề Bạn bè của mình có 2 bài học. Con đã học xong bài 2. Con muốn tiếp tục bài 1 hay học lại bài nào?","vi-VN","compatibility","missing_exact_audio","","main_flow","lib/features/voice_navigation/application/main_voice_assistant_flow.dart"
"Chủ đề Bạn bè của mình có 2 bài học. Con đã học xong cả 2 bài. Con muốn học lại bài số mấy?","vi-VN","compatibility","missing_exact_audio","","main_flow","lib/features/voice_navigation/application/main_voice_assistant_flow.dart"
"Chủ đề Bạn bè của mình có 2 bài học. Con muốn học bài số mấy?","vi-VN","compatibility","missing_exact_audio","","main_flow","lib/features/voice_navigation/application/main_voice_assistant_flow.dart"
"Chủ đề Bạn bè và cảm xúc có 2 bài học. Con đã học xong bài 1. Con muốn tiếp tục bài 2 hay học lại bài nào?","vi-VN","compatibility","missing_exact_audio","","main_flow","lib/features/voice_navigation/application/main_voice_assistant_flow.dart"
"Chủ đề Bạn bè và cảm xúc có 2 bài học. Con đã học xong bài 2. Con muốn tiếp tục bài 1 hay học lại bài nào?","vi-VN","compatibility","missing_exact_audio","","main_flow","lib/features/voice_navigation/application/main_voice_assistant_flow.dart"
"Chủ đề Bạn bè và cảm xúc có 2 bài học. Con đã học xong cả 2 bài. Con muốn học lại bài số mấy?","vi-VN","compatibility","missing_exact_audio","","main_flow","lib/features/voice_navigation/application/main_voice_assistant_flow.dart"
"Chủ đề Bạn bè và cảm xúc có 2 bài học. Con muốn học bài số mấy?","vi-VN","compatibility","missing_exact_audio","","main_flow","lib/features/voice_navigation/application/main_voice_assistant_flow.dart"
"Chủ đề Bảng chữ cái có 3 bài học. Con đã học xong bài 1 và bài 2. Con muốn tiếp tục bài 3 hay học lại bài nào?","vi-VN","compatibility","missing_exact_audio","","main_flow","lib/features/voice_navigation/application/main_voice_assistant_flow.dart"
"Chủ đề Bảng chữ cái có 3 bài học. Con đã học xong bài 1 và bài 3. Con muốn tiếp tục bài 2 hay học lại bài nào?","vi-VN","compatibility","missing_exact_audio","","main_flow","lib/features/voice_navigation/application/main_voice_assistant_flow.dart"
"Chủ đề Bảng chữ cái có 3 bài học. Con đã học xong bài 1. Con muốn tiếp tục bài 2 hay học lại bài nào?","vi-VN","compatibility","missing_exact_audio","","main_flow","lib/features/voice_navigation/application/main_voice_assistant_flow.dart"
"Chủ đề Bảng chữ cái có 3 bài học. Con đã học xong bài 2 và bài 3. Con muốn tiếp tục bài 1 hay học lại bài nào?","vi-VN","compatibility","missing_exact_audio","","main_flow","lib/features/voice_navigation/application/main_voice_assistant_flow.dart"
"Chủ đề Bảng chữ cái có 3 bài học. Con đã học xong bài 2. Con muốn tiếp tục bài 1 hay học lại bài nào?","vi-VN","compatibility","missing_exact_audio","","main_flow","lib/features/voice_navigation/application/main_voice_assistant_flow.dart"
"Chủ đề Bảng chữ cái có 3 bài học. Con đã học xong bài 3. Con muốn tiếp tục bài 1 hay học lại bài nào?","vi-VN","compatibility","missing_exact_audio","","main_flow","lib/features/voice_navigation/application/main_voice_assistant_flow.dart"
"Chủ đề Bảng chữ cái có 3 bài học. Con đã học xong cả 3 bài. Con muốn học lại bài số mấy?","vi-VN","compatibility","missing_exact_audio","","main_flow","lib/features/voice_navigation/application/main_voice_assistant_flow.dart"
"Chủ đề Bảng chữ cái có 3 bài học. Con muốn học bài số mấy?","vi-VN","compatibility","missing_exact_audio","","main_flow","lib/features/voice_navigation/application/main_voice_assistant_flow.dart"
"Chủ đề Cách di chuyển có 3 bài học. Con đã học xong bài 1 và bài 2. Con muốn tiếp tục bài 3 hay học lại bài nào?","vi-VN","compatibility","missing_exact_audio","","main_flow","lib/features/voice_navigation/application/main_voice_assistant_flow.dart"
"Chủ đề Cách di chuyển có 3 bài học. Con đã học xong bài 1 và bài 3. Con muốn tiếp tục bài 2 hay học lại bài nào?","vi-VN","compatibility","missing_exact_audio","","main_flow","lib/features/voice_navigation/application/main_voice_assistant_flow.dart"
"Chủ đề Cách di chuyển có 3 bài học. Con đã học xong bài 1. Con muốn tiếp tục bài 2 hay học lại bài nào?","vi-VN","compatibility","missing_exact_audio","","main_flow","lib/features/voice_navigation/application/main_voice_assistant_flow.dart"
"Chủ đề Cách di chuyển có 3 bài học. Con đã học xong bài 2 và bài 3. Con muốn tiếp tục bài 1 hay học lại bài nào?","vi-VN","compatibility","missing_exact_audio","","main_flow","lib/features/voice_navigation/application/main_voice_assistant_flow.dart"
"Chủ đề Cách di chuyển có 3 bài học. Con đã học xong bài 2. Con muốn tiếp tục bài 1 hay học lại bài nào?","vi-VN","compatibility","missing_exact_audio","","main_flow","lib/features/voice_navigation/application/main_voice_assistant_flow.dart"
"Chủ đề Cách di chuyển có 3 bài học. Con đã học xong bài 3. Con muốn tiếp tục bài 1 hay học lại bài nào?","vi-VN","compatibility","missing_exact_audio","","main_flow","lib/features/voice_navigation/application/main_voice_assistant_flow.dart"
"Chủ đề Cách di chuyển có 3 bài học. Con đã học xong cả 3 bài. Con muốn học lại bài số mấy?","vi-VN","compatibility","missing_exact_audio","","main_flow","lib/features/voice_navigation/application/main_voice_assistant_flow.dart"
"Chủ đề Cách di chuyển có 3 bài học. Con muốn học bài số mấy?","vi-VN","compatibility","missing_exact_audio","","main_flow","lib/features/voice_navigation/application/main_voice_assistant_flow.dart"
"Chủ đề Chi tiêu thông minh có 2 bài học. Con đã học xong bài 1. Con muốn tiếp tục bài 2 hay học lại bài nào?","vi-VN","compatibility","missing_exact_audio","","main_flow","lib/features/voice_navigation/application/main_voice_assistant_flow.dart"
"Chủ đề Chi tiêu thông minh có 2 bài học. Con đã học xong bài 2. Con muốn tiếp tục bài 1 hay học lại bài nào?","vi-VN","compatibility","missing_exact_audio","","main_flow","lib/features/voice_navigation/application/main_voice_assistant_flow.dart"
"Chủ đề Chi tiêu thông minh có 2 bài học. Con đã học xong cả 2 bài. Con muốn học lại bài số mấy?","vi-VN","compatibility","missing_exact_audio","","main_flow","lib/features/voice_navigation/application/main_voice_assistant_flow.dart"
"Chủ đề Chi tiêu thông minh có 2 bài học. Con muốn học bài số mấy?","vi-VN","compatibility","missing_exact_audio","","main_flow","lib/features/voice_navigation/application/main_voice_assistant_flow.dart"
"Chủ đề Chọn giữa hai phương án có 2 bài học. Con đã học xong bài 1. Con muốn tiếp tục bài 2 hay học lại bài nào?","vi-VN","compatibility","missing_exact_audio","","main_flow","lib/features/voice_navigation/application/main_voice_assistant_flow.dart"
"Chủ đề Chọn giữa hai phương án có 2 bài học. Con đã học xong bài 2. Con muốn tiếp tục bài 1 hay học lại bài nào?","vi-VN","compatibility","missing_exact_audio","","main_flow","lib/features/voice_navigation/application/main_voice_assistant_flow.dart"
"Chủ đề Chọn giữa hai phương án có 2 bài học. Con đã học xong cả 2 bài. Con muốn học lại bài số mấy?","vi-VN","compatibility","missing_exact_audio","","main_flow","lib/features/voice_navigation/application/main_voice_assistant_flow.dart"
"Chủ đề Chọn giữa hai phương án có 2 bài học. Con muốn học bài số mấy?","vi-VN","compatibility","missing_exact_audio","","main_flow","lib/features/voice_navigation/application/main_voice_assistant_flow.dart"
"Chủ đề Chuyện gì đã xảy ra? có 2 bài học. Con đã học xong bài 1. Con muốn tiếp tục bài 2 hay học lại bài nào?","vi-VN","compatibility","missing_exact_audio","","main_flow","lib/features/voice_navigation/application/main_voice_assistant_flow.dart"
"Chủ đề Chuyện gì đã xảy ra? có 2 bài học. Con đã học xong bài 2. Con muốn tiếp tục bài 1 hay học lại bài nào?","vi-VN","compatibility","missing_exact_audio","","main_flow","lib/features/voice_navigation/application/main_voice_assistant_flow.dart"
"Chủ đề Chuyện gì đã xảy ra? có 2 bài học. Con đã học xong cả 2 bài. Con muốn học lại bài số mấy?","vi-VN","compatibility","missing_exact_audio","","main_flow","lib/features/voice_navigation/application/main_voice_assistant_flow.dart"
"Chủ đề Chuyện gì đã xảy ra? có 2 bài học. Con muốn học bài số mấy?","vi-VN","compatibility","missing_exact_audio","","main_flow","lib/features/voice_navigation/application/main_voice_assistant_flow.dart"
"Chủ đề Công nghệ có 2 bài học. Con đã học xong bài 1. Con muốn tiếp tục bài 2 hay học lại bài nào?","vi-VN","compatibility","missing_exact_audio","","main_flow","lib/features/voice_navigation/application/main_voice_assistant_flow.dart"
"Chủ đề Công nghệ có 2 bài học. Con đã học xong bài 2. Con muốn tiếp tục bài 1 hay học lại bài nào?","vi-VN","compatibility","missing_exact_audio","","main_flow","lib/features/voice_navigation/application/main_voice_assistant_flow.dart"
"Chủ đề Công nghệ có 2 bài học. Con đã học xong cả 2 bài. Con muốn học lại bài số mấy?","vi-VN","compatibility","missing_exact_audio","","main_flow","lib/features/voice_navigation/application/main_voice_assistant_flow.dart"
"Chủ đề Công nghệ có 2 bài học. Con muốn học bài số mấy?","vi-VN","compatibility","missing_exact_audio","","main_flow","lib/features/voice_navigation/application/main_voice_assistant_flow.dart"
"Chủ đề Cơ thể của mình có 2 bài học. Con đã học xong bài 1. Con muốn tiếp tục bài 2 hay học lại bài nào?","vi-VN","compatibility","missing_exact_audio","","main_flow","lib/features/voice_navigation/application/main_voice_assistant_flow.dart"
"Chủ đề Cơ thể của mình có 2 bài học. Con đã học xong bài 2. Con muốn tiếp tục bài 1 hay học lại bài nào?","vi-VN","compatibility","missing_exact_audio","","main_flow","lib/features/voice_navigation/application/main_voice_assistant_flow.dart"
"Chủ đề Cơ thể của mình có 2 bài học. Con đã học xong cả 2 bài. Con muốn học lại bài số mấy?","vi-VN","compatibility","missing_exact_audio","","main_flow","lib/features/voice_navigation/application/main_voice_assistant_flow.dart"
"Chủ đề Cơ thể của mình có 2 bài học. Con muốn học bài số mấy?","vi-VN","compatibility","missing_exact_audio","","main_flow","lib/features/voice_navigation/application/main_voice_assistant_flow.dart"
"Chủ đề Cơ thể khỏe mạnh có 2 bài học. Con đã học xong bài 1. Con muốn tiếp tục bài 2 hay học lại bài nào?","vi-VN","compatibility","missing_exact_audio","","main_flow","lib/features/voice_navigation/application/main_voice_assistant_flow.dart"
"Chủ đề Cơ thể khỏe mạnh có 2 bài học. Con đã học xong bài 2. Con muốn tiếp tục bài 1 hay học lại bài nào?","vi-VN","compatibility","missing_exact_audio","","main_flow","lib/features/voice_navigation/application/main_voice_assistant_flow.dart"
"Chủ đề Cơ thể khỏe mạnh có 2 bài học. Con đã học xong cả 2 bài. Con muốn học lại bài số mấy?","vi-VN","compatibility","missing_exact_audio","","main_flow","lib/features/voice_navigation/application/main_voice_assistant_flow.dart"
"Chủ đề Cơ thể khỏe mạnh có 2 bài học. Con muốn học bài số mấy?","vi-VN","compatibility","missing_exact_audio","","main_flow","lib/features/voice_navigation/application/main_voice_assistant_flow.dart"
"Chủ đề Cuộc sống ở trường có 2 bài học. Con đã học xong bài 1. Con muốn tiếp tục bài 2 hay học lại bài nào?","vi-VN","compatibility","missing_exact_audio","","main_flow","lib/features/voice_navigation/application/main_voice_assistant_flow.dart"
"Chủ đề Cuộc sống ở trường có 2 bài học. Con đã học xong bài 2. Con muốn tiếp tục bài 1 hay học lại bài nào?","vi-VN","compatibility","missing_exact_audio","","main_flow","lib/features/voice_navigation/application/main_voice_assistant_flow.dart"
"Chủ đề Cuộc sống ở trường có 2 bài học. Con đã học xong cả 2 bài. Con muốn học lại bài số mấy?","vi-VN","compatibility","missing_exact_audio","","main_flow","lib/features/voice_navigation/application/main_voice_assistant_flow.dart"
"Chủ đề Cuộc sống ở trường có 2 bài học. Con muốn học bài số mấy?","vi-VN","compatibility","missing_exact_audio","","main_flow","lib/features/voice_navigation/application/main_voice_assistant_flow.dart"
"Chủ đề Cuối tuần của mình có 2 bài học. Con đã học xong bài 1. Con muốn tiếp tục bài 2 hay học lại bài nào?","vi-VN","compatibility","missing_exact_audio","","main_flow","lib/features/voice_navigation/application/main_voice_assistant_flow.dart"
"Chủ đề Cuối tuần của mình có 2 bài học. Con đã học xong bài 2. Con muốn tiếp tục bài 1 hay học lại bài nào?","vi-VN","compatibility","missing_exact_audio","","main_flow","lib/features/voice_navigation/application/main_voice_assistant_flow.dart"
"Chủ đề Cuối tuần của mình có 2 bài học. Con đã học xong cả 2 bài. Con muốn học lại bài số mấy?","vi-VN","compatibility","missing_exact_audio","","main_flow","lib/features/voice_navigation/application/main_voice_assistant_flow.dart"
"Chủ đề Cuối tuần của mình có 2 bài học. Con muốn học bài số mấy?","vi-VN","compatibility","missing_exact_audio","","main_flow","lib/features/voice_navigation/application/main_voice_assistant_flow.dart"
"Chủ đề Đi quanh thành phố có 3 bài học. Con đã học xong bài 1 và bài 2. Con muốn tiếp tục bài 3 hay học lại bài nào?","vi-VN","compatibility","missing_exact_audio","","main_flow","lib/features/voice_navigation/application/main_voice_assistant_flow.dart"
"Chủ đề Đi quanh thành phố có 3 bài học. Con đã học xong bài 1 và bài 3. Con muốn tiếp tục bài 2 hay học lại bài nào?","vi-VN","compatibility","missing_exact_audio","","main_flow","lib/features/voice_navigation/application/main_voice_assistant_flow.dart"
"Chủ đề Đi quanh thành phố có 3 bài học. Con đã học xong bài 1. Con muốn tiếp tục bài 2 hay học lại bài nào?","vi-VN","compatibility","missing_exact_audio","","main_flow","lib/features/voice_navigation/application/main_voice_assistant_flow.dart"
"Chủ đề Đi quanh thành phố có 3 bài học. Con đã học xong bài 2 và bài 3. Con muốn tiếp tục bài 1 hay học lại bài nào?","vi-VN","compatibility","missing_exact_audio","","main_flow","lib/features/voice_navigation/application/main_voice_assistant_flow.dart"
"Chủ đề Đi quanh thành phố có 3 bài học. Con đã học xong bài 2. Con muốn tiếp tục bài 1 hay học lại bài nào?","vi-VN","compatibility","missing_exact_audio","","main_flow","lib/features/voice_navigation/application/main_voice_assistant_flow.dart"
"Chủ đề Đi quanh thành phố có 3 bài học. Con đã học xong bài 3. Con muốn tiếp tục bài 1 hay học lại bài nào?","vi-VN","compatibility","missing_exact_audio","","main_flow","lib/features/voice_navigation/application/main_voice_assistant_flow.dart"
"Chủ đề Đi quanh thành phố có 3 bài học. Con đã học xong cả 3 bài. Con muốn học lại bài số mấy?","vi-VN","compatibility","missing_exact_audio","","main_flow","lib/features/voice_navigation/application/main_voice_assistant_flow.dart"
"Chủ đề Đi quanh thành phố có 3 bài học. Con muốn học bài số mấy?","vi-VN","compatibility","missing_exact_audio","","main_flow","lib/features/voice_navigation/application/main_voice_assistant_flow.dart"
"Chủ đề Điểm mạnh của mình có 2 bài học. Con đã học xong bài 1. Con muốn tiếp tục bài 2 hay học lại bài nào?","vi-VN","compatibility","missing_exact_audio","","main_flow","lib/features/voice_navigation/application/main_voice_assistant_flow.dart"
"Chủ đề Điểm mạnh của mình có 2 bài học. Con đã học xong bài 2. Con muốn tiếp tục bài 1 hay học lại bài nào?","vi-VN","compatibility","missing_exact_audio","","main_flow","lib/features/voice_navigation/application/main_voice_assistant_flow.dart"
"Chủ đề Điểm mạnh của mình có 2 bài học. Con đã học xong cả 2 bài. Con muốn học lại bài số mấy?","vi-VN","compatibility","missing_exact_audio","","main_flow","lib/features/voice_navigation/application/main_voice_assistant_flow.dart"
"Chủ đề Điểm mạnh của mình có 2 bài học. Con muốn học bài số mấy?","vi-VN","compatibility","missing_exact_audio","","main_flow","lib/features/voice_navigation/application/main_voice_assistant_flow.dart"
"Chủ đề Đồ ăn có 2 bài học. Con đã học xong bài 1. Con muốn tiếp tục bài 2 hay học lại bài nào?","vi-VN","compatibility","missing_exact_audio","","main_flow","lib/features/voice_navigation/application/main_voice_assistant_flow.dart"
"Chủ đề Đồ ăn có 2 bài học. Con đã học xong bài 2. Con muốn tiếp tục bài 1 hay học lại bài nào?","vi-VN","compatibility","missing_exact_audio","","main_flow","lib/features/voice_navigation/application/main_voice_assistant_flow.dart"
"Chủ đề Đồ ăn có 2 bài học. Con đã học xong cả 2 bài. Con muốn học lại bài số mấy?","vi-VN","compatibility","missing_exact_audio","","main_flow","lib/features/voice_navigation/application/main_voice_assistant_flow.dart"
"Chủ đề Đồ ăn có 2 bài học. Con muốn học bài số mấy?","vi-VN","compatibility","missing_exact_audio","","main_flow","lib/features/voice_navigation/application/main_voice_assistant_flow.dart"
"Chủ đề Đồ dùng của mình có 2 bài học. Con đã học xong bài 1. Con muốn tiếp tục bài 2 hay học lại bài nào?","vi-VN","compatibility","missing_exact_audio","","main_flow","lib/features/voice_navigation/application/main_voice_assistant_flow.dart"
"Chủ đề Đồ dùng của mình có 2 bài học. Con đã học xong bài 2. Con muốn tiếp tục bài 1 hay học lại bài nào?","vi-VN","compatibility","missing_exact_audio","","main_flow","lib/features/voice_navigation/application/main_voice_assistant_flow.dart"
"Chủ đề Đồ dùng của mình có 2 bài học. Con đã học xong cả 2 bài. Con muốn học lại bài số mấy?","vi-VN","compatibility","missing_exact_audio","","main_flow","lib/features/voice_navigation/application/main_voice_assistant_flow.dart"
"Chủ đề Đồ dùng của mình có 2 bài học. Con muốn học bài số mấy?","vi-VN","compatibility","missing_exact_audio","","main_flow","lib/features/voice_navigation/application/main_voice_assistant_flow.dart"
"Chủ đề Động vật có 2 bài học. Con đã học xong bài 1. Con muốn tiếp tục bài 2 hay học lại bài nào?","vi-VN","compatibility","missing_exact_audio","","main_flow","lib/features/voice_navigation/application/main_voice_assistant_flow.dart"
"Chủ đề Động vật có 2 bài học. Con đã học xong bài 2. Con muốn tiếp tục bài 1 hay học lại bài nào?","vi-VN","compatibility","missing_exact_audio","","main_flow","lib/features/voice_navigation/application/main_voice_assistant_flow.dart"
"Chủ đề Động vật có 2 bài học. Con đã học xong cả 2 bài. Con muốn học lại bài số mấy?","vi-VN","compatibility","missing_exact_audio","","main_flow","lib/features/voice_navigation/application/main_voice_assistant_flow.dart"
"Chủ đề Động vật có 2 bài học. Con muốn học bài số mấy?","vi-VN","compatibility","missing_exact_audio","","main_flow","lib/features/voice_navigation/application/main_voice_assistant_flow.dart"
"Chủ đề Động vật thú vị có 2 bài học. Con đã học xong bài 1. Con muốn tiếp tục bài 2 hay học lại bài nào?","vi-VN","compatibility","missing_exact_audio","","main_flow","lib/features/voice_navigation/application/main_voice_assistant_flow.dart"
"Chủ đề Động vật thú vị có 2 bài học. Con đã học xong bài 2. Con muốn tiếp tục bài 1 hay học lại bài nào?","vi-VN","compatibility","missing_exact_audio","","main_flow","lib/features/voice_navigation/application/main_voice_assistant_flow.dart"
"Chủ đề Động vật thú vị có 2 bài học. Con đã học xong cả 2 bài. Con muốn học lại bài số mấy?","vi-VN","compatibility","missing_exact_audio","","main_flow","lib/features/voice_navigation/application/main_voice_assistant_flow.dart"
"Chủ đề Động vật thú vị có 2 bài học. Con muốn học bài số mấy?","vi-VN","compatibility","missing_exact_audio","","main_flow","lib/features/voice_navigation/application/main_voice_assistant_flow.dart"
"Chủ đề Gia đình của mình có 2 bài học. Con đã học xong bài 1. Con muốn tiếp tục bài 2 hay học lại bài nào?","vi-VN","compatibility","missing_exact_audio","","main_flow","lib/features/voice_navigation/application/main_voice_assistant_flow.dart"
"Chủ đề Gia đình của mình có 2 bài học. Con đã học xong bài 2. Con muốn tiếp tục bài 1 hay học lại bài nào?","vi-VN","compatibility","missing_exact_audio","","main_flow","lib/features/voice_navigation/application/main_voice_assistant_flow.dart"
"Chủ đề Gia đình của mình có 2 bài học. Con đã học xong cả 2 bài. Con muốn học lại bài số mấy?","vi-VN","compatibility","missing_exact_audio","","main_flow","lib/features/voice_navigation/application/main_voice_assistant_flow.dart"
"Chủ đề Gia đình của mình có 2 bài học. Con muốn học bài số mấy?","vi-VN","compatibility","missing_exact_audio","","main_flow","lib/features/voice_navigation/application/main_voice_assistant_flow.dart"
"Chủ đề Hành động xanh có 2 bài học. Con đã học xong bài 1. Con muốn tiếp tục bài 2 hay học lại bài nào?","vi-VN","compatibility","missing_exact_audio","","main_flow","lib/features/voice_navigation/application/main_voice_assistant_flow.dart"
"Chủ đề Hành động xanh có 2 bài học. Con đã học xong bài 2. Con muốn tiếp tục bài 1 hay học lại bài nào?","vi-VN","compatibility","missing_exact_audio","","main_flow","lib/features/voice_navigation/application/main_voice_assistant_flow.dart"
"Chủ đề Hành động xanh có 2 bài học. Con đã học xong cả 2 bài. Con muốn học lại bài số mấy?","vi-VN","compatibility","missing_exact_audio","","main_flow","lib/features/voice_navigation/application/main_voice_assistant_flow.dart"
"Chủ đề Hành động xanh có 2 bài học. Con muốn học bài số mấy?","vi-VN","compatibility","missing_exact_audio","","main_flow","lib/features/voice_navigation/application/main_voice_assistant_flow.dart"
"Chủ đề Hình dạng có 2 bài học. Con đã học xong bài 1. Con muốn tiếp tục bài 2 hay học lại bài nào?","vi-VN","compatibility","missing_exact_audio","","main_flow","lib/features/voice_navigation/application/main_voice_assistant_flow.dart"
"Chủ đề Hình dạng có 2 bài học. Con đã học xong bài 2. Con muốn tiếp tục bài 1 hay học lại bài nào?","vi-VN","compatibility","missing_exact_audio","","main_flow","lib/features/voice_navigation/application/main_voice_assistant_flow.dart"
"Chủ đề Hình dạng có 2 bài học. Con đã học xong cả 2 bài. Con muốn học lại bài số mấy?","vi-VN","compatibility","missing_exact_audio","","main_flow","lib/features/voice_navigation/application/main_voice_assistant_flow.dart"
"Chủ đề Hình dạng có 2 bài học. Con muốn học bài số mấy?","vi-VN","compatibility","missing_exact_audio","","main_flow","lib/features/voice_navigation/application/main_voice_assistant_flow.dart"
"Chủ đề Học hiệu quả hơn có 2 bài học. Con đã học xong bài 1. Con muốn tiếp tục bài 2 hay học lại bài nào?","vi-VN","compatibility","missing_exact_audio","","main_flow","lib/features/voice_navigation/application/main_voice_assistant_flow.dart"
"Chủ đề Học hiệu quả hơn có 2 bài học. Con đã học xong bài 2. Con muốn tiếp tục bài 1 hay học lại bài nào?","vi-VN","compatibility","missing_exact_audio","","main_flow","lib/features/voice_navigation/application/main_voice_assistant_flow.dart"
"Chủ đề Học hiệu quả hơn có 2 bài học. Con đã học xong cả 2 bài. Con muốn học lại bài số mấy?","vi-VN","compatibility","missing_exact_audio","","main_flow","lib/features/voice_navigation/application/main_voice_assistant_flow.dart"
"Chủ đề Học hiệu quả hơn có 2 bài học. Con muốn học bài số mấy?","vi-VN","compatibility","missing_exact_audio","","main_flow","lib/features/voice_navigation/application/main_voice_assistant_flow.dart"
"Chủ đề Kế hoạch theo thời tiết có 2 bài học. Con đã học xong bài 1. Con muốn tiếp tục bài 2 hay học lại bài nào?","vi-VN","compatibility","missing_exact_audio","","main_flow","lib/features/voice_navigation/application/main_voice_assistant_flow.dart"
"Chủ đề Kế hoạch theo thời tiết có 2 bài học. Con đã học xong bài 2. Con muốn tiếp tục bài 1 hay học lại bài nào?","vi-VN","compatibility","missing_exact_audio","","main_flow","lib/features/voice_navigation/application/main_voice_assistant_flow.dart"
"Chủ đề Kế hoạch theo thời tiết có 2 bài học. Con đã học xong cả 2 bài. Con muốn học lại bài số mấy?","vi-VN","compatibility","missing_exact_audio","","main_flow","lib/features/voice_navigation/application/main_voice_assistant_flow.dart"
"Chủ đề Kế hoạch theo thời tiết có 2 bài học. Con muốn học bài số mấy?","vi-VN","compatibility","missing_exact_audio","","main_flow","lib/features/voice_navigation/application/main_voice_assistant_flow.dart"
"Chủ đề Kế hoạch tương lai có 2 bài học. Con đã học xong bài 1. Con muốn tiếp tục bài 2 hay học lại bài nào?","vi-VN","compatibility","missing_exact_audio","","main_flow","lib/features/voice_navigation/application/main_voice_assistant_flow.dart"
"Chủ đề Kế hoạch tương lai có 2 bài học. Con đã học xong bài 2. Con muốn tiếp tục bài 1 hay học lại bài nào?","vi-VN","compatibility","missing_exact_audio","","main_flow","lib/features/voice_navigation/application/main_voice_assistant_flow.dart"
"Chủ đề Kế hoạch tương lai có 2 bài học. Con đã học xong cả 2 bài. Con muốn học lại bài số mấy?","vi-VN","compatibility","missing_exact_audio","","main_flow","lib/features/voice_navigation/application/main_voice_assistant_flow.dart"
"Chủ đề Kế hoạch tương lai có 2 bài học. Con muốn học bài số mấy?","vi-VN","compatibility","missing_exact_audio","","main_flow","lib/features/voice_navigation/application/main_voice_assistant_flow.dart"
"Chủ đề Khi cảm thấy căng thẳng có 2 bài học. Con đã học xong bài 1. Con muốn tiếp tục bài 2 hay học lại bài nào?","vi-VN","compatibility","missing_exact_audio","","main_flow","lib/features/voice_navigation/application/main_voice_assistant_flow.dart"
"Chủ đề Khi cảm thấy căng thẳng có 2 bài học. Con đã học xong bài 2. Con muốn tiếp tục bài 1 hay học lại bài nào?","vi-VN","compatibility","missing_exact_audio","","main_flow","lib/features/voice_navigation/application/main_voice_assistant_flow.dart"
"Chủ đề Khi cảm thấy căng thẳng có 2 bài học. Con đã học xong cả 2 bài. Con muốn học lại bài số mấy?","vi-VN","compatibility","missing_exact_audio","","main_flow","lib/features/voice_navigation/application/main_voice_assistant_flow.dart"
"Chủ đề Khi cảm thấy căng thẳng có 2 bài học. Con muốn học bài số mấy?","vi-VN","compatibility","missing_exact_audio","","main_flow","lib/features/voice_navigation/application/main_voice_assistant_flow.dart"
"Chủ đề Lập kế hoạch có 3 bài học. Con đã học xong bài 1 và bài 2. Con muốn tiếp tục bài 3 hay học lại bài nào?","vi-VN","compatibility","missing_exact_audio","","main_flow","lib/features/voice_navigation/application/main_voice_assistant_flow.dart"
"Chủ đề Lập kế hoạch có 3 bài học. Con đã học xong bài 1 và bài 3. Con muốn tiếp tục bài 2 hay học lại bài nào?","vi-VN","compatibility","missing_exact_audio","","main_flow","lib/features/voice_navigation/application/main_voice_assistant_flow.dart"
"Chủ đề Lập kế hoạch có 3 bài học. Con đã học xong bài 1. Con muốn tiếp tục bài 2 hay học lại bài nào?","vi-VN","compatibility","missing_exact_audio","","main_flow","lib/features/voice_navigation/application/main_voice_assistant_flow.dart"
"Chủ đề Lập kế hoạch có 3 bài học. Con đã học xong bài 2 và bài 3. Con muốn tiếp tục bài 1 hay học lại bài nào?","vi-VN","compatibility","missing_exact_audio","","main_flow","lib/features/voice_navigation/application/main_voice_assistant_flow.dart"
"Chủ đề Lập kế hoạch có 3 bài học. Con đã học xong bài 2. Con muốn tiếp tục bài 1 hay học lại bài nào?","vi-VN","compatibility","missing_exact_audio","","main_flow","lib/features/voice_navigation/application/main_voice_assistant_flow.dart"
"Chủ đề Lập kế hoạch có 3 bài học. Con đã học xong bài 3. Con muốn tiếp tục bài 1 hay học lại bài nào?","vi-VN","compatibility","missing_exact_audio","","main_flow","lib/features/voice_navigation/application/main_voice_assistant_flow.dart"
"Chủ đề Lập kế hoạch có 3 bài học. Con đã học xong cả 3 bài. Con muốn học lại bài số mấy?","vi-VN","compatibility","missing_exact_audio","","main_flow","lib/features/voice_navigation/application/main_voice_assistant_flow.dart"
"Chủ đề Lập kế hoạch có 3 bài học. Con muốn học bài số mấy?","vi-VN","compatibility","missing_exact_audio","","main_flow","lib/features/voice_navigation/application/main_voice_assistant_flow.dart"
"Chủ đề Lịch sinh hoạt của mình có 2 bài học. Con đã học xong bài 1. Con muốn tiếp tục bài 2 hay học lại bài nào?","vi-VN","compatibility","missing_exact_audio","","main_flow","lib/features/voice_navigation/application/main_voice_assistant_flow.dart"
"Chủ đề Lịch sinh hoạt của mình có 2 bài học. Con đã học xong bài 2. Con muốn tiếp tục bài 1 hay học lại bài nào?","vi-VN","compatibility","missing_exact_audio","","main_flow","lib/features/voice_navigation/application/main_voice_assistant_flow.dart"
"Chủ đề Lịch sinh hoạt của mình có 2 bài học. Con đã học xong cả 2 bài. Con muốn học lại bài số mấy?","vi-VN","compatibility","missing_exact_audio","","main_flow","lib/features/voice_navigation/application/main_voice_assistant_flow.dart"
"Chủ đề Lịch sinh hoạt của mình có 2 bài học. Con muốn học bài số mấy?","vi-VN","compatibility","missing_exact_audio","","main_flow","lib/features/voice_navigation/application/main_voice_assistant_flow.dart"
"Chủ đề Lựa chọn khi mua sắm có 3 bài học. Con đã học xong bài 1 và bài 2. Con muốn tiếp tục bài 3 hay học lại bài nào?","vi-VN","compatibility","missing_exact_audio","","main_flow","lib/features/voice_navigation/application/main_voice_assistant_flow.dart"
"Chủ đề Lựa chọn khi mua sắm có 3 bài học. Con đã học xong bài 1 và bài 3. Con muốn tiếp tục bài 2 hay học lại bài nào?","vi-VN","compatibility","missing_exact_audio","","main_flow","lib/features/voice_navigation/application/main_voice_assistant_flow.dart"
"Chủ đề Lựa chọn khi mua sắm có 3 bài học. Con đã học xong bài 1. Con muốn tiếp tục bài 2 hay học lại bài nào?","vi-VN","compatibility","missing_exact_audio","","main_flow","lib/features/voice_navigation/application/main_voice_assistant_flow.dart"
"Chủ đề Lựa chọn khi mua sắm có 3 bài học. Con đã học xong bài 2 và bài 3. Con muốn tiếp tục bài 1 hay học lại bài nào?","vi-VN","compatibility","missing_exact_audio","","main_flow","lib/features/voice_navigation/application/main_voice_assistant_flow.dart"
"Chủ đề Lựa chọn khi mua sắm có 3 bài học. Con đã học xong bài 2. Con muốn tiếp tục bài 1 hay học lại bài nào?","vi-VN","compatibility","missing_exact_audio","","main_flow","lib/features/voice_navigation/application/main_voice_assistant_flow.dart"
"Chủ đề Lựa chọn khi mua sắm có 3 bài học. Con đã học xong bài 3. Con muốn tiếp tục bài 1 hay học lại bài nào?","vi-VN","compatibility","missing_exact_audio","","main_flow","lib/features/voice_navigation/application/main_voice_assistant_flow.dart"
"Chủ đề Lựa chọn khi mua sắm có 3 bài học. Con đã học xong cả 3 bài. Con muốn học lại bài số mấy?","vi-VN","compatibility","missing_exact_audio","","main_flow","lib/features/voice_navigation/application/main_voice_assistant_flow.dart"
"Chủ đề Lựa chọn khi mua sắm có 3 bài học. Con muốn học bài số mấy?","vi-VN","compatibility","missing_exact_audio","","main_flow","lib/features/voice_navigation/application/main_voice_assistant_flow.dart"
"Chủ đề Màu sắc có 2 bài học. Con đã học xong bài 1. Con muốn tiếp tục bài 2 hay học lại bài nào?","vi-VN","compatibility","missing_exact_audio","","main_flow","lib/features/voice_navigation/application/main_voice_assistant_flow.dart"
"Chủ đề Màu sắc có 2 bài học. Con đã học xong bài 2. Con muốn tiếp tục bài 1 hay học lại bài nào?","vi-VN","compatibility","missing_exact_audio","","main_flow","lib/features/voice_navigation/application/main_voice_assistant_flow.dart"
"Chủ đề Màu sắc có 2 bài học. Con đã học xong cả 2 bài. Con muốn học lại bài số mấy?","vi-VN","compatibility","missing_exact_audio","","main_flow","lib/features/voice_navigation/application/main_voice_assistant_flow.dart"
"Chủ đề Màu sắc có 2 bài học. Con muốn học bài số mấy?","vi-VN","compatibility","missing_exact_audio","","main_flow","lib/features/voice_navigation/application/main_voice_assistant_flow.dart"
"Chủ đề Món ăn mình thích có 2 bài học. Con đã học xong bài 1. Con muốn tiếp tục bài 2 hay học lại bài nào?","vi-VN","compatibility","missing_exact_audio","","main_flow","lib/features/voice_navigation/application/main_voice_assistant_flow.dart"
"Chủ đề Món ăn mình thích có 2 bài học. Con đã học xong bài 2. Con muốn tiếp tục bài 1 hay học lại bài nào?","vi-VN","compatibility","missing_exact_audio","","main_flow","lib/features/voice_navigation/application/main_voice_assistant_flow.dart"
"Chủ đề Món ăn mình thích có 2 bài học. Con đã học xong cả 2 bài. Con muốn học lại bài số mấy?","vi-VN","compatibility","missing_exact_audio","","main_flow","lib/features/voice_navigation/application/main_voice_assistant_flow.dart"
"Chủ đề Món ăn mình thích có 2 bài học. Con muốn học bài số mấy?","vi-VN","compatibility","missing_exact_audio","","main_flow","lib/features/voice_navigation/application/main_voice_assistant_flow.dart"
"Chủ đề Một ngày của mình có 2 bài học. Con đã học xong bài 1. Con muốn tiếp tục bài 2 hay học lại bài nào?","vi-VN","compatibility","missing_exact_audio","","main_flow","lib/features/voice_navigation/application/main_voice_assistant_flow.dart"
"Chủ đề Một ngày của mình có 2 bài học. Con đã học xong bài 2. Con muốn tiếp tục bài 1 hay học lại bài nào?","vi-VN","compatibility","missing_exact_audio","","main_flow","lib/features/voice_navigation/application/main_voice_assistant_flow.dart"
"Chủ đề Một ngày của mình có 2 bài học. Con đã học xong cả 2 bài. Con muốn học lại bài số mấy?","vi-VN","compatibility","missing_exact_audio","","main_flow","lib/features/voice_navigation/application/main_voice_assistant_flow.dart"
"Chủ đề Một ngày của mình có 2 bài học. Con muốn học bài số mấy?","vi-VN","compatibility","missing_exact_audio","","main_flow","lib/features/voice_navigation/application/main_voice_assistant_flow.dart"
"Chủ đề Mục tiêu học tập có 2 bài học. Con đã học xong bài 1. Con muốn tiếp tục bài 2 hay học lại bài nào?","vi-VN","compatibility","missing_exact_audio","","main_flow","lib/features/voice_navigation/application/main_voice_assistant_flow.dart"
"Chủ đề Mục tiêu học tập có 2 bài học. Con đã học xong bài 2. Con muốn tiếp tục bài 1 hay học lại bài nào?","vi-VN","compatibility","missing_exact_audio","","main_flow","lib/features/voice_navigation/application/main_voice_assistant_flow.dart"
"Chủ đề Mục tiêu học tập có 2 bài học. Con đã học xong cả 2 bài. Con muốn học lại bài số mấy?","vi-VN","compatibility","missing_exact_audio","","main_flow","lib/features/voice_navigation/application/main_voice_assistant_flow.dart"
"Chủ đề Mục tiêu học tập có 2 bài học. Con muốn học bài số mấy?","vi-VN","compatibility","missing_exact_audio","","main_flow","lib/features/voice_navigation/application/main_voice_assistant_flow.dart"
"Chủ đề này chưa có bài học. Bạn chọn chủ đề khác nha.","vi-VN","catalog_only","ready","assets/audio/MAIN/AI-012.vi.v1.mp3","assistant_catalog","lib/features/voice_navigation/domain/homi_fallback_catalog.dart"
"Chủ đề này chưa có bài học. Con chọn chủ đề khác nhé.","vi-VN","audio_catalog_only","ready","assets/audio/MAIN/RUN-011.vi.v1.mp3","audio_not_traced","assets/data/main_assistant_audio.json"
"Chủ đề này chưa có bài học. Con thử lại sau nhé","vi-VN","current","ready","assets/audio/MAIN/RUN-033.vi.v1.mp3","main_flow","lib/features/voice_navigation/application/main_voice_assistant_flow.dart"
"Chủ đề Nêu ý kiến có 2 bài học. Con đã học xong bài 1. Con muốn tiếp tục bài 2 hay học lại bài nào?","vi-VN","compatibility","missing_exact_audio","","main_flow","lib/features/voice_navigation/application/main_voice_assistant_flow.dart"
"Chủ đề Nêu ý kiến có 2 bài học. Con đã học xong bài 2. Con muốn tiếp tục bài 1 hay học lại bài nào?","vi-VN","compatibility","missing_exact_audio","","main_flow","lib/features/voice_navigation/application/main_voice_assistant_flow.dart"
"Chủ đề Nêu ý kiến có 2 bài học. Con đã học xong cả 2 bài. Con muốn học lại bài số mấy?","vi-VN","compatibility","missing_exact_audio","","main_flow","lib/features/voice_navigation/application/main_voice_assistant_flow.dart"
"Chủ đề Nêu ý kiến có 2 bài học. Con muốn học bài số mấy?","vi-VN","compatibility","missing_exact_audio","","main_flow","lib/features/voice_navigation/application/main_voice_assistant_flow.dart"
"Chủ đề Ngày đi chơi có 2 bài học. Con đã học xong bài 1. Con muốn tiếp tục bài 2 hay học lại bài nào?","vi-VN","compatibility","missing_exact_audio","","main_flow","lib/features/voice_navigation/application/main_voice_assistant_flow.dart"
"Chủ đề Ngày đi chơi có 2 bài học. Con đã học xong bài 2. Con muốn tiếp tục bài 1 hay học lại bài nào?","vi-VN","compatibility","missing_exact_audio","","main_flow","lib/features/voice_navigation/application/main_voice_assistant_flow.dart"
"Chủ đề Ngày đi chơi có 2 bài học. Con đã học xong cả 2 bài. Con muốn học lại bài số mấy?","vi-VN","compatibility","missing_exact_audio","","main_flow","lib/features/voice_navigation/application/main_voice_assistant_flow.dart"
"Chủ đề Ngày đi chơi có 2 bài học. Con muốn học bài số mấy?","vi-VN","compatibility","missing_exact_audio","","main_flow","lib/features/voice_navigation/application/main_voice_assistant_flow.dart"
"Chủ đề Những con số quanh mình có 3 bài học. Con đã học xong bài 1 và bài 2. Con muốn tiếp tục bài 3 hay học lại bài nào?","vi-VN","compatibility","missing_exact_audio","","main_flow","lib/features/voice_navigation/application/main_voice_assistant_flow.dart"
"Chủ đề Những con số quanh mình có 3 bài học. Con đã học xong bài 1 và bài 3. Con muốn tiếp tục bài 2 hay học lại bài nào?","vi-VN","compatibility","missing_exact_audio","","main_flow","lib/features/voice_navigation/application/main_voice_assistant_flow.dart"
"Chủ đề Những con số quanh mình có 3 bài học. Con đã học xong bài 1. Con muốn tiếp tục bài 2 hay học lại bài nào?","vi-VN","compatibility","missing_exact_audio","","main_flow","lib/features/voice_navigation/application/main_voice_assistant_flow.dart"
"Chủ đề Những con số quanh mình có 3 bài học. Con đã học xong bài 2 và bài 3. Con muốn tiếp tục bài 1 hay học lại bài nào?","vi-VN","compatibility","missing_exact_audio","","main_flow","lib/features/voice_navigation/application/main_voice_assistant_flow.dart"
"Chủ đề Những con số quanh mình có 3 bài học. Con đã học xong bài 2. Con muốn tiếp tục bài 1 hay học lại bài nào?","vi-VN","compatibility","missing_exact_audio","","main_flow","lib/features/voice_navigation/application/main_voice_assistant_flow.dart"
"Chủ đề Những con số quanh mình có 3 bài học. Con đã học xong bài 3. Con muốn tiếp tục bài 1 hay học lại bài nào?","vi-VN","compatibility","missing_exact_audio","","main_flow","lib/features/voice_navigation/application/main_voice_assistant_flow.dart"
"Chủ đề Những con số quanh mình có 3 bài học. Con đã học xong cả 3 bài. Con muốn học lại bài số mấy?","vi-VN","compatibility","missing_exact_audio","","main_flow","lib/features/voice_navigation/application/main_voice_assistant_flow.dart"
"Chủ đề Những con số quanh mình có 3 bài học. Con muốn học bài số mấy?","vi-VN","compatibility","missing_exact_audio","","main_flow","lib/features/voice_navigation/application/main_voice_assistant_flow.dart"
"Chủ đề Những nơi gần đây có 2 bài học. Con đã học xong bài 1. Con muốn tiếp tục bài 2 hay học lại bài nào?","vi-VN","compatibility","missing_exact_audio","","main_flow","lib/features/voice_navigation/application/main_voice_assistant_flow.dart"
"Chủ đề Những nơi gần đây có 2 bài học. Con đã học xong bài 2. Con muốn tiếp tục bài 1 hay học lại bài nào?","vi-VN","compatibility","missing_exact_audio","","main_flow","lib/features/voice_navigation/application/main_voice_assistant_flow.dart"
"Chủ đề Những nơi gần đây có 2 bài học. Con đã học xong cả 2 bài. Con muốn học lại bài số mấy?","vi-VN","compatibility","missing_exact_audio","","main_flow","lib/features/voice_navigation/application/main_voice_assistant_flow.dart"
"Chủ đề Những nơi gần đây có 2 bài học. Con muốn học bài số mấy?","vi-VN","compatibility","missing_exact_audio","","main_flow","lib/features/voice_navigation/application/main_voice_assistant_flow.dart"
"Chủ đề Những vấn đề nhỏ có 3 bài học. Con đã học xong bài 1 và bài 2. Con muốn tiếp tục bài 3 hay học lại bài nào?","vi-VN","compatibility","missing_exact_audio","","main_flow","lib/features/voice_navigation/application/main_voice_assistant_flow.dart"
"Chủ đề Những vấn đề nhỏ có 3 bài học. Con đã học xong bài 1 và bài 3. Con muốn tiếp tục bài 2 hay học lại bài nào?","vi-VN","compatibility","missing_exact_audio","","main_flow","lib/features/voice_navigation/application/main_voice_assistant_flow.dart"
"Chủ đề Những vấn đề nhỏ có 3 bài học. Con đã học xong bài 1. Con muốn tiếp tục bài 2 hay học lại bài nào?","vi-VN","compatibility","missing_exact_audio","","main_flow","lib/features/voice_navigation/application/main_voice_assistant_flow.dart"
"Chủ đề Những vấn đề nhỏ có 3 bài học. Con đã học xong bài 2 và bài 3. Con muốn tiếp tục bài 1 hay học lại bài nào?","vi-VN","compatibility","missing_exact_audio","","main_flow","lib/features/voice_navigation/application/main_voice_assistant_flow.dart"
"Chủ đề Những vấn đề nhỏ có 3 bài học. Con đã học xong bài 2. Con muốn tiếp tục bài 1 hay học lại bài nào?","vi-VN","compatibility","missing_exact_audio","","main_flow","lib/features/voice_navigation/application/main_voice_assistant_flow.dart"
"Chủ đề Những vấn đề nhỏ có 3 bài học. Con đã học xong bài 3. Con muốn tiếp tục bài 1 hay học lại bài nào?","vi-VN","compatibility","missing_exact_audio","","main_flow","lib/features/voice_navigation/application/main_voice_assistant_flow.dart"
"Chủ đề Những vấn đề nhỏ có 3 bài học. Con đã học xong cả 3 bài. Con muốn học lại bài số mấy?","vi-VN","compatibility","missing_exact_audio","","main_flow","lib/features/voice_navigation/application/main_voice_assistant_flow.dart"
"Chủ đề Những vấn đề nhỏ có 3 bài học. Con muốn học bài số mấy?","vi-VN","compatibility","missing_exact_audio","","main_flow","lib/features/voice_navigation/application/main_voice_assistant_flow.dart"
"Chủ đề Ở cửa hàng có 3 bài học. Con đã học xong bài 1 và bài 2. Con muốn tiếp tục bài 3 hay học lại bài nào?","vi-VN","compatibility","missing_exact_audio","","main_flow","lib/features/voice_navigation/application/main_voice_assistant_flow.dart"
"Chủ đề Ở cửa hàng có 3 bài học. Con đã học xong bài 1 và bài 3. Con muốn tiếp tục bài 2 hay học lại bài nào?","vi-VN","compatibility","missing_exact_audio","","main_flow","lib/features/voice_navigation/application/main_voice_assistant_flow.dart"
"Chủ đề Ở cửa hàng có 3 bài học. Con đã học xong bài 1. Con muốn tiếp tục bài 2 hay học lại bài nào?","vi-VN","compatibility","missing_exact_audio","","main_flow","lib/features/voice_navigation/application/main_voice_assistant_flow.dart"
"Chủ đề Ở cửa hàng có 3 bài học. Con đã học xong bài 2 và bài 3. Con muốn tiếp tục bài 1 hay học lại bài nào?","vi-VN","compatibility","missing_exact_audio","","main_flow","lib/features/voice_navigation/application/main_voice_assistant_flow.dart"
"Chủ đề Ở cửa hàng có 3 bài học. Con đã học xong bài 2. Con muốn tiếp tục bài 1 hay học lại bài nào?","vi-VN","compatibility","missing_exact_audio","","main_flow","lib/features/voice_navigation/application/main_voice_assistant_flow.dart"
"Chủ đề Ở cửa hàng có 3 bài học. Con đã học xong bài 3. Con muốn tiếp tục bài 1 hay học lại bài nào?","vi-VN","compatibility","missing_exact_audio","","main_flow","lib/features/voice_navigation/application/main_voice_assistant_flow.dart"
"Chủ đề Ở cửa hàng có 3 bài học. Con đã học xong cả 3 bài. Con muốn học lại bài số mấy?","vi-VN","compatibility","missing_exact_audio","","main_flow","lib/features/voice_navigation/application/main_voice_assistant_flow.dart"
"Chủ đề Ở cửa hàng có 3 bài học. Con muốn học bài số mấy?","vi-VN","compatibility","missing_exact_audio","","main_flow","lib/features/voice_navigation/application/main_voice_assistant_flow.dart"
"Chủ đề Ở nhà ga có 2 bài học. Con đã học xong bài 1. Con muốn tiếp tục bài 2 hay học lại bài nào?","vi-VN","compatibility","missing_exact_audio","","main_flow","lib/features/voice_navigation/application/main_voice_assistant_flow.dart"
"Chủ đề Ở nhà ga có 2 bài học. Con đã học xong bài 2. Con muốn tiếp tục bài 1 hay học lại bài nào?","vi-VN","compatibility","missing_exact_audio","","main_flow","lib/features/voice_navigation/application/main_voice_assistant_flow.dart"
"Chủ đề Ở nhà ga có 2 bài học. Con đã học xong cả 2 bài. Con muốn học lại bài số mấy?","vi-VN","compatibility","missing_exact_audio","","main_flow","lib/features/voice_navigation/application/main_voice_assistant_flow.dart"
"Chủ đề Ở nhà ga có 2 bài học. Con muốn học bài số mấy?","vi-VN","compatibility","missing_exact_audio","","main_flow","lib/features/voice_navigation/application/main_voice_assistant_flow.dart"
"Chủ đề Ở nhà hàng có 2 bài học. Con đã học xong bài 1. Con muốn tiếp tục bài 2 hay học lại bài nào?","vi-VN","compatibility","missing_exact_audio","","main_flow","lib/features/voice_navigation/application/main_voice_assistant_flow.dart"
"Chủ đề Ở nhà hàng có 2 bài học. Con đã học xong bài 2. Con muốn tiếp tục bài 1 hay học lại bài nào?","vi-VN","compatibility","missing_exact_audio","","main_flow","lib/features/voice_navigation/application/main_voice_assistant_flow.dart"
"Chủ đề Ở nhà hàng có 2 bài học. Con đã học xong cả 2 bài. Con muốn học lại bài số mấy?","vi-VN","compatibility","missing_exact_audio","","main_flow","lib/features/voice_navigation/application/main_voice_assistant_flow.dart"
"Chủ đề Ở nhà hàng có 2 bài học. Con muốn học bài số mấy?","vi-VN","compatibility","missing_exact_audio","","main_flow","lib/features/voice_navigation/application/main_voice_assistant_flow.dart"
"Chủ đề Ở trường có 2 bài học. Con đã học xong bài 1. Con muốn tiếp tục bài 2 hay học lại bài nào?","vi-VN","compatibility","missing_exact_audio","","main_flow","lib/features/voice_navigation/application/main_voice_assistant_flow.dart"
"Chủ đề Ở trường có 2 bài học. Con đã học xong bài 2. Con muốn tiếp tục bài 1 hay học lại bài nào?","vi-VN","compatibility","missing_exact_audio","","main_flow","lib/features/voice_navigation/application/main_voice_assistant_flow.dart"
"Chủ đề Ở trường có 2 bài học. Con đã học xong cả 2 bài. Con muốn học lại bài số mấy?","vi-VN","compatibility","missing_exact_audio","","main_flow","lib/features/voice_navigation/application/main_voice_assistant_flow.dart"
"Chủ đề Ở trường có 2 bài học. Con muốn học bài số mấy?","vi-VN","compatibility","missing_exact_audio","","main_flow","lib/features/voice_navigation/application/main_voice_assistant_flow.dart"
"Chủ đề Quyền riêng tư trên mạng có 2 bài học. Con đã học xong bài 1. Con muốn tiếp tục bài 2 hay học lại bài nào?","vi-VN","compatibility","missing_exact_audio","","main_flow","lib/features/voice_navigation/application/main_voice_assistant_flow.dart"
"Chủ đề Quyền riêng tư trên mạng có 2 bài học. Con đã học xong bài 2. Con muốn tiếp tục bài 1 hay học lại bài nào?","vi-VN","compatibility","missing_exact_audio","","main_flow","lib/features/voice_navigation/application/main_voice_assistant_flow.dart"
"Chủ đề Quyền riêng tư trên mạng có 2 bài học. Con đã học xong cả 2 bài. Con muốn học lại bài số mấy?","vi-VN","compatibility","missing_exact_audio","","main_flow","lib/features/voice_navigation/application/main_voice_assistant_flow.dart"
"Chủ đề Quyền riêng tư trên mạng có 2 bài học. Con muốn học bài số mấy?","vi-VN","compatibility","missing_exact_audio","","main_flow","lib/features/voice_navigation/application/main_voice_assistant_flow.dart"
"Chủ đề Sắp xếp thời gian có 2 bài học. Con đã học xong bài 1. Con muốn tiếp tục bài 2 hay học lại bài nào?","vi-VN","compatibility","missing_exact_audio","","main_flow","lib/features/voice_navigation/application/main_voice_assistant_flow.dart"
"Chủ đề Sắp xếp thời gian có 2 bài học. Con đã học xong bài 2. Con muốn tiếp tục bài 1 hay học lại bài nào?","vi-VN","compatibility","missing_exact_audio","","main_flow","lib/features/voice_navigation/application/main_voice_assistant_flow.dart"
"Chủ đề Sắp xếp thời gian có 2 bài học. Con đã học xong cả 2 bài. Con muốn học lại bài số mấy?","vi-VN","compatibility","missing_exact_audio","","main_flow","lib/features/voice_navigation/application/main_voice_assistant_flow.dart"
"Chủ đề Sắp xếp thời gian có 2 bài học. Con muốn học bài số mấy?","vi-VN","compatibility","missing_exact_audio","","main_flow","lib/features/voice_navigation/application/main_voice_assistant_flow.dart"
"Chủ đề Số đếm có 2 bài học. Con đã học xong bài 1. Con muốn tiếp tục bài 2 hay học lại bài nào?","vi-VN","compatibility","missing_exact_audio","","main_flow","lib/features/voice_navigation/application/main_voice_assistant_flow.dart"
"Chủ đề Số đếm có 2 bài học. Con đã học xong bài 2. Con muốn tiếp tục bài 1 hay học lại bài nào?","vi-VN","compatibility","missing_exact_audio","","main_flow","lib/features/voice_navigation/application/main_voice_assistant_flow.dart"
"Chủ đề Số đếm có 2 bài học. Con đã học xong cả 2 bài. Con muốn học lại bài số mấy?","vi-VN","compatibility","missing_exact_audio","","main_flow","lib/features/voice_navigation/application/main_voice_assistant_flow.dart"
"Chủ đề Số đếm có 2 bài học. Con muốn học bài số mấy?","vi-VN","compatibility","missing_exact_audio","","main_flow","lib/features/voice_navigation/application/main_voice_assistant_flow.dart"
"Chủ đề Sở thích của mình có 2 bài học. Con đã học xong bài 1. Con muốn tiếp tục bài 2 hay học lại bài nào?","vi-VN","compatibility","missing_exact_audio","","main_flow","lib/features/voice_navigation/application/main_voice_assistant_flow.dart"
"Chủ đề Sở thích của mình có 2 bài học. Con đã học xong bài 2. Con muốn tiếp tục bài 1 hay học lại bài nào?","vi-VN","compatibility","missing_exact_audio","","main_flow","lib/features/voice_navigation/application/main_voice_assistant_flow.dart"
"Chủ đề Sở thích của mình có 2 bài học. Con đã học xong cả 2 bài. Con muốn học lại bài số mấy?","vi-VN","compatibility","missing_exact_audio","","main_flow","lib/features/voice_navigation/application/main_voice_assistant_flow.dart"
"Chủ đề Sở thích của mình có 2 bài học. Con muốn học bài số mấy?","vi-VN","compatibility","missing_exact_audio","","main_flow","lib/features/voice_navigation/application/main_voice_assistant_flow.dart"
"Chủ đề Thói quen lành mạnh có 2 bài học. Con đã học xong bài 1. Con muốn tiếp tục bài 2 hay học lại bài nào?","vi-VN","compatibility","missing_exact_audio","","main_flow","lib/features/voice_navigation/application/main_voice_assistant_flow.dart"
"Chủ đề Thói quen lành mạnh có 2 bài học. Con đã học xong bài 2. Con muốn tiếp tục bài 1 hay học lại bài nào?","vi-VN","compatibility","missing_exact_audio","","main_flow","lib/features/voice_navigation/application/main_voice_assistant_flow.dart"
"Chủ đề Thói quen lành mạnh có 2 bài học. Con đã học xong cả 2 bài. Con muốn học lại bài số mấy?","vi-VN","compatibility","missing_exact_audio","","main_flow","lib/features/voice_navigation/application/main_voice_assistant_flow.dart"
"Chủ đề Thói quen lành mạnh có 2 bài học. Con muốn học bài số mấy?","vi-VN","compatibility","missing_exact_audio","","main_flow","lib/features/voice_navigation/application/main_voice_assistant_flow.dart"
"Chủ đề Thời tiết có 2 bài học. Con đã học xong bài 1. Con muốn tiếp tục bài 2 hay học lại bài nào?","vi-VN","compatibility","missing_exact_audio","","main_flow","lib/features/voice_navigation/application/main_voice_assistant_flow.dart"
"Chủ đề Thời tiết có 2 bài học. Con đã học xong bài 2. Con muốn tiếp tục bài 1 hay học lại bài nào?","vi-VN","compatibility","missing_exact_audio","","main_flow","lib/features/voice_navigation/application/main_voice_assistant_flow.dart"
"Chủ đề Thời tiết có 2 bài học. Con đã học xong cả 2 bài. Con muốn học lại bài số mấy?","vi-VN","compatibility","missing_exact_audio","","main_flow","lib/features/voice_navigation/application/main_voice_assistant_flow.dart"
"Chủ đề Thời tiết có 2 bài học. Con muốn học bài số mấy?","vi-VN","compatibility","missing_exact_audio","","main_flow","lib/features/voice_navigation/application/main_voice_assistant_flow.dart"
"Chủ đề Tuần của mình có 2 bài học. Con đã học xong bài 1. Con muốn tiếp tục bài 2 hay học lại bài nào?","vi-VN","compatibility","missing_exact_audio","","main_flow","lib/features/voice_navigation/application/main_voice_assistant_flow.dart"
"Chủ đề Tuần của mình có 2 bài học. Con đã học xong bài 2. Con muốn tiếp tục bài 1 hay học lại bài nào?","vi-VN","compatibility","missing_exact_audio","","main_flow","lib/features/voice_navigation/application/main_voice_assistant_flow.dart"
"Chủ đề Tuần của mình có 2 bài học. Con đã học xong cả 2 bài. Con muốn học lại bài số mấy?","vi-VN","compatibility","missing_exact_audio","","main_flow","lib/features/voice_navigation/application/main_voice_assistant_flow.dart"
"Chủ đề Tuần của mình có 2 bài học. Con muốn học bài số mấy?","vi-VN","compatibility","missing_exact_audio","","main_flow","lib/features/voice_navigation/application/main_voice_assistant_flow.dart"
"Chủ đề Từ vựng theo chữ cái có 3 bài học. Con đã học xong bài 1 và bài 2. Con muốn tiếp tục bài 3 hay học lại bài nào?","vi-VN","compatibility","missing_exact_audio","","main_flow","lib/features/voice_navigation/application/main_voice_assistant_flow.dart"
"Chủ đề Từ vựng theo chữ cái có 3 bài học. Con đã học xong bài 1 và bài 3. Con muốn tiếp tục bài 2 hay học lại bài nào?","vi-VN","compatibility","missing_exact_audio","","main_flow","lib/features/voice_navigation/application/main_voice_assistant_flow.dart"
"Chủ đề Từ vựng theo chữ cái có 3 bài học. Con đã học xong bài 1. Con muốn tiếp tục bài 2 hay học lại bài nào?","vi-VN","compatibility","missing_exact_audio","","main_flow","lib/features/voice_navigation/application/main_voice_assistant_flow.dart"
"Chủ đề Từ vựng theo chữ cái có 3 bài học. Con đã học xong bài 2 và bài 3. Con muốn tiếp tục bài 1 hay học lại bài nào?","vi-VN","compatibility","missing_exact_audio","","main_flow","lib/features/voice_navigation/application/main_voice_assistant_flow.dart"
"Chủ đề Từ vựng theo chữ cái có 3 bài học. Con đã học xong bài 2. Con muốn tiếp tục bài 1 hay học lại bài nào?","vi-VN","compatibility","missing_exact_audio","","main_flow","lib/features/voice_navigation/application/main_voice_assistant_flow.dart"
"Chủ đề Từ vựng theo chữ cái có 3 bài học. Con đã học xong bài 3. Con muốn tiếp tục bài 1 hay học lại bài nào?","vi-VN","compatibility","missing_exact_audio","","main_flow","lib/features/voice_navigation/application/main_voice_assistant_flow.dart"
"Chủ đề Từ vựng theo chữ cái có 3 bài học. Con đã học xong cả 3 bài. Con muốn học lại bài số mấy?","vi-VN","compatibility","missing_exact_audio","","main_flow","lib/features/voice_navigation/application/main_voice_assistant_flow.dart"
"Chủ đề Từ vựng theo chữ cái có 3 bài học. Con muốn học bài số mấy?","vi-VN","compatibility","missing_exact_audio","","main_flow","lib/features/voice_navigation/application/main_voice_assistant_flow.dart"
"Chủ nhật thì sao: See you there hay How about Sunday?","vi-VN","audio_catalog_only","ready","assets/audio/CURRICULUM/0561a63015c486d1189b70ab.vi.v1.mp3","audio_not_traced","assets/data/curriculum_audio.json"
"Chủ nhật thì sao?","vi-VN","current;catalog_only","ready","assets/audio/CURRICULUM/965238513ae669bf5a659626.vi.v1.mp3","core_vi;challenge_answer_vi","lib/features/listening/presentation/lesson_practice_screen.dart;assets/data/listening_lessons.json"
"Chúc ngủ ngon: Good night hay Wake up?","vi-VN","current","ready","assets/audio/CURRICULUM/540879210d1954bfcad05bbb.vi.v1.mp3","challenge_question","lib/features/listening/presentation/lesson_challenge_screen.dart"
"Chúc ngủ ngon!","vi-VN","current;catalog_only","ready","assets/audio/CURRICULUM/987f117f1ab1ec51c59488a0.vi.v1.mp3","core_vi;challenge_answer_vi","lib/features/listening/presentation/lesson_practice_screen.dart;assets/data/listening_lessons.json"
"Chuối: Bananas hay Noodles?","vi-VN","audio_catalog_only","ready","assets/audio/CURRICULUM/78b3487096a532dbb830785b.vi.v1.mp3","audio_not_traced","assets/data/curriculum_audio.json"
"Chuối: Noodles hay Bananas?","vi-VN","current","ready","assets/audio/CURRICULUM/a3450460fa45117bbe7c50ea.vi.v1.mp3","challenge_question","lib/features/listening/presentation/lesson_challenge_screen.dart"
"Chuối.","vi-VN","current;catalog_only","ready","assets/audio/CURRICULUM/a2d286a95516196e3b55080b.vi.v1.mp3","core_vi;challenge_answer_vi","lib/features/listening/presentation/lesson_practice_screen.dart;assets/data/listening_lessons.json"
"Chụp ảnh: Listen to music hay Take photos?","vi-VN","audio_catalog_only","ready","assets/audio/CURRICULUM/0664742bd69382e08b8807b3.vi.v1.mp3","audio_not_traced","assets/data/curriculum_audio.json"
"Chụp ảnh: Take photos hay Go to the zoo?","vi-VN","current","ready","assets/audio/CURRICULUM/dd31e237d1f812581072a5c8.vi.v1.mp3","challenge_question","lib/features/listening/presentation/lesson_challenge_screen.dart"
"Chụp ảnh.","vi-VN","current;catalog_only","ready","assets/audio/CURRICULUM/8885037d9553895aa8f57c0f.vi.v1.mp3","core_vi;challenge_answer_vi","lib/features/listening/presentation/lesson_practice_screen.dart;assets/data/listening_lessons.json"
"Chưa có bài tiếp theo.","vi-VN","compatibility","ready","assets/audio/MAIN/REPLY-013.vi.v1.mp3","module_reply","lib/features/listening/presentation/lesson_review_screen.dart:503"
"Chưa có nội dung đã học tốt trong phần Ba mẹ đã thêm.","vi-VN","audio_catalog_only","ready","assets/audio/MAIN/RUN-019.vi.v1.mp3","audio_not_traced","assets/data/main_assistant_audio.json"
"Chưa có nội dung ở phần này. Bạn muốn học Ngôi sao hay Luyện lại?","vi-VN","current","ready","assets/audio/MAIN/RUN-053.vi.v1.mp3","vocabulary_guidance","lib/features/vocabulary/domain/vocabulary_flow_v3.dart"
"Circle.","en-US","current","ready","assets/audio/CURRICULUM/1384855f6ab5b8f429ea5790.en.v1.mp3","core_en;challenge_answer_en","lib/features/listening/presentation/lesson_practice_screen.dart;lib/features/listening/presentation/lesson_challenge_screen.dart"
"Clap your hands.","en-US","current","ready","assets/audio/CURRICULUM/03d970481cc4805ba7b14d10.en.v1.mp3","core_en;challenge_answer_en","lib/features/listening/presentation/lesson_practice_screen.dart;lib/features/listening/presentation/lesson_challenge_screen.dart"
"Close the tap.","en-US","current","ready","assets/audio/CURRICULUM/6c6b947f56833010b5cb43a4.en.v1.mp3","core_en;challenge_answer_en","lib/features/listening/presentation/lesson_practice_screen.dart;lib/features/listening/presentation/lesson_challenge_screen.dart"
"Close your eyes.","en-US","current","ready","assets/audio/CURRICULUM/97d6a922bd524a863198d18b.en.v1.mp3","core_en;challenge_answer_en","lib/features/listening/presentation/lesson_practice_screen.dart;lib/features/listening/presentation/lesson_challenge_screen.dart"
"Có 3 Chủ đề. Bạn chọn Chủ đề số mấy?","vi-VN","audio_catalog_only","ready","assets/audio/CURRICULUM/062e0b0017072a5758712772.vi.v1.mp3","audio_not_traced","assets/data/curriculum_audio.json"
"Có 3 Chủ đề. Bạn muốn học Chủ đề số mấy?","vi-VN","current","ready","assets/audio/MAIN/GAP28-016.vi.v1.mp3","main_flow","lib/features/voice_navigation/application/main_voice_assistant_flow.dart"
"Có 4 Chủ đề. Bạn chọn Chủ đề số mấy?","vi-VN","audio_catalog_only","ready","assets/audio/CURRICULUM/e1ef7e5d8a01fea6743e5b74.vi.v1.mp3","audio_not_traced","assets/data/curriculum_audio.json"
"Có 4 Chủ đề. Bạn muốn học Chủ đề số mấy?","vi-VN","current","ready","assets/audio/MAIN/GAP28-017.vi.v1.mp3","main_flow","lib/features/voice_navigation/application/main_voice_assistant_flow.dart"
"Có cái nào rẻ hơn không: Is there a cheaper one? hay How much is this?","vi-VN","current","ready","assets/audio/CURRICULUM/8daa2598dc45608453438b34.vi.v1.mp3","challenge_question","lib/features/listening/presentation/lesson_challenge_screen.dart"
"Có cái nào rẻ hơn không?","vi-VN","current;catalog_only","ready","assets/audio/CURRICULUM/73fed76c63b3c0a494ad6320.vi.v1.mp3","core_vi;challenge_answer_vi","lib/features/listening/presentation/lesson_practice_screen.dart;assets/data/listening_lessons.json"
"Có lẽ dịp khác nhé: Thanks for asking hay Maybe another time?","vi-VN","current","ready","assets/audio/CURRICULUM/211f08c8b7d22db5d39930ed.vi.v1.mp3","challenge_question","lib/features/listening/presentation/lesson_challenge_screen.dart"
"Có lẽ dịp khác nhé.","vi-VN","current;catalog_only","ready","assets/audio/CURRICULUM/81be817b1c734c7281330983.vi.v1.mp3","core_vi;challenge_answer_vi","lib/features/listening/presentation/lesson_practice_screen.dart;assets/data/listening_lessons.json"
"Có một tin nhắn lạ.","vi-VN","current","ready","assets/audio/CURRICULUM/3b65beca04d589db79fa9a91.vi.v1.mp3","lesson_intro_clip","lib/features/listening/presentation/lesson_intro_screen.dart"
"Có nên tự do chia sẻ thông tin không?","vi-VN","current","ready","assets/audio/CURRICULUM/52be7befd6c77ea7073ba6cc.vi.v1.mp3","lesson_intro_clip","lib/features/listening/presentation/lesson_intro_screen.dart"
"Có từ mới rồi. Mình cùng học nha.","vi-VN","catalog_only","ready","assets/audio/MAIN/AI-030.vi.v1.mp3","assistant_catalog","lib/features/voice_navigation/domain/homi_fallback_catalog.dart"
"Có, giúp mình nhé: Thank you hay Yes, please?","vi-VN","audio_catalog_only","ready","assets/audio/CURRICULUM/11bfba1b401d2f4767e2e750.vi.v1.mp3","audio_not_traced","assets/data/curriculum_audio.json"
"Có, giúp mình nhé.","vi-VN","current;catalog_only","ready","assets/audio/CURRICULUM/7865c75a45b54b54d34c53bb.vi.v1.mp3","core_vi;challenge_answer_vi","lib/features/listening/presentation/lesson_practice_screen.dart;assets/data/listening_lessons.json"
"Có, mình thích: No, I don't hay Yes, I do?","vi-VN","current","ready","assets/audio/CURRICULUM/4fe3c9f1e43c3c133fb64618.vi.v1.mp3","challenge_question","lib/features/listening/presentation/lesson_challenge_screen.dart"
"Có, mình thích.","vi-VN","current;catalog_only","ready","assets/audio/CURRICULUM/b738a090e5071d70484015ce.vi.v1.mp3","core_vi;challenge_answer_vi","lib/features/listening/presentation/lesson_practice_screen.dart;assets/data/listening_lessons.json"
"Cold today.","en-US","current","ready","assets/audio/CURRICULUM/17048f1b22a280f4e6dc2cce.en.v1.mp3","core_en;challenge_answer_en","lib/features/listening/presentation/lesson_practice_screen.dart;lib/features/listening/presentation/lesson_challenge_screen.dart"
"Cold.","en-US","current","ready","assets/audio/CURRICULUM/808b0c70a9ee88d9fb21ba35.en.v1.mp3","core_en;challenge_answer_en","lib/features/listening/presentation/lesson_practice_screen.dart;lib/features/listening/presentation/lesson_challenge_screen.dart"
"Comb your hair.","en-US","current","ready","assets/audio/CURRICULUM/6023eee047869bfa21baded6.en.v1.mp3","core_en;challenge_answer_en","lib/features/listening/presentation/lesson_practice_screen.dart;lib/features/listening/presentation/lesson_challenge_screen.dart"
"Come with me.","en-US","current","ready","assets/audio/CURRICULUM/670df7f89f85d75c9205565b.en.v1.mp3","core_en;challenge_answer_en","lib/features/listening/presentation/lesson_practice_screen.dart;lib/features/listening/presentation/lesson_challenge_screen.dart"
"Computer.","en-US","current","ready","assets/audio/CURRICULUM/24c266c47eb6b6c974af48c2.en.v1.mp3","core_en;challenge_answer_en","lib/features/listening/presentation/lesson_practice_screen.dart;lib/features/listening/presentation/lesson_challenge_screen.dart"
"Con bò: Duck hay Cow?","vi-VN","current","ready","assets/audio/CURRICULUM/ccc63b4da589ad03cdbb761f.vi.v1.mp3","challenge_question","lib/features/listening/presentation/lesson_challenge_screen.dart"
"Con bò.","vi-VN","current;catalog_only","ready","assets/audio/CURRICULUM/d395c806bb17d6b72d8af08e.vi.v1.mp3","core_vi;challenge_answer_vi","lib/features/listening/presentation/lesson_practice_screen.dart;assets/data/listening_lessons.json"
"Con cá: Fish hay Grape?","vi-VN","current","ready","assets/audio/CURRICULUM/4f23721067e735b97cd14442.vi.v1.mp3","challenge_question","lib/features/listening/presentation/lesson_challenge_screen.dart"
"Con cá: Monkey hay Fish?","vi-VN","current","ready","assets/audio/CURRICULUM/fcbe400296cd496e1361eb67.vi.v1.mp3","challenge_question","lib/features/listening/presentation/lesson_challenge_screen.dart"
"Con cá.","vi-VN","current;catalog_only","ready","assets/audio/CURRICULUM/d16f0eac7a9332ad39e99dd5.vi.v1.mp3","core_vi;challenge_answer_vi","lib/features/listening/presentation/lesson_practice_screen.dart;assets/data/listening_lessons.json"
"Con chim: Bird hay Cow?","vi-VN","current","ready","assets/audio/CURRICULUM/f8666428627f9e72c5e924ed.vi.v1.mp3","challenge_question","lib/features/listening/presentation/lesson_challenge_screen.dart"
"Con chim: Bird hay Fish?","vi-VN","current","ready","assets/audio/CURRICULUM/cbf286a192858630bad417e2.vi.v1.mp3","challenge_question","lib/features/listening/presentation/lesson_challenge_screen.dart"
"Con chim.","vi-VN","current;catalog_only","ready","assets/audio/CURRICULUM/99385044a5a53380178929cd.vi.v1.mp3","core_vi;challenge_answer_vi","lib/features/listening/presentation/lesson_practice_screen.dart;assets/data/listening_lessons.json"
"Con chó: Bird hay Dog?","vi-VN","current","ready","assets/audio/CURRICULUM/fdb38cff16ae44231126a78c.vi.v1.mp3","challenge_question","lib/features/listening/presentation/lesson_challenge_screen.dart"
"Con chó: Dog hay Bird?","vi-VN","audio_catalog_only","ready","assets/audio/CURRICULUM/2ce4afb81574b1146c847002.vi.v1.mp3","audio_not_traced","assets/data/curriculum_audio.json"
"Con chó: Dog hay Egg?","vi-VN","current","ready","assets/audio/CURRICULUM/f842425da76fd894f50f8063.vi.v1.mp3","challenge_question","lib/features/listening/presentation/lesson_challenge_screen.dart"
"Con chó.","vi-VN","current;catalog_only","ready","assets/audio/CURRICULUM/c20398969f18f8a89b5892f9.vi.v1.mp3","core_vi;challenge_answer_vi","lib/features/listening/presentation/lesson_practice_screen.dart;assets/data/listening_lessons.json"
"Con chuột: Bird hay Mouse?","vi-VN","current","ready","assets/audio/CURRICULUM/546ed7e2ad9bce792ef2c34e.vi.v1.mp3","challenge_question","lib/features/listening/presentation/lesson_challenge_screen.dart"
"Con chuột: Mouse hay Bird?","vi-VN","audio_catalog_only","ready","assets/audio/CURRICULUM/001a73e841208ec3e69451fb.vi.v1.mp3","audio_not_traced","assets/data/curriculum_audio.json"
"Con chuột.","vi-VN","current;catalog_only","ready","assets/audio/CURRICULUM/38e8950cb17b290830e7234a.vi.v1.mp3","core_vi;challenge_answer_vi","lib/features/listening/presentation/lesson_practice_screen.dart;assets/data/listening_lessons.json"
"Con chưa có từ ngôi sao nào.","vi-VN","audio_catalog_only","ready","assets/audio/MAIN/RUN-021.vi.v1.mp3","audio_not_traced","assets/data/main_assistant_audio.json"
"Con đã cố gắng rồi! Mình sẽ luyện thêm sau. Cùng học câu tiếp nào.","vi-VN","audio_catalog_only","ready","assets/audio/MAIN/RUN-139.vi.v1.mp3","audio_not_traced","assets/data/main_assistant_audio.json"
"Con đã học xong cả 2 bài rồi. Con hãy chọn một bài để học lại nhé.","vi-VN","compatibility","missing_exact_audio","","main_flow","lib/features/voice_navigation/application/main_voice_assistant_flow.dart"
"Con đã học xong cả 2 bài rồi. Con muốn học lại bài số mấy?","vi-VN","compatibility","missing_exact_audio","","main_flow","lib/features/voice_navigation/application/main_voice_assistant_flow.dart"
"Con đã học xong cả 3 bài rồi. Con hãy chọn một bài để học lại nhé.","vi-VN","compatibility","missing_exact_audio","","main_flow","lib/features/voice_navigation/application/main_voice_assistant_flow.dart"
"Con đã học xong cả 3 bài rồi. Con muốn học lại bài số mấy?","vi-VN","compatibility","missing_exact_audio","","main_flow","lib/features/voice_navigation/application/main_voice_assistant_flow.dart"
"Con đã học xong chủ đề này rồi. Con chọn tiếp chủ đề mới nhé.","vi-VN","current","ready","assets/audio/MAIN/RUN-132.vi.v1.mp3","module_reply","lib/features/listening/presentation/lesson_practice_screen.dart:594"
"Con đang ở bài đầu tiên rồi.","vi-VN","current","ready","assets/audio/MAIN/REPLY-009.vi.v1.mp3","module_reply","lib/features/listening/presentation/lesson_practice_screen.dart:605"
"Con đang ở phần đầu bài học rồi.","vi-VN","current","ready","assets/audio/MAIN/REPLY-004.vi.v1.mp3","module_reply","lib/features/listening/presentation/lesson_intro_screen.dart:587"
"Con hãy học xong bài hát này trước nhé.","vi-VN","compatibility","ready","assets/audio/MAIN/REPLY-016.vi.v1.mp3","module_reply","lib/features/listening/presentation/song_karaoke_screen.dart:599"
"Con hãy nói “Luyện lại từ đầu” hoặc “Bài tiếp theo” nhé.","vi-VN","audio_catalog_only","ready","assets/audio/MAIN/RUN-130.vi.v1.mp3","audio_not_traced","assets/data/main_assistant_audio.json"
"Con hãy quay lại danh sách để chọn bài trước nhé.","vi-VN","compatibility","ready","assets/audio/MAIN/REPLY-014.vi.v1.mp3","module_reply","lib/features/listening/presentation/lesson_review_screen.dart:511"
"Con hãy vào bài học trước nhé.","vi-VN","current","ready","assets/audio/MAIN/REPLY-005.vi.v1.mp3","module_reply","lib/features/listening/presentation/lesson_intro_screen.dart:597"
"Con khỉ: Monkey hay Rabbit?","vi-VN","current","ready","assets/audio/CURRICULUM/6fa0a4fbf87c08ac3fc69b94.vi.v1.mp3","challenge_question","lib/features/listening/presentation/lesson_challenge_screen.dart"
"Con khỉ.","vi-VN","current;catalog_only","ready","assets/audio/CURRICULUM/9a95576ada5c2be1dc394a7b.vi.v1.mp3","core_vi;challenge_answer_vi","lib/features/listening/presentation/lesson_practice_screen.dart;assets/data/listening_lessons.json"
"Con kiến: Ant hay Book?","vi-VN","current","ready","assets/audio/CURRICULUM/d4d5e55b7cd0dcb72c237efc.vi.v1.mp3","challenge_question","lib/features/listening/presentation/lesson_challenge_screen.dart"
"Con kiến.","vi-VN","current;catalog_only","ready","assets/audio/CURRICULUM/67f7c5abe4c4ec2ae0da85e8.vi.v1.mp3","core_vi;challenge_answer_vi","lib/features/listening/presentation/lesson_practice_screen.dart;assets/data/listening_lessons.json"
"Con làm tốt lắm","vi-VN","audio_catalog_only","ready","assets/audio/MAIN/RUN-133.vi.v1.mp3","audio_not_traced","assets/data/main_assistant_audio.json"
"Con lợn: Pig hay Queen?","vi-VN","current","ready","assets/audio/CURRICULUM/776b17d845e5977603d5d2a5.vi.v1.mp3","challenge_question","lib/features/listening/presentation/lesson_challenge_screen.dart"
"Con lợn.","vi-VN","current;catalog_only","ready","assets/audio/CURRICULUM/fc62bb37bdc124fb3ff90b4d.vi.v1.mp3","core_vi;challenge_answer_vi","lib/features/listening/presentation/lesson_practice_screen.dart;assets/data/listening_lessons.json"
"Con mấy tuổi","vi-VN","current","ready","assets/audio/MAIN/RUN-012.vi.v1.mp3","main_flow","lib/features/voice_navigation/application/main_voice_assistant_flow.dart"
"Con mấy tuổi? Con hãy nói, ví dụ con 6 tuổi","vi-VN","current","ready","assets/audio/MAIN/RUN-032.vi.v1.mp3","main_flow","lib/features/voice_navigation/application/main_voice_assistant_flow.dart"
"Con mèo: Cat hay Dog?","vi-VN","current","ready","assets/audio/CURRICULUM/54cbf9de9ced7e471ef0972a.vi.v1.mp3","challenge_question","lib/features/listening/presentation/lesson_challenge_screen.dart"
"Con mèo.","vi-VN","current;catalog_only","ready","assets/audio/CURRICULUM/1a51ef3a2e40dc87a49a29c5.vi.v1.mp3","core_vi;challenge_answer_vi","lib/features/listening/presentation/lesson_practice_screen.dart;assets/data/listening_lessons.json"
"Con muốn học bài số mấy?","vi-VN","audio_catalog_only","ready","assets/audio/MAIN/RUN-039.vi.v1.mp3","audio_not_traced","assets/data/main_assistant_audio.json"
"Con muốn học chủ đề, học bộ từ vựng hay dừng lại?","vi-VN","current","ready","assets/audio/MAIN/RUN-005.vi.v1.mp3","main_flow","lib/features/voice_navigation/application/main_voice_assistant_flow.dart"
"Con muốn nghe phần Ba mẹ đã thêm, Luyện lại hay Ngôi sao?","vi-VN","audio_catalog_only","ready","assets/audio/MAIN/RUN-013.vi.v1.mp3","audio_not_traced","assets/data/main_assistant_audio.json"
"Con sư tử: Lion hay Milk?","vi-VN","current","ready","assets/audio/CURRICULUM/1a18ff990b04cc48341850be.vi.v1.mp3","challenge_question","lib/features/listening/presentation/lesson_challenge_screen.dart"
"Con sư tử.","vi-VN","current;catalog_only","ready","assets/audio/CURRICULUM/81e0ebdc3a501b79b7c6c5c9.vi.v1.mp3","core_vi;challenge_answer_vi","lib/features/listening/presentation/lesson_practice_screen.dart;assets/data/listening_lessons.json"
"Con tập trung học đi","vi-VN","audio_catalog_only","ready","assets/audio/MAIN/RUN-135.vi.v1.mp3","audio_not_traced","assets/data/main_assistant_audio.json"
"Con thỏ: Rabbit hay Elephant?","vi-VN","current","ready","assets/audio/CURRICULUM/c1145f7548209fef7df743a2.vi.v1.mp3","challenge_question","lib/features/listening/presentation/lesson_challenge_screen.dart"
"Con thỏ: Rabbit hay Juice?","vi-VN","current","ready","assets/audio/CURRICULUM/507a2e8079d6c48febdccc7e.vi.v1.mp3","challenge_question","lib/features/listening/presentation/lesson_challenge_screen.dart"
"Con thỏ.","vi-VN","current;catalog_only","ready","assets/audio/CURRICULUM/05470b53d3640cc5dbed21f7.vi.v1.mp3","core_vi;challenge_answer_vi","lib/features/listening/presentation/lesson_practice_screen.dart;assets/data/listening_lessons.json"
"Con vịt: Duck hay Cat?","vi-VN","current","ready","assets/audio/CURRICULUM/cea65bcd0f70017c5dc61589.vi.v1.mp3","challenge_question","lib/features/listening/presentation/lesson_challenge_screen.dart"
"Con vịt.","vi-VN","current;catalog_only","ready","assets/audio/CURRICULUM/2b8602ead3d9afd715d5caf9.vi.v1.mp3","core_vi;challenge_answer_vi","lib/features/listening/presentation/lesson_practice_screen.dart;assets/data/listening_lessons.json"
"Con voi: Elephant hay Flower?","vi-VN","current","ready","assets/audio/CURRICULUM/0797a6b49227692e526f553b.vi.v1.mp3","challenge_question","lib/features/listening/presentation/lesson_challenge_screen.dart"
"Con voi: Elephant hay Mouse?","vi-VN","current","ready","assets/audio/CURRICULUM/68baa3c562303fcda3df4101.vi.v1.mp3","challenge_question","lib/features/listening/presentation/lesson_challenge_screen.dart"
"Con voi.","vi-VN","current;catalog_only","ready","assets/audio/CURRICULUM/d6e24dff8885315b27b7f86a.vi.v1.mp3","core_vi;challenge_answer_vi","lib/features/listening/presentation/lesson_practice_screen.dart;assets/data/listening_lessons.json"
"Con xem bài học thêm một chút nhé.","vi-VN","compatibility","ready","assets/audio/MAIN/REPLY-011.vi.v1.mp3","module_reply","lib/features/listening/presentation/lesson_review_screen.dart:482"
"Cow hay Duck?","vi-VN","audio_catalog_only","ready","assets/audio/CURRICULUM/a046e5f32fb8851eaeae3f63.vi.v1.mp3","audio_not_traced","assets/data/curriculum_audio.json"
"Cow.","en-US","current","ready","assets/audio/CURRICULUM/dc16387afe601e2778a979e8.en.v1.mp3","core_en;challenge_answer_en","lib/features/listening/presentation/lesson_practice_screen.dart;lib/features/listening/presentation/lesson_challenge_screen.dart"
"Cô chưa mở được micro để dịch liên tục. Con kiểm tra quyền micro rồi thử lại nhé.","vi-VN","current","ready","assets/audio/MAIN/GAP28-018.vi.v1.mp3","microphone_error","lib/app/ai_speaking_app.dart:1702"
"Cô chưa nghe rõ. Con nói lại nhé.","vi-VN","audio_catalog_only","ready","assets/audio/MAIN/RUN-134.vi.v1.mp3","audio_not_traced","assets/data/main_assistant_audio.json"
"Cô chưa nghe thấy bạn nói. Bạn nói lại nhé.","vi-VN","current","ready","assets/audio/MAIN/RUNTIME-CONVERSATION-RECOVERY-001.vi.v1.mp3","conversation_unclear","lib/features/conversation/presentation/conversation_controller.dart:3439"
"Cô chưa nghe thấy con nói. Con nói lại nhé.","vi-VN","audio_catalog_only","ready","assets/audio/MAIN/CONVERSATION-UNCLEAR.vi.v1.mp3","audio_not_traced","assets/data/main_assistant_audio.json"
"Cốc vàng: Black shoes hay Yellow cup?","vi-VN","current","ready","assets/audio/CURRICULUM/8c4e3de5db494a4d32fb22ad.vi.v1.mp3","challenge_question","lib/features/listening/presentation/lesson_challenge_screen.dart"
"Cốc vàng.","vi-VN","current;catalog_only","ready","assets/audio/CURRICULUM/462b9dbc4d92dd3bdccf75c4.vi.v1.mp3","core_vi;challenge_answer_vi","lib/features/listening/presentation/lesson_practice_screen.dart;assets/data/listening_lessons.json"
"Côn trùng: Insect hay Ant?","vi-VN","current","ready","assets/audio/CURRICULUM/759bf84d209de171e0c20654.vi.v1.mp3","challenge_question","lib/features/listening/presentation/lesson_challenge_screen.dart"
"Côn trùng.","vi-VN","current;catalog_only","ready","assets/audio/CURRICULUM/ac4993a9f0d08d01fec29813.vi.v1.mp3","core_vi;challenge_answer_vi","lib/features/listening/presentation/lesson_practice_screen.dart;assets/data/listening_lessons.json"
"Công viên: Library hay Park?","vi-VN","audio_catalog_only","ready","assets/audio/CURRICULUM/59589514e0ab1a83d3d978b2.vi.v1.mp3","audio_not_traced","assets/data/curriculum_audio.json"
"Công viên: Park hay Shop?","vi-VN","audio_catalog_only","ready","assets/audio/CURRICULUM/76ff4755810fa53d38b70c1e.vi.v1.mp3","audio_not_traced","assets/data/curriculum_audio.json"
"Công viên: Park hay Soccer?","vi-VN","current","ready","assets/audio/CURRICULUM/63aa38fcc9509592cb33e7d4.vi.v1.mp3","challenge_question","lib/features/listening/presentation/lesson_challenge_screen.dart"
"Công viên: Shop hay Park?","vi-VN","current","ready","assets/audio/CURRICULUM/cef25493be4dd36d0887c6c0.vi.v1.mp3","challenge_question","lib/features/listening/presentation/lesson_challenge_screen.dart"
"Công viên.","vi-VN","current;catalog_only","ready","assets/audio/CURRICULUM/66a965ab33296d72ed973662.vi.v1.mp3","core_vi;challenge_answer_vi","lib/features/listening/presentation/lesson_practice_screen.dart;assets/data/listening_lessons.json"
"Cơm: Milk hay Rice?","vi-VN","current","ready","assets/audio/CURRICULUM/a7ba1b49a45581013eab4324.vi.v1.mp3","challenge_question","lib/features/listening/presentation/lesson_challenge_screen.dart"
"Cơm: Rice hay Milk?","vi-VN","current","ready","assets/audio/CURRICULUM/1bebbcef2653773e50bf585a.vi.v1.mp3","challenge_question","lib/features/listening/presentation/lesson_challenge_screen.dart"
"Cơm.","vi-VN","current;catalog_only","ready","assets/audio/CURRICULUM/f90e01e6a61888efa3710738.vi.v1.mp3","core_vi;challenge_answer_vi","lib/features/listening/presentation/lesson_practice_screen.dart;assets/data/listening_lessons.json"
"Của bạn đây: Here you go hay Thank you?","vi-VN","current","ready","assets/audio/CURRICULUM/2e385dec13967018462bca94.vi.v1.mp3","challenge_question","lib/features/listening/presentation/lesson_challenge_screen.dart"
"Của bạn đây: Thank you hay Here you are?","vi-VN","current","ready","assets/audio/CURRICULUM/5122139339bc96d1bd5a1ec7.vi.v1.mp3","challenge_question","lib/features/listening/presentation/lesson_challenge_screen.dart"
"Của bạn đây.","vi-VN","current;catalog_only","ready","assets/audio/CURRICULUM/9fac52a3966f832cf0a5f293.vi.v1.mp3","core_vi;challenge_answer_vi","lib/features/listening/presentation/lesson_practice_screen.dart;assets/data/listening_lessons.json"
"Cùng học tiếp nhé","vi-VN","current","ready","assets/audio/MAIN/RUN-023.vi.v1.mp3","main_flow","lib/features/voice_navigation/application/main_voice_assistant_flow.dart"
"Cửa hàng: Shop hay Library?","vi-VN","current","ready","assets/audio/CURRICULUM/064b37b6cf42f9690fea8c1e.vi.v1.mp3","challenge_question","lib/features/listening/presentation/lesson_challenge_screen.dart"
"Cửa hàng.","vi-VN","current;catalog_only","ready","assets/audio/CURRICULUM/a80844f7a8a2977342337d32.vi.v1.mp3","core_vi;challenge_answer_vi","lib/features/listening/presentation/lesson_practice_screen.dart;assets/data/listening_lessons.json"
"Cửa lớp đang đóng.","vi-VN","current","ready","assets/audio/CURRICULUM/1953bfb19a52c500a9d3b04e.vi.v1.mp3","lesson_intro_clip","lib/features/listening/presentation/lesson_intro_screen.dart"
"Cửa sổ: Window hay X-ray?","vi-VN","current","ready","assets/audio/CURRICULUM/304cc3228e240bbf218e94e8.vi.v1.mp3","challenge_question","lib/features/listening/presentation/lesson_challenge_screen.dart"
"Cửa sổ.","vi-VN","current;catalog_only","ready","assets/audio/CURRICULUM/e68e93355d01eedf549b9912.vi.v1.mp3","core_vi;challenge_answer_vi","lib/features/listening/presentation/lesson_practice_screen.dart;assets/data/listening_lessons.json"
"D. Desk.","en-US","current","ready","assets/audio/CURRICULUM/7d5bf7bde584df761b67d36c.en.v1.mp3","core_en","lib/features/listening/presentation/lesson_practice_screen.dart"
"D. Dog.","en-US","current","ready","assets/audio/CURRICULUM/4676a57eacdd17721f39da73.en.v1.mp3","core_en","lib/features/listening/presentation/lesson_practice_screen.dart"
"Dad.","en-US","current","ready","assets/audio/CURRICULUM/de4d0bd59a5763e45413095f.en.v1.mp3","core_en;challenge_answer_en","lib/features/listening/presentation/lesson_practice_screen.dart;lib/features/listening/presentation/lesson_challenge_screen.dart"
"Dậm chân: Stamp your feet hay Touch your head?","vi-VN","current","ready","assets/audio/CURRICULUM/644fad86ba9fe234be0696d2.vi.v1.mp3","challenge_question","lib/features/listening/presentation/lesson_challenge_screen.dart"
"Dậm chân.","vi-VN","current;catalog_only","ready","assets/audio/CURRICULUM/7c1e4fa21ef5e74f2c71f374.vi.v1.mp3","core_vi;challenge_answer_vi","lib/features/listening/presentation/lesson_practice_screen.dart;assets/data/listening_lessons.json"
"Departure.","en-US","current","ready","assets/audio/CURRICULUM/c130d647ae6aa748bc05b2b9.en.v1.mp3","core_en;challenge_answer_en","lib/features/listening/presentation/lesson_practice_screen.dart;lib/features/listening/presentation/lesson_challenge_screen.dart"
"Desk.","en-US","current","ready","assets/audio/CURRICULUM/69ffb67035b8af9be4dcb3b8.en.v1.mp3","challenge_answer_en;core_en","lib/features/listening/presentation/lesson_challenge_screen.dart;lib/features/listening/presentation/lesson_practice_screen.dart"
"Dessert.","en-US","current","ready","assets/audio/CURRICULUM/2627dde40b1ba2bb968277a8.en.v1.mp3","core_en;challenge_answer_en","lib/features/listening/presentation/lesson_practice_screen.dart;lib/features/listening/presentation/lesson_challenge_screen.dart"
"Dễ hơn: Easier hay Safer?","vi-VN","current","ready","assets/audio/CURRICULUM/0733de9e16768e9be9c64a1d.vi.v1.mp3","challenge_question","lib/features/listening/presentation/lesson_challenge_screen.dart"
"Dễ hơn.","vi-VN","current;catalog_only","ready","assets/audio/CURRICULUM/725e3c848b755fa90917be4d.vi.v1.mp3","core_vi;challenge_answer_vi","lib/features/listening/presentation/lesson_practice_screen.dart;assets/data/listening_lessons.json"
"Do homework.","en-US","current","ready","assets/audio/CURRICULUM/4d8203b781962f0079e3df81.en.v1.mp3","core_en;challenge_answer_en","lib/features/listening/presentation/lesson_practice_screen.dart;lib/features/listening/presentation/lesson_challenge_screen.dart"
"Do you like noodles?","en-US","current","ready","assets/audio/CURRICULUM/480b6bad21c0e0d1a264774d.en.v1.mp3","core_en;challenge_answer_en","lib/features/listening/presentation/lesson_practice_screen.dart;lib/features/listening/presentation/lesson_challenge_screen.dart"
"Dog hay Bird?","vi-VN","audio_catalog_only","ready","assets/audio/CURRICULUM/a75f621fd0c43d98758d6bb3.vi.v1.mp3","audio_not_traced","assets/data/curriculum_audio.json"
"Dog.","en-US","current","ready","assets/audio/CURRICULUM/30fb57d63ec25b8f82f5280a.en.v1.mp3","challenge_answer_en;core_en","lib/features/listening/presentation/lesson_challenge_screen.dart;lib/features/listening/presentation/lesson_practice_screen.dart"
"Don't click links.","en-US","current","ready","assets/audio/CURRICULUM/e9d1c4b870950ba679a82e6d.en.v1.mp3","core_en;challenge_answer_en","lib/features/listening/presentation/lesson_practice_screen.dart;lib/features/listening/presentation/lesson_challenge_screen.dart"
"Don't post your address.","en-US","current","ready","assets/audio/CURRICULUM/76a77753adb551219cf9d5c1.en.v1.mp3","core_en;challenge_answer_en","lib/features/listening/presentation/lesson_practice_screen.dart;lib/features/listening/presentation/lesson_challenge_screen.dart"
"Don't share photos.","en-US","current","ready","assets/audio/CURRICULUM/5ec91e40914589b3b7176217.en.v1.mp3","core_en;challenge_answer_en","lib/features/listening/presentation/lesson_practice_screen.dart;lib/features/listening/presentation/lesson_challenge_screen.dart"
"Don't share your location.","en-US","current","ready","assets/audio/CURRICULUM/4123d7ef373c6c9163c0238b.en.v1.mp3","core_en;challenge_answer_en","lib/features/listening/presentation/lesson_practice_screen.dart;lib/features/listening/presentation/lesson_challenge_screen.dart"
"Don't share your number.","en-US","current","ready","assets/audio/CURRICULUM/a22f278a933a36cfb9baf20a.en.v1.mp3","core_en;challenge_answer_en","lib/features/listening/presentation/lesson_practice_screen.dart;lib/features/listening/presentation/lesson_challenge_screen.dart"
"Draw pictures.","en-US","current","ready","assets/audio/CURRICULUM/0e6da045910b2f4e6f7b8572.en.v1.mp3","core_en;challenge_answer_en","lib/features/listening/presentation/lesson_practice_screen.dart;lib/features/listening/presentation/lesson_challenge_screen.dart"
"Draw well.","en-US","current","ready","assets/audio/CURRICULUM/3f0a154b8f55ffe9c2aab00b.en.v1.mp3","core_en;challenge_answer_en","lib/features/listening/presentation/lesson_practice_screen.dart;lib/features/listening/presentation/lesson_challenge_screen.dart"
"Drink water.","en-US","current","ready","assets/audio/CURRICULUM/e5ad6ad2a180ad0d359b0446.en.v1.mp3","core_en;challenge_answer_en","lib/features/listening/presentation/lesson_practice_screen.dart;lib/features/listening/presentation/lesson_challenge_screen.dart"
"Drink.","en-US","current","ready","assets/audio/CURRICULUM/7dd8762843341683a9bdba62.en.v1.mp3","core_en;challenge_answer_en","lib/features/listening/presentation/lesson_practice_screen.dart;lib/features/listening/presentation/lesson_challenge_screen.dart"
"Duck.","en-US","current","ready","assets/audio/CURRICULUM/f75f0039c4e03255e4057ca4.en.v1.mp3","core_en;challenge_answer_en","lib/features/listening/presentation/lesson_practice_screen.dart;lib/features/listening/presentation/lesson_challenge_screen.dart"
"Dùng cả hai mặt: Use both sides hay Turn off the lights?","vi-VN","current","ready","assets/audio/CURRICULUM/51d6b5fafa9bcc4bd9dc54dc.vi.v1.mp3","challenge_question","lib/features/listening/presentation/lesson_challenge_screen.dart"
"Dùng cả hai mặt.","vi-VN","current;catalog_only","ready","assets/audio/CURRICULUM/622c633151a412c9a11810ad.vi.v1.mp3","core_vi;challenge_answer_vi","lib/features/listening/presentation/lesson_practice_screen.dart;assets/data/listening_lessons.json"
"Dùng ít giấy hơn: Use less paper hay Close the tap?","vi-VN","current","ready","assets/audio/CURRICULUM/bd71620d8823fb2ae320fc31.vi.v1.mp3","challenge_question","lib/features/listening/presentation/lesson_challenge_screen.dart"
"Dùng ít giấy hơn.","vi-VN","current;catalog_only","ready","assets/audio/CURRICULUM/140eaf0bea1bff38d62184aa.vi.v1.mp3","core_vi;challenge_answer_vi","lib/features/listening/presentation/lesson_practice_screen.dart;assets/data/listening_lessons.json"
"Đã bị ngã: Fell down hay Played soccer?","vi-VN","current","ready","assets/audio/CURRICULUM/de5870356d855381421aeb3f.vi.v1.mp3","challenge_question","lib/features/listening/presentation/lesson_challenge_screen.dart"
"Đã bị ngã.","vi-VN","current;catalog_only","ready","assets/audio/CURRICULUM/705ee3d44c1a45476477f013.vi.v1.mp3","core_vi;challenge_answer_vi","lib/features/listening/presentation/lesson_practice_screen.dart;assets/data/listening_lessons.json"
"Đã chơi bóng đá: Played soccer hay Watched TV?","vi-VN","audio_catalog_only","ready","assets/audio/CURRICULUM/badd05b5d93a9bd86fce34f6.vi.v1.mp3","audio_not_traced","assets/data/curriculum_audio.json"
"Đã chơi bóng đá.","vi-VN","current;catalog_only","ready","assets/audio/CURRICULUM/7f0b0f8a02d3b4f2efee02e3.vi.v1.mp3","core_vi;challenge_answer_vi","lib/features/listening/presentation/lesson_practice_screen.dart;assets/data/listening_lessons.json"
"Đã có nội dung mới cho bạn. Bắt đầu học thôi!","vi-VN","current","ready","assets/audio/MAIN/RUN-044.vi.v1.mp3","vocabulary_guidance","lib/features/vocabulary/domain/vocabulary_flow_v3.dart"
"Đã dừng phần thử thách.","vi-VN","not_spoken_handled_reply","ready","assets/audio/MAIN/REPLY-001.vi.v1.mp3","module_reply","lib/features/listening/presentation/lesson_challenge_screen.dart:265"
"Đã dừng.","vi-VN","current;catalog_only;not_spoken_handled_reply","ready","assets/audio/MAIN/AI-045.vi.v1.mp3","main_flow;assistant_catalog;master_navigation_contract;literal_speech_call;module_reply","lib/features/voice_navigation/application/main_voice_assistant_flow.dart;lib/features/voice_navigation/domain/homi_fallback_catalog.dart;lib/features/voice_navigation/domain/master_navigation_contract.dart:16;lib/app/ai_speaking_app.dart:1452;lib/app/ai_speaking_app.dart:1477;lib/app/ai_speaking_app.dart:1481;lib/app/ai_speaking_app.dart:1519;lib/features/listening/presentation/lesson_intro_screen.dart:574;lib/features/listening/presentation/lesson_practice_screen.dart:544;lib/features/listening/presentation/lesson_review_screen.dart:470;lib/features/listening/presentation/song_karaoke_screen.dart:578;lib/features/vocabulary/presentation/vocabulary_practice_screen.dart:809"
"Đã làm mất bút chì: Fell down hay Lost my pencil?","vi-VN","current","ready","assets/audio/CURRICULUM/c6629ce0127413500b927db8.vi.v1.mp3","challenge_question","lib/features/listening/presentation/lesson_challenge_screen.dart"
"Đã làm mất bút chì.","vi-VN","current;catalog_only","ready","assets/audio/CURRICULUM/bd2f37677bf79de70c0a3c08.vi.v1.mp3","core_vi;challenge_answer_vi","lib/features/listening/presentation/lesson_practice_screen.dart;assets/data/listening_lessons.json"
"Đã thăm bà: Visited Grandma hay Lost my pencil?","vi-VN","audio_catalog_only","ready","assets/audio/CURRICULUM/85c754e654d2aa837c1f22ad.vi.v1.mp3","audio_not_traced","assets/data/curriculum_audio.json"
"Đã thăm bà.","vi-VN","current;catalog_only","ready","assets/audio/CURRICULUM/ca3cef465cbe0e83338df0a0.vi.v1.mp3","core_vi;challenge_answer_vi","lib/features/listening/presentation/lesson_practice_screen.dart;assets/data/listening_lessons.json"
"Đã xem TV: Visited Grandma hay Watched TV?","vi-VN","audio_catalog_only","ready","assets/audio/CURRICULUM/17fb74adcc4e594a6f7765e4.vi.v1.mp3","audio_not_traced","assets/data/curriculum_audio.json"
"Đã xem TV.","vi-VN","current;catalog_only","ready","assets/audio/CURRICULUM/20593392262891821c36229a.vi.v1.mp3","core_vi;challenge_answer_vi","lib/features/listening/presentation/lesson_practice_screen.dart;assets/data/listening_lessons.json"
"Đàn vi-ô-lông: Violin hay Window?","vi-VN","current","ready","assets/audio/CURRICULUM/8196f7c9d0aa717e36261c69.vi.v1.mp3","challenge_question","lib/features/listening/presentation/lesson_challenge_screen.dart"
"Đàn vi-ô-lông.","vi-VN","current;catalog_only","ready","assets/audio/CURRICULUM/a93d81a095804fbe6a81ffaa.vi.v1.mp3","core_vi;challenge_answer_vi","lib/features/listening/presentation/lesson_practice_screen.dart;assets/data/listening_lessons.json"
"Đánh răng: Wash your face hay Brush your teeth?","vi-VN","current","ready","assets/audio/CURRICULUM/536b81422eaaf428aed5f892.vi.v1.mp3","challenge_question","lib/features/listening/presentation/lesson_challenge_screen.dart"
"Đánh răng.","vi-VN","current;catalog_only","ready","assets/audio/CURRICULUM/63b4003881d297064b4edc7a.vi.v1.mp3","core_vi;challenge_answer_vi","lib/features/listening/presentation/lesson_practice_screen.dart;assets/data/listening_lessons.json"
"Đạt điểm tốt hơn: Read more books hay Get better grades?","vi-VN","audio_catalog_only","ready","assets/audio/CURRICULUM/d993abfe5eee6acaba290964.vi.v1.mp3","audio_not_traced","assets/data/curriculum_audio.json"
"Đạt điểm tốt hơn.","vi-VN","current;catalog_only","ready","assets/audio/CURRICULUM/ef419ae25c7cf7af851b88c9.vi.v1.mp3","core_vi;challenge_answer_vi","lib/features/listening/presentation/lesson_practice_screen.dart;assets/data/listening_lessons.json"
"Đặt báo thức: Set an alarm hay Check your bag again?","vi-VN","current","ready","assets/audio/CURRICULUM/82e93e80578bc47150b7fcd6.vi.v1.mp3","challenge_question","lib/features/listening/presentation/lesson_challenge_screen.dart"
"Đặt báo thức.","vi-VN","current;catalog_only","ready","assets/audio/CURRICULUM/88b4ddba37fe57561ce146ec.vi.v1.mp3","core_vi;challenge_answer_vi","lib/features/listening/presentation/lesson_practice_screen.dart;assets/data/listening_lessons.json"
"Đắt: Expensive hay Shirt?","vi-VN","current","ready","assets/audio/CURRICULUM/5f2bdef68d5ae9bb48198df8.vi.v1.mp3","challenge_question","lib/features/listening/presentation/lesson_challenge_screen.dart"
"Đắt.","vi-VN","current;catalog_only","ready","assets/audio/CURRICULUM/4611391fc1790344eaea7461.vi.v1.mp3","core_vi;challenge_answer_vi","lib/features/listening/presentation/lesson_practice_screen.dart;assets/data/listening_lessons.json"
"Đầu: Head hay Eyes?","vi-VN","current","ready","assets/audio/CURRICULUM/e60b24418aca627f5904da7c.vi.v1.mp3","challenge_question","lib/features/listening/presentation/lesson_challenge_screen.dart"
"Đầu.","vi-VN","current;catalog_only","ready","assets/audio/CURRICULUM/3fde0bca00d0d0959c88a917.vi.v1.mp3","core_vi;challenge_answer_vi","lib/features/listening/presentation/lesson_practice_screen.dart;assets/data/listening_lessons.json"
"Đây là câu cuối. Con hãy hoàn thành câu này nhé.","vi-VN","current","ready","assets/audio/MAIN/REPLY-007.vi.v1.mp3","module_reply","lib/features/listening/presentation/lesson_practice_screen.dart:569"
"Đây là câu đầu tiên. Mình nghe lại nhé.","vi-VN","current","ready","assets/audio/MAIN/LOCAL-CORE_FIRST_PREVIOUS.vi.v1.mp3","local_guide","lib/features/listening/presentation/lesson_practice_screen.dart:2007;lib/features/vocabulary/presentation/vocabulary_home_screen.dart:1774;lib/features/vocabulary/presentation/vocabulary_practice_screen.dart:833"
"Đây là phần tổng kết của bài học rồi.","vi-VN","catalog_only;compatibility","ready","assets/audio/MAIN/AI-066.vi.v1.mp3","assistant_catalog;module_reply","lib/features/voice_navigation/domain/homi_fallback_catalog.dart;lib/features/listening/presentation/lesson_review_screen.dart:498"
"Đen: Black hay White?","vi-VN","current","ready","assets/audio/CURRICULUM/72c96c5c70f99d519553e32a.vi.v1.mp3","challenge_question","lib/features/listening/presentation/lesson_challenge_screen.dart"
"Đen.","vi-VN","current;catalog_only","ready","assets/audio/CURRICULUM/3b1efcfac864f0978fc367c2.vi.v1.mp3","core_vi;challenge_answer_vi","lib/features/listening/presentation/lesson_practice_screen.dart;assets/data/listening_lessons.json"
"Đến giờ tắm rồi: Good night hay Bath time?","vi-VN","current","ready","assets/audio/CURRICULUM/a6743aed1bb9d8b5f6eb1a5e.vi.v1.mp3","challenge_question","lib/features/listening/presentation/lesson_challenge_screen.dart"
"Đến giờ tắm rồi!","vi-VN","current;catalog_only","ready","assets/audio/CURRICULUM/647acb651d0f67c3d351eeb8.vi.v1.mp3","core_vi;challenge_answer_vi","lib/features/listening/presentation/lesson_practice_screen.dart;assets/data/listening_lessons.json"
"Đến giờ vào lớp rồi.","vi-VN","current","ready","assets/audio/CURRICULUM/c36781aa03745147514487c1.vi.v1.mp3","lesson_intro_clip","lib/features/listening/presentation/lesson_intro_screen.dart"
"Đến lúc gọi món rồi.","vi-VN","current","ready","assets/audio/CURRICULUM/4305369b8f6f26b222105301.vi.v1.mp3","lesson_intro_clip","lib/features/listening/presentation/lesson_intro_screen.dart"
"Đến lượt bạn.","vi-VN","current","ready","assets/audio/MAIN/RUN-126.vi.v1.mp3","core_speak_cue","lib/features/listening/domain/lesson_guide_flow.dart"
"Đến lượt bạn. Bạn nói lại đi.","vi-VN","catalog_only","ready","assets/audio/MAIN/AI-048.vi.v1.mp3","assistant_catalog","lib/features/voice_navigation/domain/homi_fallback_catalog.dart"
"Đi bằng ô tô: Go by car hay Take the bus?","vi-VN","current","ready","assets/audio/CURRICULUM/10f1d32b77f13d2adaaab8b8.vi.v1.mp3","challenge_question","lib/features/listening/presentation/lesson_challenge_screen.dart"
"Đi bằng ô tô.","vi-VN","current;catalog_only","ready","assets/audio/CURRICULUM/dc0ecaa29fba95e5e154d856.vi.v1.mp3","core_vi;challenge_answer_vi","lib/features/listening/presentation/lesson_practice_screen.dart;assets/data/listening_lessons.json"
"Đi bộ một chút: Talk to someone hay Go for a walk?","vi-VN","current","ready","assets/audio/CURRICULUM/8bb88b64cc943a293134d429.vi.v1.mp3","challenge_question","lib/features/listening/presentation/lesson_challenge_screen.dart"
"Đi bộ một chút.","vi-VN","current;catalog_only","ready","assets/audio/CURRICULUM/1563ec17c13501db1fae6139.vi.v1.mp3","core_vi;challenge_answer_vi","lib/features/listening/presentation/lesson_practice_screen.dart;assets/data/listening_lessons.json"
"Đi bộ những quãng ngắn: Plant a tree hay Walk short distances?","vi-VN","current","ready","assets/audio/CURRICULUM/8b7f1fb9579147064c7e7114.vi.v1.mp3","challenge_question","lib/features/listening/presentation/lesson_challenge_screen.dart"
"Đi bộ những quãng ngắn.","vi-VN","current;catalog_only","ready","assets/audio/CURRICULUM/71e7454f0cd2335c118a5d73.vi.v1.mp3","core_vi;challenge_answer_vi","lib/features/listening/presentation/lesson_practice_screen.dart;assets/data/listening_lessons.json"
"Đi bộ rẻ hơn: The train is faster hay Walking is cheaper?","vi-VN","audio_catalog_only","ready","assets/audio/CURRICULUM/598e5060a518c0cdcc50b462.vi.v1.mp3","audio_not_traced","assets/data/curriculum_audio.json"
"Đi bộ rẻ hơn.","vi-VN","current;catalog_only","ready","assets/audio/CURRICULUM/68e161ad98c7b9e50b9a1e1d.vi.v1.mp3","core_vi;challenge_answer_vi","lib/features/listening/presentation/lesson_practice_screen.dart;assets/data/listening_lessons.json"
"Đi bộ tới đó: Ride a bike hay Walk there?","vi-VN","audio_catalog_only","ready","assets/audio/CURRICULUM/a300c39ff67607accfcda139.vi.v1.mp3","audio_not_traced","assets/data/curriculum_audio.json"
"Đi bộ tới đó.","vi-VN","current;catalog_only","ready","assets/audio/CURRICULUM/b263e16afac27af1753049c7.vi.v1.mp3","core_vi;challenge_answer_vi","lib/features/listening/presentation/lesson_practice_screen.dart;assets/data/listening_lessons.json"
"Đi bộ: Walk hay Bus?","vi-VN","current","ready","assets/audio/CURRICULUM/cb5de946167cfa76d69171e3.vi.v1.mp3","challenge_question","lib/features/listening/presentation/lesson_challenge_screen.dart"
"Đi bộ.","vi-VN","current;catalog_only","ready","assets/audio/CURRICULUM/cb5e5dcaadc0b473ecff3fe2.vi.v1.mp3","core_vi;challenge_answer_vi","lib/features/listening/presentation/lesson_practice_screen.dart;assets/data/listening_lessons.json"
"Đi chuyến xe tiếp theo: Take the next bus hay Charge your phone?","vi-VN","audio_catalog_only","ready","assets/audio/CURRICULUM/95ee9a51130aa2e740c59cf1.vi.v1.mp3","audio_not_traced","assets/data/curriculum_audio.json"
"Đi chuyến xe tiếp theo.","vi-VN","current;catalog_only","ready","assets/audio/CURRICULUM/36beced4f0f556f62f17c54b.vi.v1.mp3","core_vi;challenge_answer_vi","lib/features/listening/presentation/lesson_practice_screen.dart;assets/data/listening_lessons.json"
"Đi công viên: Go to the park hay Play soccer?","vi-VN","current","ready","assets/audio/CURRICULUM/2dfc293e95adea72dc4b76cb.vi.v1.mp3","challenge_question","lib/features/listening/presentation/lesson_challenge_screen.dart"
"Đi công viên: See a movie hay Go to the park?","vi-VN","audio_catalog_only","ready","assets/audio/CURRICULUM/08b2f9e0858507c8bf77d482.vi.v1.mp3","audio_not_traced","assets/data/curriculum_audio.json"
"Đi công viên.","vi-VN","current;catalog_only","ready","assets/audio/CURRICULUM/1a38ba21e9c4719bc34da872.vi.v1.mp3","core_vi;challenge_answer_vi","lib/features/listening/presentation/lesson_practice_screen.dart;assets/data/listening_lessons.json"
"Đi cùng mình nhé: Come with me hay Yes, let's play?","vi-VN","current","ready","assets/audio/CURRICULUM/8c6ad95a2f287483a28b5f20.vi.v1.mp3","challenge_question","lib/features/listening/presentation/lesson_challenge_screen.dart"
"Đi cùng mình nhé.","vi-VN","current;catalog_only","ready","assets/audio/CURRICULUM/1e600119662f4e5b510cf685.vi.v1.mp3","core_vi;challenge_answer_vi","lib/features/listening/presentation/lesson_practice_screen.dart;assets/data/listening_lessons.json"
"Đi sở thú: Go to the zoo hay Go to the park?","vi-VN","audio_catalog_only","ready","assets/audio/CURRICULUM/9a8aa07314a3b871d45f41e9.vi.v1.mp3","audio_not_traced","assets/data/curriculum_audio.json"
"Đi sở thú.","vi-VN","current;catalog_only","ready","assets/audio/CURRICULUM/c083bd6d22e5a574f516f91d.vi.v1.mp3","core_vi;challenge_answer_vi","lib/features/listening/presentation/lesson_practice_screen.dart;assets/data/listening_lessons.json"
"Đi taxi: Go by car hay Take a taxi?","vi-VN","current","ready","assets/audio/CURRICULUM/b46cdd57179807bb542c1b87.vi.v1.mp3","challenge_question","lib/features/listening/presentation/lesson_challenge_screen.dart"
"Đi taxi.","vi-VN","current;catalog_only","ready","assets/audio/CURRICULUM/bd28d544a931d517959533d2.vi.v1.mp3","core_vi;challenge_answer_vi","lib/features/listening/presentation/lesson_practice_screen.dart;assets/data/listening_lessons.json"
"Đi tắm: Comb your hair hay Take a bath?","vi-VN","current","ready","assets/audio/CURRICULUM/d405e30ea8d82d0e826fdd04.vi.v1.mp3","challenge_question","lib/features/listening/presentation/lesson_challenge_screen.dart"
"Đi tắm: Sleep hay Bath?","vi-VN","current","ready","assets/audio/CURRICULUM/4e0ef2a6a105f307734b1d5b.vi.v1.mp3","challenge_question","lib/features/listening/presentation/lesson_challenge_screen.dart"
"Đi tắm.","vi-VN","current;catalog_only","ready","assets/audio/CURRICULUM/abe55a060729fbdfabf76a73.vi.v1.mp3","core_vi;challenge_answer_vi","lib/features/listening/presentation/lesson_practice_screen.dart;assets/data/listening_lessons.json"
"Đi thẳng: Go straight hay Turn left?","vi-VN","audio_catalog_only","ready","assets/audio/CURRICULUM/7c9d6238e40a3deb4243f2a9.vi.v1.mp3","audio_not_traced","assets/data/curriculum_audio.json"
"Đi thẳng.","vi-VN","current;catalog_only","ready","assets/audio/CURRICULUM/993e90ea948f95442e2b64ee.vi.v1.mp3","core_vi;challenge_answer_vi","lib/features/listening/presentation/lesson_practice_screen.dart;assets/data/listening_lessons.json"
"Đi xe buýt: Take the bus hay Walk there?","vi-VN","audio_catalog_only","ready","assets/audio/CURRICULUM/1a66144bbb7ef09fd1291d9c.vi.v1.mp3","audio_not_traced","assets/data/curriculum_audio.json"
"Đi xe buýt.","vi-VN","current;catalog_only","ready","assets/audio/CURRICULUM/de79ec293413b5441243e4a9.vi.v1.mp3","core_vi;challenge_answer_vi","lib/features/listening/presentation/lesson_practice_screen.dart;assets/data/listening_lessons.json"
"Đi xe đạp: Play chess hay Ride a bike?","vi-VN","current","ready","assets/audio/CURRICULUM/bf0b4fdb1f6ed6e01f019c5b.vi.v1.mp3","challenge_question","lib/features/listening/presentation/lesson_challenge_screen.dart"
"Đi xe đạp: Ride a bike hay Take a taxi?","vi-VN","current","ready","assets/audio/CURRICULUM/a47787517bd15864aad0d53c.vi.v1.mp3","challenge_question","lib/features/listening/presentation/lesson_challenge_screen.dart"
"Đi xe đạp: Watch cartoons hay Ride a bike?","vi-VN","current","ready","assets/audio/CURRICULUM/757e162759c477f267a30cae.vi.v1.mp3","challenge_question","lib/features/listening/presentation/lesson_challenge_screen.dart"
"Đi xe đạp.","vi-VN","current;catalog_only","ready","assets/audio/CURRICULUM/0e29d9a04ccf85b4f5a31ac5.vi.v1.mp3","core_vi;challenge_answer_vi","lib/features/listening/presentation/lesson_practice_screen.dart;assets/data/listening_lessons.json"
"Địa chỉ nhà: Home address hay My location?","vi-VN","current","ready","assets/audio/CURRICULUM/74cd3139c387505b6f00b12b.vi.v1.mp3","challenge_question","lib/features/listening/presentation/lesson_challenge_screen.dart"
"Địa chỉ nhà.","vi-VN","current;catalog_only","ready","assets/audio/CURRICULUM/c632cce90dbe079e099b4c84.vi.v1.mp3","core_vi;challenge_answer_vi","lib/features/listening/presentation/lesson_practice_screen.dart;assets/data/listening_lessons.json"
"Điện thoại mình hết pin: I'm late for class hay My phone is dead?","vi-VN","current","ready","assets/audio/CURRICULUM/b632b6e607ab7e9ca459d7f7.vi.v1.mp3","challenge_question","lib/features/listening/presentation/lesson_challenge_screen.dart"
"Điện thoại mình hết pin.","vi-VN","current;catalog_only","ready","assets/audio/CURRICULUM/76b9105a1e08b64244f7b591.vi.v1.mp3","core_vi;challenge_answer_vi","lib/features/listening/presentation/lesson_practice_screen.dart;assets/data/listening_lessons.json"
"Điện thoại: Phone hay Tablet?","vi-VN","audio_catalog_only","ready","assets/audio/CURRICULUM/9ebeddaf79f327f2462ae3fd.vi.v1.mp3","audio_not_traced","assets/data/curriculum_audio.json"
"Điện thoại.","vi-VN","current;catalog_only","ready","assets/audio/CURRICULUM/5e9ac24c0df57e011af8b3fd.vi.v1.mp3","core_vi;challenge_answer_vi","lib/features/listening/presentation/lesson_practice_screen.dart;assets/data/listening_lessons.json"
"Đó là con bò: It's a duck hay It's a cow?","vi-VN","current","ready","assets/audio/CURRICULUM/0d78ea4e336fe74385af8cd0.vi.v1.mp3","challenge_question","lib/features/listening/presentation/lesson_challenge_screen.dart"
"Đó là con bò.","vi-VN","current;catalog_only","ready","assets/audio/CURRICULUM/9546c381f61d835d9d78e515.vi.v1.mp3","core_vi;challenge_answer_vi","lib/features/listening/presentation/lesson_practice_screen.dart;assets/data/listening_lessons.json"
"Đó là con chim: It's a bird hay It's a cow?","vi-VN","current","ready","assets/audio/CURRICULUM/fc164fc281a88d04d1d6458b.vi.v1.mp3","challenge_question","lib/features/listening/presentation/lesson_challenge_screen.dart"
"Đó là con chim.","vi-VN","current;catalog_only","ready","assets/audio/CURRICULUM/c98593b01b6fda5470fe884d.vi.v1.mp3","core_vi;challenge_answer_vi","lib/features/listening/presentation/lesson_practice_screen.dart;assets/data/listening_lessons.json"
"Đó là con chó: It's a bird hay It's a dog?","vi-VN","current","ready","assets/audio/CURRICULUM/65d3f2b4c454f06058b424ec.vi.v1.mp3","challenge_question","lib/features/listening/presentation/lesson_challenge_screen.dart"
"Đó là con chó.","vi-VN","current;catalog_only","ready","assets/audio/CURRICULUM/370c49946700acee8d1ff8a8.vi.v1.mp3","core_vi;challenge_answer_vi","lib/features/listening/presentation/lesson_practice_screen.dart;assets/data/listening_lessons.json"
"Đó là con mèo: It's a cat hay It's a dog?","vi-VN","current","ready","assets/audio/CURRICULUM/9f9873f6cd8959d99a66120d.vi.v1.mp3","challenge_question","lib/features/listening/presentation/lesson_challenge_screen.dart"
"Đó là con mèo.","vi-VN","current;catalog_only","ready","assets/audio/CURRICULUM/3cb1a28d3d7323a46eead886.vi.v1.mp3","core_vi;challenge_answer_vi","lib/features/listening/presentation/lesson_practice_screen.dart;assets/data/listening_lessons.json"
"Đó là con vịt: It's a duck hay It's a cat?","vi-VN","current","ready","assets/audio/CURRICULUM/c37afb30f6d98d9da09a0a1e.vi.v1.mp3","challenge_question","lib/features/listening/presentation/lesson_challenge_screen.dart"
"Đó là con vịt.","vi-VN","current;catalog_only","ready","assets/audio/CURRICULUM/68f9cf155668c7885ee72fe0.vi.v1.mp3","core_vi;challenge_answer_vi","lib/features/listening/presentation/lesson_practice_screen.dart;assets/data/listening_lessons.json"
"Đỏ: Red hay Blue?","vi-VN","current","ready","assets/audio/CURRICULUM/9dfd7570bdb24ad6da977b23.vi.v1.mp3","challenge_question","lib/features/listening/presentation/lesson_challenge_screen.dart"
"Đỏ.","vi-VN","current;catalog_only","ready","assets/audio/CURRICULUM/6927db77bd28c7518315ccf8.vi.v1.mp3","core_vi;challenge_answer_vi","lib/features/listening/presentation/lesson_practice_screen.dart;assets/data/listening_lessons.json"
"Đọc nhiều sách hơn: Read more books hay Speak more confidently?","vi-VN","current","ready","assets/audio/CURRICULUM/b6a8ee94f35ec4ee9f945ad1.vi.v1.mp3","challenge_question","lib/features/listening/presentation/lesson_challenge_screen.dart"
"Đọc nhiều sách hơn.","vi-VN","current;catalog_only","ready","assets/audio/CURRICULUM/407b6746ded95736b0649784.vi.v1.mp3","core_vi;challenge_answer_vi","lib/features/listening/presentation/lesson_practice_screen.dart;assets/data/listening_lessons.json"
"Đọc sách buổi tối: Reading at night hay Help at home?","vi-VN","audio_catalog_only","ready","assets/audio/CURRICULUM/676f8951a456d61cd1fcb4eb.vi.v1.mp3","audio_not_traced","assets/data/curriculum_audio.json"
"Đọc sách buổi tối.","vi-VN","current;catalog_only","ready","assets/audio/CURRICULUM/693dd1d0a72972a309e3d6a8.vi.v1.mp3","core_vi;challenge_answer_vi","lib/features/listening/presentation/lesson_practice_screen.dart;assets/data/listening_lessons.json"
"Đọc sách: Go to the park hay Read books?","vi-VN","current","ready","assets/audio/CURRICULUM/b8ae90999107b8293bca55fc.vi.v1.mp3","challenge_question","lib/features/listening/presentation/lesson_challenge_screen.dart"
"Đọc sách: Read books hay Help at home?","vi-VN","audio_catalog_only","ready","assets/audio/CURRICULUM/1c6f9ffe07507cf0783a3dd9.vi.v1.mp3","audio_not_traced","assets/data/curriculum_audio.json"
"Đọc sách.","vi-VN","current;catalog_only","ready","assets/audio/CURRICULUM/dfda040755eb9ce519c462bf.vi.v1.mp3","core_vi;challenge_answer_vi","lib/features/listening/presentation/lesson_practice_screen.dart;assets/data/listening_lessons.json"
"Đọc truyện tranh: Read comics hay Ride a bike?","vi-VN","current","ready","assets/audio/CURRICULUM/affbbd15d45f8d224827b8e2.vi.v1.mp3","challenge_question","lib/features/listening/presentation/lesson_challenge_screen.dart"
"Đọc truyện tranh.","vi-VN","current;catalog_only","ready","assets/audio/CURRICULUM/616adc24d578cc1578e77850.vi.v1.mp3","core_vi;challenge_answer_vi","lib/features/listening/presentation/lesson_practice_screen.dart;assets/data/listening_lessons.json"
"Đồ chơi yo-yo: Yo-yo hay Zebra?","vi-VN","current","ready","assets/audio/CURRICULUM/52de92ed7bb8598828cef1f7.vi.v1.mp3","challenge_question","lib/features/listening/presentation/lesson_challenge_screen.dart"
"Đồ chơi yo-yo.","vi-VN","current;catalog_only","ready","assets/audio/CURRICULUM/b7eef773cfe9a3b4e709c633.vi.v1.mp3","core_vi;challenge_answer_vi","lib/features/listening/presentation/lesson_practice_screen.dart;assets/data/listening_lessons.json"
"Đồ chơi: Toy hay Price?","vi-VN","audio_catalog_only","ready","assets/audio/CURRICULUM/b7076912942311715d215efe.vi.v1.mp3","audio_not_traced","assets/data/curriculum_audio.json"
"Đồ chơi: Toy hay Umbrella?","vi-VN","current","ready","assets/audio/CURRICULUM/1ae8c0dad776f88d55dcdf7b.vi.v1.mp3","challenge_question","lib/features/listening/presentation/lesson_challenge_screen.dart"
"Đồ chơi.","vi-VN","current;catalog_only","ready","assets/audio/CURRICULUM/9b6adbd14a8f6c7e5f21dc3a.vi.v1.mp3","core_vi;challenge_answer_vi","lib/features/listening/presentation/lesson_practice_screen.dart;assets/data/listening_lessons.json"
"Đồ uống: Main dish hay Drink?","vi-VN","audio_catalog_only","ready","assets/audio/CURRICULUM/ab726169ae19474adbf26933.vi.v1.mp3","audio_not_traced","assets/data/curriculum_audio.json"
"Đồ uống.","vi-VN","current;catalog_only","ready","assets/audio/CURRICULUM/553164a3dd5239d731559b66.vi.v1.mp3","core_vi;challenge_answer_vi","lib/features/listening/presentation/lesson_practice_screen.dart;assets/data/listening_lessons.json"
"Đồng hồ tròn: Round clock hay Round ball?","vi-VN","current","ready","assets/audio/CURRICULUM/1203f33a8f6cc1722d42cc35.vi.v1.mp3","challenge_question","lib/features/listening/presentation/lesson_challenge_screen.dart"
"Đồng hồ tròn.","vi-VN","current;catalog_only","ready","assets/audio/CURRICULUM/8bd7bcf97db6e2edae23dfc3.vi.v1.mp3","core_vi;challenge_answer_vi","lib/features/listening/presentation/lesson_practice_screen.dart;assets/data/listening_lessons.json"
"Đồng phục: Uniform hay Violin?","vi-VN","current","ready","assets/audio/CURRICULUM/3873d6aa2bfd9594e1a67d88.vi.v1.mp3","challenge_question","lib/features/listening/presentation/lesson_challenge_screen.dart"
"Đồng phục.","vi-VN","current;catalog_only","ready","assets/audio/CURRICULUM/d83cb0378242fa62944f5938.vi.v1.mp3","core_vi;challenge_answer_vi","lib/features/listening/presentation/lesson_practice_screen.dart;assets/data/listening_lessons.json"
"Đúng rồi!","vi-VN","current","ready","assets/audio/MAIN/RUN-072.vi.v1.mp3","age_feedback","lib/features/listening/domain/lesson_guide_flow.dart"
"Được rồi. HOMI nói mẫu nhé.","vi-VN","current","ready","assets/audio/MAIN/RUN-082.vi.v1.mp3","age_feedback","lib/features/listening/domain/lesson_guide_flow.dart"
"Được thôi. Bạn muốn dịch sang tiếng Anh, học theo chủ đề hay học bộ từ vựng?","vi-VN","current;catalog_only","ready","assets/audio/MAIN/AI-004.vi.v1.mp3","main_flow;assistant_catalog","lib/features/voice_navigation/application/main_voice_assistant_flow.dart;lib/features/voice_navigation/domain/homi_fallback_catalog.dart"
"Được, cùng chơi nhé: No, thank you hay Yes, let's play?","vi-VN","current","ready","assets/audio/CURRICULUM/24a19d8a42aa0cb66052b78a.vi.v1.mp3","challenge_question","lib/features/listening/presentation/lesson_challenge_screen.dart"
"Được, cùng chơi nhé.","vi-VN","current;catalog_only","ready","assets/audio/CURRICULUM/11cd8faf96244ccf55e39937.vi.v1.mp3","core_vi;challenge_answer_vi","lib/features/listening/presentation/lesson_practice_screen.dart;assets/data/listening_lessons.json"
"Được, vào đi: A pencil, please hay Yes, come in?","vi-VN","audio_catalog_only","ready","assets/audio/CURRICULUM/6361aad1d908192a98042516.vi.v1.mp3","audio_not_traced","assets/data/curriculum_audio.json"
"Được, vào đi.","vi-VN","current;catalog_only","ready","assets/audio/CURRICULUM/b77db1569b86d426726372c8.vi.v1.mp3","core_vi;challenge_answer_vi","lib/features/listening/presentation/lesson_practice_screen.dart;assets/data/listening_lessons.json"
"Được. Nghe câu đúng nhé.","vi-VN","current","ready","assets/audio/MAIN/RUN-101.vi.v1.mp3","age_feedback","lib/features/listening/domain/lesson_guide_flow.dart"
"Đường dẫn: Message hay Link?","vi-VN","audio_catalog_only","ready","assets/audio/CURRICULUM/497cc9373c21725d05311ab8.vi.v1.mp3","audio_not_traced","assets/data/curriculum_audio.json"
"Đường dẫn.","vi-VN","current;catalog_only","ready","assets/audio/CURRICULUM/3150289afb620356694af7c5.vi.v1.mp3","core_vi;challenge_answer_vi","lib/features/listening/presentation/lesson_practice_screen.dart;assets/data/listening_lessons.json"
"E. Egg.","en-US","current","ready","assets/audio/CURRICULUM/27cb7dcb42d048f2e89de0ea.en.v1.mp3","core_en","lib/features/listening/presentation/lesson_practice_screen.dart"
"E. Elephant.","en-US","current","ready","assets/audio/CURRICULUM/cf07e16fe3cf9e9e3d10c6bf.en.v1.mp3","core_en","lib/features/listening/presentation/lesson_practice_screen.dart"
"Easier.","en-US","current","ready","assets/audio/CURRICULUM/e43223b6c440ad4bcfe58508.en.v1.mp3","core_en;challenge_answer_en","lib/features/listening/presentation/lesson_practice_screen.dart;lib/features/listening/presentation/lesson_challenge_screen.dart"
"Eat breakfast.","en-US","current","ready","assets/audio/CURRICULUM/53fde30cbd5fdcec345ab1a7.en.v1.mp3","core_en;challenge_answer_en","lib/features/listening/presentation/lesson_practice_screen.dart;lib/features/listening/presentation/lesson_challenge_screen.dart"
"Eat ice cream.","en-US","current","ready","assets/audio/CURRICULUM/e3e41b9ed37c1b757a4c38f2.en.v1.mp3","core_en;challenge_answer_en","lib/features/listening/presentation/lesson_practice_screen.dart;lib/features/listening/presentation/lesson_challenge_screen.dart"
"Eat.","en-US","current","ready","assets/audio/CURRICULUM/c1ec9a9f8670326b09bf3bf0.en.v1.mp3","core_en;challenge_answer_en","lib/features/listening/presentation/lesson_practice_screen.dart;lib/features/listening/presentation/lesson_challenge_screen.dart"
"Egg.","en-US","current","ready","assets/audio/CURRICULUM/efa768829d7e295077a4555f.en.v1.mp3","challenge_answer_en","lib/features/listening/presentation/lesson_challenge_screen.dart"
"Eight o'clock.","en-US","current","ready","assets/audio/CURRICULUM/1ec9593e6c54c542db5a35ef.en.v1.mp3","core_en;challenge_answer_en","lib/features/listening/presentation/lesson_practice_screen.dart;lib/features/listening/presentation/lesson_challenge_screen.dart"
"Eight.","en-US","current","ready","assets/audio/CURRICULUM/3eeccf31c67f5dfdc50d0715.en.v1.mp3","core_en;challenge_answer_en","lib/features/listening/presentation/lesson_practice_screen.dart;lib/features/listening/presentation/lesson_challenge_screen.dart"
"Eighteen.","en-US","current","ready","assets/audio/CURRICULUM/e833bbe4e4d7f9935b966c59.en.v1.mp3","core_en;challenge_answer_en","lib/features/listening/presentation/lesson_practice_screen.dart;lib/features/listening/presentation/lesson_challenge_screen.dart"
"Elephant hay Monkey?","vi-VN","audio_catalog_only","ready","assets/audio/CURRICULUM/40e2d7fdedf380f15aad60f0.vi.v1.mp3","audio_not_traced","assets/data/curriculum_audio.json"
"Elephant.","en-US","current","ready","assets/audio/CURRICULUM/022e39183c3e029c929aa62b.en.v1.mp3","challenge_answer_en;core_en","lib/features/listening/presentation/lesson_challenge_screen.dart;lib/features/listening/presentation/lesson_practice_screen.dart"
"Elephants can walk.","en-US","current","ready","assets/audio/CURRICULUM/eefe446cb6b0a29e9c425852.en.v1.mp3","core_en;challenge_answer_en","lib/features/listening/presentation/lesson_practice_screen.dart;lib/features/listening/presentation/lesson_challenge_screen.dart"
"Eleven.","en-US","current","ready","assets/audio/CURRICULUM/c52d4ed69f878035d97ed731.en.v1.mp3","core_en;challenge_answer_en","lib/features/listening/presentation/lesson_practice_screen.dart;lib/features/listening/presentation/lesson_challenge_screen.dart"
"English.","en-US","current","ready","assets/audio/CURRICULUM/679f04eea72ef9eea62cdbf3.en.v1.mp3","core_en;challenge_answer_en","lib/features/listening/presentation/lesson_practice_screen.dart;lib/features/listening/presentation/lesson_challenge_screen.dart"
"Exactly.","en-US","audio_catalog_only","ready","assets/audio/MAIN/RUN-103.en.v1.mp3","audio_not_traced","assets/data/main_assistant_audio.json"
"Exactly.","vi-VN","current","ready","assets/audio/MAIN/RUN-103.en.v1.mp3","age_feedback","lib/features/listening/domain/lesson_guide_flow.dart"
"Excuse me.","en-US","current","ready","assets/audio/CURRICULUM/b1f75549d734ebb65a1650d9.en.v1.mp3","core_en;challenge_answer_en","lib/features/listening/presentation/lesson_practice_screen.dart;lib/features/listening/presentation/lesson_challenge_screen.dart"
"Exercise daily.","en-US","current","ready","assets/audio/CURRICULUM/83243e1d71afc5e4fbaa8f89.en.v1.mp3","core_en;challenge_answer_en","lib/features/listening/presentation/lesson_practice_screen.dart;lib/features/listening/presentation/lesson_challenge_screen.dart"
"Exit.","en-US","current","ready","assets/audio/CURRICULUM/ea0acc9ec64d99a8b7ac405a.en.v1.mp3","core_en;challenge_answer_en","lib/features/listening/presentation/lesson_practice_screen.dart;lib/features/listening/presentation/lesson_challenge_screen.dart"
"Expensive.","en-US","current","ready","assets/audio/CURRICULUM/3b8218fd16ba9d5aa41196cb.en.v1.mp3","core_en;challenge_answer_en","lib/features/listening/presentation/lesson_practice_screen.dart;lib/features/listening/presentation/lesson_challenge_screen.dart"
"Eyes.","en-US","current","ready","assets/audio/CURRICULUM/5367868d83824e68e70eb2ad.en.v1.mp3","core_en;challenge_answer_en","lib/features/listening/presentation/lesson_practice_screen.dart;lib/features/listening/presentation/lesson_challenge_screen.dart"
"F. Fish.","en-US","current","ready","assets/audio/CURRICULUM/fcbda5008aa82055d300b8cf.en.v1.mp3","core_en","lib/features/listening/presentation/lesson_practice_screen.dart"
"F. Flower.","en-US","current","ready","assets/audio/CURRICULUM/3cd2d4e903a296747059631b.en.v1.mp3","core_en","lib/features/listening/presentation/lesson_practice_screen.dart"
"Family.","en-US","current","ready","assets/audio/CURRICULUM/13745ca50bac2d1fe42fb274.en.v1.mp3","core_en;challenge_answer_en","lib/features/listening/presentation/lesson_practice_screen.dart;lib/features/listening/presentation/lesson_challenge_screen.dart"
"Faster.","en-US","current","ready","assets/audio/CURRICULUM/0c118b0d9171ed1884efebae.en.v1.mp3","core_en;challenge_answer_en","lib/features/listening/presentation/lesson_practice_screen.dart;lib/features/listening/presentation/lesson_challenge_screen.dart"
"Feet.","en-US","current","ready","assets/audio/CURRICULUM/c7409fa5a5d8b7d51cb7ef28.en.v1.mp3","core_en;challenge_answer_en","lib/features/listening/presentation/lesson_practice_screen.dart;lib/features/listening/presentation/lesson_challenge_screen.dart"
"Fell down.","en-US","current","ready","assets/audio/CURRICULUM/c32be2c3c251b9c14ec370e4.en.v1.mp3","core_en;challenge_answer_en","lib/features/listening/presentation/lesson_practice_screen.dart;lib/features/listening/presentation/lesson_challenge_screen.dart"
"Fifteen.","en-US","current","ready","assets/audio/CURRICULUM/66c6d1c2dc0309bdf02bbe84.en.v1.mp3","core_en;challenge_answer_en","lib/features/listening/presentation/lesson_practice_screen.dart;lib/features/listening/presentation/lesson_challenge_screen.dart"
"Finish homework earlier.","en-US","current","ready","assets/audio/CURRICULUM/ce623bdb73d691385ebb220c.en.v1.mp3","core_en;challenge_answer_en","lib/features/listening/presentation/lesson_practice_screen.dart;lib/features/listening/presentation/lesson_challenge_screen.dart"
"Fish can swim.","en-US","current","ready","assets/audio/CURRICULUM/e61262baae7946dfcd525120.en.v1.mp3","core_en;challenge_answer_en","lib/features/listening/presentation/lesson_practice_screen.dart;lib/features/listening/presentation/lesson_challenge_screen.dart"
"Fish.","en-US","current","ready","assets/audio/CURRICULUM/2c306eb8084ba87fad5371b5.en.v1.mp3","challenge_answer_en;core_en","lib/features/listening/presentation/lesson_challenge_screen.dart;lib/features/listening/presentation/lesson_practice_screen.dart"
"Five apples.","en-US","current","ready","assets/audio/CURRICULUM/c5b15cbf067b776db54c86e4.en.v1.mp3","core_en;challenge_answer_en","lib/features/listening/presentation/lesson_practice_screen.dart;lib/features/listening/presentation/lesson_challenge_screen.dart"
"Five claps hay Two claps?","vi-VN","audio_catalog_only","ready","assets/audio/CURRICULUM/620ad80e4a779f8f8d9eff59.vi.v1.mp3","audio_not_traced","assets/data/curriculum_audio.json"
"Five claps.","en-US","current","ready","assets/audio/CURRICULUM/bc96c5d225df16dd55ba7f45.en.v1.mp3","core_en;challenge_answer_en","lib/features/listening/presentation/lesson_practice_screen.dart;lib/features/listening/presentation/lesson_challenge_screen.dart"
"Five dollars.","en-US","current","ready","assets/audio/CURRICULUM/e5ef202421fd38fdde25c7fb.en.v1.mp3","core_en;challenge_answer_en","lib/features/listening/presentation/lesson_practice_screen.dart;lib/features/listening/presentation/lesson_challenge_screen.dart"
"Five.","en-US","current","ready","assets/audio/CURRICULUM/6af00849e732c7529b243765.en.v1.mp3","core_en;challenge_answer_en","lib/features/listening/presentation/lesson_practice_screen.dart;lib/features/listening/presentation/lesson_challenge_screen.dart"
"Flower.","en-US","current","ready","assets/audio/CURRICULUM/4afd473160f63cfd4d463ea0.en.v1.mp3","challenge_answer_en","lib/features/listening/presentation/lesson_challenge_screen.dart"
"Fly a kite.","en-US","current","ready","assets/audio/CURRICULUM/a436f895555074825cb8ed1a.en.v1.mp3","core_en;challenge_answer_en","lib/features/listening/presentation/lesson_practice_screen.dart;lib/features/listening/presentation/lesson_challenge_screen.dart"
"Four claps.","en-US","current","ready","assets/audio/CURRICULUM/6a1b76abc15ce97bc3263a12.en.v1.mp3","core_en;challenge_answer_en","lib/features/listening/presentation/lesson_practice_screen.dart;lib/features/listening/presentation/lesson_challenge_screen.dart"
"Four.","en-US","current","ready","assets/audio/CURRICULUM/f6edc33d86bf5b932c6d2efc.en.v1.mp3","core_en;challenge_answer_en","lib/features/listening/presentation/lesson_practice_screen.dart;lib/features/listening/presentation/lesson_challenge_screen.dart"
"Fourteen.","en-US","current","ready","assets/audio/CURRICULUM/a7c7838699dfa647f4d64024.en.v1.mp3","core_en;challenge_answer_en","lib/features/listening/presentation/lesson_practice_screen.dart;lib/features/listening/presentation/lesson_challenge_screen.dart"
"Free Saturday.","en-US","current","ready","assets/audio/CURRICULUM/0c9790a3bb4fdb4f220179b5.en.v1.mp3","core_en;challenge_answer_en","lib/features/listening/presentation/lesson_practice_screen.dart;lib/features/listening/presentation/lesson_challenge_screen.dart"
"G. Game.","en-US","current","ready","assets/audio/CURRICULUM/420e0fb1c6a11febc948817b.en.v1.mp3","core_en","lib/features/listening/presentation/lesson_practice_screen.dart"
"G. Grape.","en-US","current","ready","assets/audio/CURRICULUM/1c95c57b3f710e79e5ec1504.en.v1.mp3","core_en","lib/features/listening/presentation/lesson_practice_screen.dart"
"Game.","en-US","current","ready","assets/audio/CURRICULUM/4f6eee5879dfd89188b30ff7.en.v1.mp3","challenge_answer_en","lib/features/listening/presentation/lesson_challenge_screen.dart"
"Gặp bạn ở đó nhé: See you there hay Are you free Saturday?","vi-VN","audio_catalog_only","ready","assets/audio/CURRICULUM/a12d760122e6243b4d19335d.vi.v1.mp3","audio_not_traced","assets/data/curriculum_audio.json"
"Gặp bạn ở đó nhé.","vi-VN","current;catalog_only","ready","assets/audio/CURRICULUM/466934255a1f542fb10be7bf.vi.v1.mp3","core_vi;challenge_answer_vi","lib/features/listening/presentation/lesson_practice_screen.dart;assets/data/listening_lessons.json"
"Gặp ở đó: Meet there hay Free Saturday?","vi-VN","current","ready","assets/audio/CURRICULUM/db1a6595952b10104f480052.vi.v1.mp3","challenge_question","lib/features/listening/presentation/lesson_challenge_screen.dart"
"Gặp ở đó.","vi-VN","current;catalog_only","ready","assets/audio/CURRICULUM/f544e80ea0e825f7f1c51a98.vi.v1.mp3","core_vi;challenge_answer_vi","lib/features/listening/presentation/lesson_practice_screen.dart;assets/data/listening_lessons.json"
"Gần công viên: Next to school hay Near the park?","vi-VN","current","ready","assets/audio/CURRICULUM/6a061cdf7e3654507096bb54.vi.v1.mp3","challenge_question","lib/features/listening/presentation/lesson_challenge_screen.dart"
"Gần công viên.","vi-VN","current;catalog_only","ready","assets/audio/CURRICULUM/dec3405cc0db57019da2fb25.vi.v1.mp3","core_vi;challenge_answer_vi","lib/features/listening/presentation/lesson_practice_screen.dart;assets/data/listening_lessons.json"
"Gần được rồi! Bạn nghe lại câu này nhé.","vi-VN","catalog_only","ready","assets/audio/MAIN/AI-056.vi.v1.mp3","assistant_catalog","lib/features/voice_navigation/domain/homi_fallback_catalog.dart"
"Gần được rồi! Con nghe lại câu này nhé.","vi-VN","audio_catalog_only","ready","assets/audio/MAIN/RUN-137.vi.v1.mp3","audio_not_traced","assets/data/main_assistant_audio.json"
"Get better grades.","en-US","current","ready","assets/audio/CURRICULUM/c6ca7f914b0012793ec68475.en.v1.mp3","core_en;challenge_answer_en","lib/features/listening/presentation/lesson_practice_screen.dart;lib/features/listening/presentation/lesson_challenge_screen.dart"
"Get some sleep.","en-US","current","ready","assets/audio/CURRICULUM/12c50ed393ee0db38fa17cf0.en.v1.mp3","core_en;challenge_answer_en","lib/features/listening/presentation/lesson_practice_screen.dart;lib/features/listening/presentation/lesson_challenge_screen.dart"
"Gia đình của mình: My family hay My mom?","vi-VN","current","ready","assets/audio/CURRICULUM/cc842baf65122e293ca1cc39.vi.v1.mp3","challenge_question","lib/features/listening/presentation/lesson_challenge_screen.dart"
"Gia đình của mình.","vi-VN","current;catalog_only","ready","assets/audio/CURRICULUM/11c23fc57335d0f231c29b8a.vi.v1.mp3","core_vi;challenge_answer_vi","lib/features/listening/presentation/lesson_practice_screen.dart;assets/data/listening_lessons.json"
"Gia đình: Family hay Mom?","vi-VN","current","ready","assets/audio/CURRICULUM/3975e60caac4cd5dea669f1a.vi.v1.mp3","challenge_question","lib/features/listening/presentation/lesson_challenge_screen.dart"
"Gia đình.","vi-VN","current;catalog_only","ready","assets/audio/CURRICULUM/75f664b06a8bc17717b653a3.vi.v1.mp3","core_vi;challenge_answer_vi","lib/features/listening/presentation/lesson_practice_screen.dart;assets/data/listening_lessons.json"
"Giá tiền: The price hay My budget?","vi-VN","audio_catalog_only","ready","assets/audio/CURRICULUM/12470d9758e63433b5c2dacf.vi.v1.mp3","audio_not_traced","assets/data/curriculum_audio.json"
"Giá tiền.","vi-VN","current;catalog_only","ready","assets/audio/CURRICULUM/855ba8f249546a1fe6a13dbd.vi.v1.mp3","core_vi;challenge_answer_vi","lib/features/listening/presentation/lesson_practice_screen.dart;assets/data/listening_lessons.json"
"Giá tốt: Good price hay Too expensive?","vi-VN","current","ready","assets/audio/CURRICULUM/041cf6c3ab921c7e69168ea5.vi.v1.mp3","challenge_question","lib/features/listening/presentation/lesson_challenge_screen.dart"
"Giá tốt.","vi-VN","current;catalog_only","ready","assets/audio/CURRICULUM/ac570eec53c16ca1cd997b41.vi.v1.mp3","core_vi;challenge_answer_vi","lib/features/listening/presentation/lesson_practice_screen.dart;assets/data/listening_lessons.json"
"Giá: Money hay Price?","vi-VN","current","ready","assets/audio/CURRICULUM/0b3472aacd1db4416729155e.vi.v1.mp3","challenge_question","lib/features/listening/presentation/lesson_challenge_screen.dart"
"Giá: Price hay Cheap?","vi-VN","audio_catalog_only","ready","assets/audio/CURRICULUM/dc8433d2f900903986f74148.vi.v1.mp3","audio_not_traced","assets/data/curriculum_audio.json"
"Giá.","vi-VN","current;catalog_only","ready","assets/audio/CURRICULUM/3f346c8afd2381167625afef.vi.v1.mp3","core_vi;challenge_answer_vi","lib/features/listening/presentation/lesson_practice_screen.dart;assets/data/listening_lessons.json"
"Giải quyết vấn đề: Play sports hay Solve problems?","vi-VN","audio_catalog_only","ready","assets/audio/CURRICULUM/4a13fcbc12fafb076591996a.vi.v1.mp3","audio_not_traced","assets/data/curriculum_audio.json"
"Giải quyết vấn đề.","vi-VN","current;catalog_only","ready","assets/audio/CURRICULUM/29bb5a297f89b8476508845c.vi.v1.mp3","core_vi;challenge_answer_vi","lib/features/listening/presentation/lesson_practice_screen.dart;assets/data/listening_lessons.json"
"Giáo viên: Hand hay Teacher?","vi-VN","current","ready","assets/audio/CURRICULUM/351ed1d2500f802c2bd6f8e6.vi.v1.mp3","challenge_question","lib/features/listening/presentation/lesson_challenge_screen.dart"
"Giáo viên.","vi-VN","current;catalog_only","ready","assets/audio/CURRICULUM/84a7c62532f1d2ad53f91b2a.vi.v1.mp3","core_vi;challenge_answer_vi","lib/features/listening/presentation/lesson_practice_screen.dart;assets/data/listening_lessons.json"
"Giày đen: Black shoes hay Red bag?","vi-VN","current","ready","assets/audio/CURRICULUM/47d1acb3041904e4cebd44ae.vi.v1.mp3","challenge_question","lib/features/listening/presentation/lesson_challenge_screen.dart"
"Giày đen.","vi-VN","current;catalog_only","ready","assets/audio/CURRICULUM/708155f05355eab58ea0d0e6.vi.v1.mp3","core_vi;challenge_answer_vi","lib/features/listening/presentation/lesson_practice_screen.dart;assets/data/listening_lessons.json"
"Giày: Price hay Shoes?","vi-VN","audio_catalog_only","ready","assets/audio/CURRICULUM/fbdaccc07941e970d9925237.vi.v1.mp3","audio_not_traced","assets/data/curriculum_audio.json"
"Giày: Toy hay Shoes?","vi-VN","audio_catalog_only","ready","assets/audio/CURRICULUM/904ad6610b7681b5d1c9e29a.vi.v1.mp3","audio_not_traced","assets/data/curriculum_audio.json"
"Giày.","vi-VN","current;catalog_only","ready","assets/audio/CURRICULUM/398845f8592b204bf1aa8ffb.vi.v1.mp3","core_vi;challenge_answer_vi","lib/features/listening/presentation/lesson_practice_screen.dart;assets/data/listening_lessons.json"
"Giỏi lắm!","vi-VN","current","ready","assets/audio/MAIN/RUN-073.vi.v1.mp3","age_feedback","lib/features/listening/domain/lesson_guide_flow.dart"
"Giỏi lắm! Con đã hoàn thành bài học. Bấm nút Main rồi nói “Bài tiếp theo” để học tiếp, hoặc nói “Luyện lại” để học lại từ đầu nhé.","vi-VN","audio_catalog_only","ready","assets/audio/MAIN/RUN-157.vi.v1.mp3","audio_not_traced","assets/data/main_assistant_audio.json"
"Giỏi lắm! Con đã hoàn thành bài học. Bấm nút Main rồi nói “Luyện nghe” để chọn bài khác, hoặc nói “Luyện lại” để học lại từ đầu nhé.","vi-VN","audio_catalog_only","ready","assets/audio/MAIN/RUN-158.vi.v1.mp3","audio_not_traced","assets/data/main_assistant_audio.json"
"Giỏi lắm! Con đã học xong bài “A to I Letters” rồi. Con muốn luyện lại từ đầu hay học bài tiếp theo?","vi-VN","compatibility","missing_exact_audio","","legacy_guide","lib/features/listening/domain/lesson_guide_flow.dart"
"Giỏi lắm! Con đã học xong bài “A to I Words” rồi. Con muốn luyện lại từ đầu hay học bài tiếp theo?","vi-VN","compatibility","missing_exact_audio","","legacy_guide","lib/features/listening/domain/lesson_guide_flow.dart"
"Giỏi lắm! Con đã học xong bài “Animal Abilities” rồi. Con muốn luyện lại từ đầu hay học bài tiếp theo?","vi-VN","compatibility","missing_exact_audio","","legacy_guide","lib/features/listening/domain/lesson_guide_flow.dart"
"Giỏi lắm! Con đã học xong bài “Animal Names” rồi. Con muốn luyện lại từ đầu hay học bài tiếp theo?","vi-VN","compatibility","missing_exact_audio","","legacy_guide","lib/features/listening/domain/lesson_guide_flow.dart"
"Giỏi lắm! Con đã học xong bài “Animal Words” rồi. Con muốn luyện lại từ đầu hay học bài tiếp theo?","vi-VN","compatibility","missing_exact_audio","","legacy_guide","lib/features/listening/domain/lesson_guide_flow.dart"
"Giỏi lắm! Con đã học xong bài “Ask for Help” rồi. Con muốn luyện lại từ đầu hay học bài tiếp theo?","vi-VN","compatibility","missing_exact_audio","","legacy_guide","lib/features/listening/domain/lesson_guide_flow.dart"
"Giỏi lắm! Con đã học xong bài “Ask for Info” rồi. Con muốn luyện lại từ đầu hay học bài tiếp theo?","vi-VN","compatibility","missing_exact_audio","","legacy_guide","lib/features/listening/domain/lesson_guide_flow.dart"
"Giỏi lắm! Con đã học xong bài “Ask the Price” rồi. Con muốn luyện lại từ đầu hay học bài tiếp theo?","vi-VN","compatibility","missing_exact_audio","","legacy_guide","lib/features/listening/domain/lesson_guide_flow.dart"
"Giỏi lắm! Con đã học xong bài “Ask the Way” rồi. Con muốn luyện lại từ đầu hay học bài tiếp theo?","vi-VN","compatibility","missing_exact_audio","","legacy_guide","lib/features/listening/domain/lesson_guide_flow.dart"
"Giỏi lắm! Con đã học xong bài “Best Way” rồi. Con muốn luyện lại từ đầu hay học bài tiếp theo?","vi-VN","compatibility","missing_exact_audio","","legacy_guide","lib/features/listening/domain/lesson_guide_flow.dart"
"Giỏi lắm! Con đã học xong bài “Body Moves” rồi. Con muốn luyện lại từ đầu hay học bài tiếp theo?","vi-VN","compatibility","missing_exact_audio","","legacy_guide","lib/features/listening/domain/lesson_guide_flow.dart"
"Giỏi lắm! Con đã học xong bài “Body Words” rồi. Con muốn luyện lại từ đầu hay học bài tiếp theo?","vi-VN","compatibility","missing_exact_audio","","legacy_guide","lib/features/listening/domain/lesson_guide_flow.dart"
"Giỏi lắm! Con đã học xong bài “Buy or Save?” rồi. Con muốn luyện lại từ đầu hay học bài tiếp theo?","vi-VN","compatibility","missing_exact_audio","","legacy_guide","lib/features/listening/domain/lesson_guide_flow.dart"
"Giỏi lắm! Con đã học xong bài “Choose One” rồi. Con muốn luyện lại từ đầu hay học bài tiếp theo?","vi-VN","compatibility","missing_exact_audio","","legacy_guide","lib/features/listening/domain/lesson_guide_flow.dart"
"Giỏi lắm! Con đã học xong bài “Classroom Talk” rồi. Con muốn luyện lại từ đầu hay học bài tiếp theo?","vi-VN","compatibility","missing_exact_audio","","legacy_guide","lib/features/listening/domain/lesson_guide_flow.dart"
"Giỏi lắm! Con đã học xong bài “Color Words” rồi. Con muốn luyện lại từ đầu hay học bài tiếp theo?","vi-VN","compatibility","missing_exact_audio","","legacy_guide","lib/features/listening/domain/lesson_guide_flow.dart"
"Giỏi lắm! Con đã học xong bài “Colors on Things” rồi. Con muốn luyện lại từ đầu hay học bài tiếp theo?","vi-VN","compatibility","missing_exact_audio","","legacy_guide","lib/features/listening/domain/lesson_guide_flow.dart"
"Giỏi lắm! Con đã học xong bài “Compare Two” rồi. Con muốn luyện lại từ đầu hay học bài tiếp theo?","vi-VN","compatibility","missing_exact_audio","","legacy_guide","lib/features/listening/domain/lesson_guide_flow.dart"
"Giỏi lắm! Con đã học xong bài “Count With Me” rồi. Con muốn luyện lại từ đầu hay học bài tiếp theo?","vi-VN","compatibility","missing_exact_audio","","legacy_guide","lib/features/listening/domain/lesson_guide_flow.dart"
"Giỏi lắm! Con đã học xong bài “Day Actions” rồi. Con muốn luyện lại từ đầu hay học bài tiếp theo?","vi-VN","compatibility","missing_exact_audio","","legacy_guide","lib/features/listening/domain/lesson_guide_flow.dart"
"Giỏi lắm! Con đã học xong bài “Device Uses” rồi. Con muốn luyện lại từ đầu hay học bài tiếp theo?","vi-VN","compatibility","missing_exact_audio","","legacy_guide","lib/features/listening/domain/lesson_guide_flow.dart"
"Giỏi lắm! Con đã học xong bài “Do You Like?” rồi. Con muốn luyện lại từ đầu hay học bài tiếp theo?","vi-VN","compatibility","missing_exact_audio","","legacy_guide","lib/features/listening/domain/lesson_guide_flow.dart"
"Giỏi lắm! Con đã học xong bài “Family Words” rồi. Con muốn luyện lại từ đầu hay học bài tiếp theo?","vi-VN","compatibility","missing_exact_audio","","legacy_guide","lib/features/listening/domain/lesson_guide_flow.dart"
"Giỏi lắm! Con đã học xong bài “Feel Better” rồi. Con muốn luyện lại từ đầu hay học bài tiếp theo?","vi-VN","compatibility","missing_exact_audio","","legacy_guide","lib/features/listening/domain/lesson_guide_flow.dart"
"Giỏi lắm! Con đã học xong bài “Food Words” rồi. Con muốn luyện lại từ đầu hay học bài tiếp theo?","vi-VN","compatibility","missing_exact_audio","","legacy_guide","lib/features/listening/domain/lesson_guide_flow.dart"
"Giỏi lắm! Con đã học xong bài “Food, Please” rồi. Con muốn luyện lại từ đầu hay học bài tiếp theo?","vi-VN","compatibility","missing_exact_audio","","legacy_guide","lib/features/listening/domain/lesson_guide_flow.dart"
"Giỏi lắm! Con đã học xong bài “Getting There” rồi. Con muốn luyện lại từ đầu hay học bài tiếp theo?","vi-VN","compatibility","missing_exact_audio","","legacy_guide","lib/features/listening/domain/lesson_guide_flow.dart"
"Giỏi lắm! Con đã học xong bài “Give a Reason” rồi. Con muốn luyện lại từ đầu hay học bài tiếp theo?","vi-VN","compatibility","missing_exact_audio","","legacy_guide","lib/features/listening/domain/lesson_guide_flow.dart"
"Giỏi lắm! Con đã học xong bài “Go Green” rồi. Con muốn luyện lại từ đầu hay học bài tiếp theo?","vi-VN","compatibility","missing_exact_audio","","legacy_guide","lib/features/listening/domain/lesson_guide_flow.dart"
"Giỏi lắm! Con đã học xong bài “Good At” rồi. Con muốn luyện lại từ đầu hay học bài tiếp theo?","vi-VN","compatibility","missing_exact_audio","","legacy_guide","lib/features/listening/domain/lesson_guide_flow.dart"
"Giỏi lắm! Con đã học xong bài “Good Habits” rồi. Con muốn luyện lại từ đầu hay học bài tiếp theo?","vi-VN","compatibility","missing_exact_audio","","legacy_guide","lib/features/listening/domain/lesson_guide_flow.dart"
"Giỏi lắm! Con đã học xong bài “Happy Day” rồi. Con muốn luyện lại từ đầu hay học bài tiếp theo?","vi-VN","compatibility","missing_exact_audio","","legacy_guide","lib/features/listening/domain/lesson_guide_flow.dart"
"Giỏi lắm! Con đã học xong bài “Healthy Actions” rồi. Con muốn luyện lại từ đầu hay học bài tiếp theo?","vi-VN","compatibility","missing_exact_audio","","legacy_guide","lib/features/listening/domain/lesson_guide_flow.dart"
"Giỏi lắm! Con đã học xong bài “Help a Friend” rồi. Con muốn luyện lại từ đầu hay học bài tiếp theo?","vi-VN","compatibility","missing_exact_audio","","legacy_guide","lib/features/listening/domain/lesson_guide_flow.dart"
"Giỏi lắm! Con đã học xong bài “Hobby Skills” rồi. Con muốn luyện lại từ đầu hay học bài tiếp theo?","vi-VN","compatibility","missing_exact_audio","","legacy_guide","lib/features/listening/domain/lesson_guide_flow.dart"
"Giỏi lắm! Con đã học xong bài “Hobby Time” rồi. Con muốn luyện lại từ đầu hay học bài tiếp theo?","vi-VN","compatibility","missing_exact_audio","","legacy_guide","lib/features/listening/domain/lesson_guide_flow.dart"
"Giỏi lắm! Con đã học xong bài “How Do You Go?” rồi. Con muốn luyện lại từ đầu hay học bài tiếp theo?","vi-VN","compatibility","missing_exact_audio","","legacy_guide","lib/features/listening/domain/lesson_guide_flow.dart"
"Giỏi lắm! Con đã học xong bài “How Much?” rồi. Con muốn luyện lại từ đầu hay học bài tiếp theo?","vi-VN","compatibility","missing_exact_audio","","legacy_guide","lib/features/listening/domain/lesson_guide_flow.dart"
"Giỏi lắm! Con đã học xong bài “In Class” rồi. Con muốn luyện lại từ đầu hay học bài tiếp theo?","vi-VN","compatibility","missing_exact_audio","","legacy_guide","lib/features/listening/domain/lesson_guide_flow.dart"
"Giỏi lắm! Con đã học xong bài “J to R Letters” rồi. Con muốn luyện lại từ đầu hay học bài tiếp theo?","vi-VN","compatibility","missing_exact_audio","","legacy_guide","lib/features/listening/domain/lesson_guide_flow.dart"
"Giỏi lắm! Con đã học xong bài “J to R Words” rồi. Con muốn luyện lại từ đầu hay học bài tiếp theo?","vi-VN","compatibility","missing_exact_audio","","legacy_guide","lib/features/listening/domain/lesson_guide_flow.dart"
"Giỏi lắm! Con đã học xong bài “Make a Plan” rồi. Con muốn luyện lại từ đầu hay học bài tiếp theo?","vi-VN","compatibility","missing_exact_audio","","legacy_guide","lib/features/listening/domain/lesson_guide_flow.dart"
"Giỏi lắm! Con đã học xong bài “Meet My Family” rồi. Con muốn luyện lại từ đầu hay học bài tiếp theo?","vi-VN","compatibility","missing_exact_audio","","legacy_guide","lib/features/listening/domain/lesson_guide_flow.dart"
"Giỏi lắm! Con đã học xong bài “Menu Words” rồi. Con muốn luyện lại từ đầu hay học bài tiếp theo?","vi-VN","compatibility","missing_exact_audio","","legacy_guide","lib/features/listening/domain/lesson_guide_flow.dart"
"Giỏi lắm! Con đã học xong bài “Move With Me” rồi. Con muốn luyện lại từ đầu hay học bài tiếp theo?","vi-VN","compatibility","missing_exact_audio","","legacy_guide","lib/features/listening/domain/lesson_guide_flow.dart"
"Giỏi lắm! Con đã học xong bài “My Choice” rồi. Con muốn luyện lại từ đầu hay học bài tiếp theo?","vi-VN","compatibility","missing_exact_audio","","legacy_guide","lib/features/listening/domain/lesson_guide_flow.dart"
"Giỏi lắm! Con đã học xong bài “My Devices” rồi. Con muốn luyện lại từ đầu hay học bài tiếp theo?","vi-VN","compatibility","missing_exact_audio","","legacy_guide","lib/features/listening/domain/lesson_guide_flow.dart"
"Giỏi lắm! Con đã học xong bài “My Feelings” rồi. Con muốn luyện lại từ đầu hay học bài tiếp theo?","vi-VN","compatibility","missing_exact_audio","","legacy_guide","lib/features/listening/domain/lesson_guide_flow.dart"
"Giỏi lắm! Con đã học xong bài “My Goal” rồi. Con muốn luyện lại từ đầu hay học bài tiếp theo?","vi-VN","compatibility","missing_exact_audio","","legacy_guide","lib/features/listening/domain/lesson_guide_flow.dart"
"Giỏi lắm! Con đã học xong bài “My Opinion” rồi. Con muốn luyện lại từ đầu hay học bài tiếp theo?","vi-VN","compatibility","missing_exact_audio","","legacy_guide","lib/features/listening/domain/lesson_guide_flow.dart"
"Giỏi lắm! Con đã học xong bài “My Order” rồi. Con muốn luyện lại từ đầu hay học bài tiếp theo?","vi-VN","compatibility","missing_exact_audio","","legacy_guide","lib/features/listening/domain/lesson_guide_flow.dart"
"Giỏi lắm! Con đã học xong bài “My Plan” rồi. Con muốn luyện lại từ đầu hay học bài tiếp theo?","vi-VN","compatibility","missing_exact_audio","","legacy_guide","lib/features/listening/domain/lesson_guide_flow.dart"
"Giỏi lắm! Con đã học xong bài “My Routine” rồi. Con muốn luyện lại từ đầu hay học bài tiếp theo?","vi-VN","compatibility","missing_exact_audio","","legacy_guide","lib/features/listening/domain/lesson_guide_flow.dart"
"Giỏi lắm! Con đã học xong bài “My Skills” rồi. Con muốn luyện lại từ đầu hay học bài tiếp theo?","vi-VN","compatibility","missing_exact_audio","","legacy_guide","lib/features/listening/domain/lesson_guide_flow.dart"
"Giỏi lắm! Con đã học xong bài “My Turn” rồi. Con muốn luyện lại từ đầu hay học bài tiếp theo?","vi-VN","compatibility","missing_exact_audio","","legacy_guide","lib/features/listening/domain/lesson_guide_flow.dart"
"Giỏi lắm! Con đã học xong bài “My Week” rồi. Con muốn luyện lại từ đầu hay học bài tiếp theo?","vi-VN","compatibility","missing_exact_audio","","legacy_guide","lib/features/listening/domain/lesson_guide_flow.dart"
"Giỏi lắm! Con đã học xong bài “Next Step” rồi. Con muốn luyện lại từ đầu hay học bài tiếp theo?","vi-VN","compatibility","missing_exact_audio","","legacy_guide","lib/features/listening/domain/lesson_guide_flow.dart"
"Giỏi lắm! Con đã học xong bài “Numbers 1-10” rồi. Con muốn luyện lại từ đầu hay học bài tiếp theo?","vi-VN","compatibility","missing_exact_audio","","legacy_guide","lib/features/listening/domain/lesson_guide_flow.dart"
"Giỏi lắm! Con đã học xong bài “Numbers 11-20” rồi. Con muốn luyện lại từ đầu hay học bài tiếp theo?","vi-VN","compatibility","missing_exact_audio","","legacy_guide","lib/features/listening/domain/lesson_guide_flow.dart"
"Giỏi lắm! Con đã học xong bài “Numbers in Life” rồi. Con muốn luyện lại từ đầu hay học bài tiếp theo?","vi-VN","compatibility","missing_exact_audio","","legacy_guide","lib/features/listening/domain/lesson_guide_flow.dart"
"Giỏi lắm! Con đã học xong bài “One to Ten” rồi. Con muốn luyện lại từ đầu hay học bài tiếp theo?","vi-VN","compatibility","missing_exact_audio","","legacy_guide","lib/features/listening/domain/lesson_guide_flow.dart"
"Giỏi lắm! Con đã học xong bài “Online Words” rồi. Con muốn luyện lại từ đầu hay học bài tiếp theo?","vi-VN","compatibility","missing_exact_audio","","legacy_guide","lib/features/listening/domain/lesson_guide_flow.dart"
"Giỏi lắm! Con đã học xong bài “Place Words” rồi. Con muốn luyện lại từ đầu hay học bài tiếp theo?","vi-VN","compatibility","missing_exact_audio","","legacy_guide","lib/features/listening/domain/lesson_guide_flow.dart"
"Giỏi lắm! Con đã học xong bài “Plan My Time” rồi. Con muốn luyện lại từ đầu hay học bài tiếp theo?","vi-VN","compatibility","missing_exact_audio","","legacy_guide","lib/features/listening/domain/lesson_guide_flow.dart"
"Giỏi lắm! Con đã học xong bài “Plan the Day” rồi. Con muốn luyện lại từ đầu hay học bài tiếp theo?","vi-VN","compatibility","missing_exact_audio","","legacy_guide","lib/features/listening/domain/lesson_guide_flow.dart"
"Giỏi lắm! Con đã học xong bài “Plan Words” rồi. Con muốn luyện lại từ đầu hay học bài tiếp theo?","vi-VN","compatibility","missing_exact_audio","","legacy_guide","lib/features/listening/domain/lesson_guide_flow.dart"
"Giỏi lắm! Con đã học xong bài “Play Together” rồi. Con muốn luyện lại từ đầu hay học bài tiếp theo?","vi-VN","compatibility","missing_exact_audio","","legacy_guide","lib/features/listening/domain/lesson_guide_flow.dart"
"Giỏi lắm! Con đã học xong bài “Polite Replies” rồi. Con muốn luyện lại từ đầu hay học bài tiếp theo?","vi-VN","compatibility","missing_exact_audio","","legacy_guide","lib/features/listening/domain/lesson_guide_flow.dart"
"Giỏi lắm! Con đã học xong bài “Price & Budget” rồi. Con muốn luyện lại từ đầu hay học bài tiếp theo?","vi-VN","compatibility","missing_exact_audio","","legacy_guide","lib/features/listening/domain/lesson_guide_flow.dart"
"Giỏi lắm! Con đã học xong bài “Private Info” rồi. Con muốn luyện lại từ đầu hay học bài tiếp theo?","vi-VN","compatibility","missing_exact_audio","","legacy_guide","lib/features/listening/domain/lesson_guide_flow.dart"
"Giỏi lắm! Con đã học xong bài “Problem Phrases” rồi. Con muốn luyện lại từ đầu hay học bài tiếp theo?","vi-VN","compatibility","missing_exact_audio","","legacy_guide","lib/features/listening/domain/lesson_guide_flow.dart"
"Giỏi lắm! Con đã học xong bài “S to Z Letters” rồi. Con muốn luyện lại từ đầu hay học bài tiếp theo?","vi-VN","compatibility","missing_exact_audio","","legacy_guide","lib/features/listening/domain/lesson_guide_flow.dart"
"Giỏi lắm! Con đã học xong bài “S to Z Words” rồi. Con muốn luyện lại từ đầu hay học bài tiếp theo?","vi-VN","compatibility","missing_exact_audio","","legacy_guide","lib/features/listening/domain/lesson_guide_flow.dart"
"Giỏi lắm! Con đã học xong bài “Save Resources” rồi. Con muốn luyện lại từ đầu hay học bài tiếp theo?","vi-VN","compatibility","missing_exact_audio","","legacy_guide","lib/features/listening/domain/lesson_guide_flow.dart"
"Giỏi lắm! Con đã học xong bài “School Subjects” rồi. Con muốn luyện lại từ đầu hay học bài tiếp theo?","vi-VN","compatibility","missing_exact_audio","","legacy_guide","lib/features/listening/domain/lesson_guide_flow.dart"
"Giỏi lắm! Con đã học xong bài “School Words” rồi. Con muốn luyện lại từ đầu hay học bài tiếp theo?","vi-VN","compatibility","missing_exact_audio","","legacy_guide","lib/features/listening/domain/lesson_guide_flow.dart"
"Giỏi lắm! Con đã học xong bài “Shape Words” rồi. Con muốn luyện lại từ đầu hay học bài tiếp theo?","vi-VN","compatibility","missing_exact_audio","","legacy_guide","lib/features/listening/domain/lesson_guide_flow.dart"
"Giỏi lắm! Con đã học xong bài “Shapes Around Me” rồi. Con muốn luyện lại từ đầu hay học bài tiếp theo?","vi-VN","compatibility","missing_exact_audio","","legacy_guide","lib/features/listening/domain/lesson_guide_flow.dart"
"Giỏi lắm! Con đã học xong bài “Shop Words” rồi. Con muốn luyện lại từ đầu hay học bài tiếp theo?","vi-VN","compatibility","missing_exact_audio","","legacy_guide","lib/features/listening/domain/lesson_guide_flow.dart"
"Giỏi lắm! Con đã học xong bài “Simple Directions” rồi. Con muốn luyện lại từ đầu hay học bài tiếp theo?","vi-VN","compatibility","missing_exact_audio","","legacy_guide","lib/features/listening/domain/lesson_guide_flow.dart"
"Giỏi lắm! Con đã học xong bài “Simple Solutions” rồi. Con muốn luyện lại từ đầu hay học bài tiếp theo?","vi-VN","compatibility","missing_exact_audio","","legacy_guide","lib/features/listening/domain/lesson_guide_flow.dart"
"Giỏi lắm! Con đã học xong bài “Small Steps” rồi. Con muốn luyện lại từ đầu hay học bài tiếp theo?","vi-VN","compatibility","missing_exact_audio","","legacy_guide","lib/features/listening/domain/lesson_guide_flow.dart"
"Giỏi lắm! Con đã học xong bài “Station Words” rồi. Con muốn luyện lại từ đầu hay học bài tiếp theo?","vi-VN","compatibility","missing_exact_audio","","legacy_guide","lib/features/listening/domain/lesson_guide_flow.dart"
"Giỏi lắm! Con đã học xong bài “Stay Clean” rồi. Con muốn luyện lại từ đầu hay học bài tiếp theo?","vi-VN","compatibility","missing_exact_audio","","legacy_guide","lib/features/listening/domain/lesson_guide_flow.dart"
"Giỏi lắm! Con đã học xong bài “Stay Private” rồi. Con muốn luyện lại từ đầu hay học bài tiếp theo?","vi-VN","compatibility","missing_exact_audio","","legacy_guide","lib/features/listening/domain/lesson_guide_flow.dart"
"Giỏi lắm! Con đã học xong bài “Stay Safe” rồi. Con muốn luyện lại từ đầu hay học bài tiếp theo?","vi-VN","compatibility","missing_exact_audio","","legacy_guide","lib/features/listening/domain/lesson_guide_flow.dart"
"Giỏi lắm! Con đã học xong bài “Stress Signs” rồi. Con muốn luyện lại từ đầu hay học bài tiếp theo?","vi-VN","compatibility","missing_exact_audio","","legacy_guide","lib/features/listening/domain/lesson_guide_flow.dart"
"Giỏi lắm! Con đã học xong bài “Study Actions” rồi. Con muốn luyện lại từ đầu hay học bài tiếp theo?","vi-VN","compatibility","missing_exact_audio","","legacy_guide","lib/features/listening/domain/lesson_guide_flow.dart"
"Giỏi lắm! Con đã học xong bài “Study Routine” rồi. Con muốn luyện lại từ đầu hay học bài tiếp theo?","vi-VN","compatibility","missing_exact_audio","","legacy_guide","lib/features/listening/domain/lesson_guide_flow.dart"
"Giỏi lắm! Con đã học xong bài “Tasty Foods” rồi. Con muốn luyện lại từ đầu hay học bài tiếp theo?","vi-VN","compatibility","missing_exact_audio","","legacy_guide","lib/features/listening/domain/lesson_guide_flow.dart"
"Giỏi lắm! Con đã học xong bài “Tell What Happened” rồi. Con muốn luyện lại từ đầu hay học bài tiếp theo?","vi-VN","compatibility","missing_exact_audio","","legacy_guide","lib/features/listening/domain/lesson_guide_flow.dart"
"Giỏi lắm! Con đã học xong bài “Time & Tasks” rồi. Con muốn luyện lại từ đầu hay học bài tiếp theo?","vi-VN","compatibility","missing_exact_audio","","legacy_guide","lib/features/listening/domain/lesson_guide_flow.dart"
"Giỏi lắm! Con đã học xong bài “Time Blocks” rồi. Con muốn luyện lại từ đầu hay học bài tiếp theo?","vi-VN","compatibility","missing_exact_audio","","legacy_guide","lib/features/listening/domain/lesson_guide_flow.dart"
"Giỏi lắm! Con đã học xong bài “Town Places” rồi. Con muốn luyện lại từ đầu hay học bài tiếp theo?","vi-VN","compatibility","missing_exact_audio","","legacy_guide","lib/features/listening/domain/lesson_guide_flow.dart"
"Giỏi lắm! Con đã học xong bài “Transport Words” rồi. Con muốn luyện lại từ đầu hay học bài tiếp theo?","vi-VN","compatibility","missing_exact_audio","","legacy_guide","lib/features/listening/domain/lesson_guide_flow.dart"
"Giỏi lắm! Con đã học xong bài “Weather Choices” rồi. Con muốn luyện lại từ đầu hay học bài tiếp theo?","vi-VN","compatibility","missing_exact_audio","","legacy_guide","lib/features/listening/domain/lesson_guide_flow.dart"
"Giỏi lắm! Con đã học xong bài “Weather Words” rồi. Con muốn luyện lại từ đầu hay học bài tiếp theo?","vi-VN","compatibility","missing_exact_audio","","legacy_guide","lib/features/listening/domain/lesson_guide_flow.dart"
"Giỏi lắm! Con đã học xong bài “Weekend Fun” rồi. Con muốn luyện lại từ đầu hay học bài tiếp theo?","vi-VN","compatibility","missing_exact_audio","","legacy_guide","lib/features/listening/domain/lesson_guide_flow.dart"
"Giỏi lắm! Con đã học xong bài “Weekend Words” rồi. Con muốn luyện lại từ đầu hay học bài tiếp theo?","vi-VN","compatibility","missing_exact_audio","","legacy_guide","lib/features/listening/domain/lesson_guide_flow.dart"
"Giỏi lắm! Con đã học xong bài “Weekly Activities” rồi. Con muốn luyện lại từ đầu hay học bài tiếp theo?","vi-VN","compatibility","missing_exact_audio","","legacy_guide","lib/features/listening/domain/lesson_guide_flow.dart"
"Giỏi lắm! Con đã học xong bài “What Color?” rồi. Con muốn luyện lại từ đầu hay học bài tiếp theo?","vi-VN","compatibility","missing_exact_audio","","legacy_guide","lib/features/listening/domain/lesson_guide_flow.dart"
"Giỏi lắm! Con đã học xong bài “What Shape?” rồi. Con muốn luyện lại từ đầu hay học bài tiếp theo?","vi-VN","compatibility","missing_exact_audio","","legacy_guide","lib/features/listening/domain/lesson_guide_flow.dart"
"Giỏi lắm! Con đã học xong bài “What to Wear?” rồi. Con muốn luyện lại từ đầu hay học bài tiếp theo?","vi-VN","compatibility","missing_exact_audio","","legacy_guide","lib/features/listening/domain/lesson_guide_flow.dart"
"Giỏi lắm! Con đã học xong bài “Where Are We?” rồi. Con muốn luyện lại từ đầu hay học bài tiếp theo?","vi-VN","compatibility","missing_exact_audio","","legacy_guide","lib/features/listening/domain/lesson_guide_flow.dart"
"Giỏi lắm! Con đã học xong bài “Which Animal?” rồi. Con muốn luyện lại từ đầu hay học bài tiếp theo?","vi-VN","compatibility","missing_exact_audio","","legacy_guide","lib/features/listening/domain/lesson_guide_flow.dart"
"Giỏi lắm! Con đã học xong bài “Yesterday Actions” rồi. Con muốn luyện lại từ đầu hay học bài tiếp theo?","vi-VN","compatibility","missing_exact_audio","","legacy_guide","lib/features/listening/domain/lesson_guide_flow.dart"
"Giọng của bạn đây.","vi-VN","current","ready","assets/audio/MAIN/RUN-071.vi.v1.mp3","vocabulary_guidance","lib/features/vocabulary/domain/vocabulary_flow_v3.dart"
"Giơ tay lên: Raise your hand hay Open your book?","vi-VN","current","ready","assets/audio/CURRICULUM/84430401517756631cbe5d1d.vi.v1.mp3","challenge_question","lib/features/listening/presentation/lesson_challenge_screen.dart"
"Giơ tay lên: Raise your hands hay Bend your knees?","vi-VN","current","ready","assets/audio/CURRICULUM/1eaadb4edf83265d339a6761.vi.v1.mp3","challenge_question","lib/features/listening/presentation/lesson_challenge_screen.dart"
"Giơ tay lên.","vi-VN","current;catalog_only","ready","assets/audio/CURRICULUM/2f05fb679729b49f03c1a673.vi.v1.mp3","core_vi;challenge_answer_vi","lib/features/listening/presentation/lesson_practice_screen.dart;assets/data/listening_lessons.json"
"Giữ mật khẩu riêng tư: Keep passwords private hay Don't click links?","vi-VN","current","ready","assets/audio/CURRICULUM/9bb4539b502ef34189139898.vi.v1.mp3","challenge_question","lib/features/listening/presentation/lesson_challenge_screen.dart"
"Giữ mật khẩu riêng tư: Keep passwords private hay Don't share your location?","vi-VN","current","ready","assets/audio/CURRICULUM/8a0711c643e52ad5d27e00d1.vi.v1.mp3","challenge_question","lib/features/listening/presentation/lesson_challenge_screen.dart"
"Giữ mật khẩu riêng tư.","vi-VN","current;catalog_only","ready","assets/audio/CURRICULUM/7ad6654073b9f34e109977ba.vi.v1.mp3","core_vi;challenge_answer_vi","lib/features/listening/presentation/lesson_practice_screen.dart;assets/data/listening_lessons.json"
"Giữ tài khoản ở chế độ riêng tư.","vi-VN","current;catalog_only","ready","assets/audio/CURRICULUM/1223586c50ddb5ce3f3618f4.vi.v1.mp3","core_vi;challenge_answer_vi","lib/features/listening/presentation/lesson_practice_screen.dart;assets/data/listening_lessons.json"
"Go by car.","en-US","current","ready","assets/audio/CURRICULUM/28bf12e36fd65528b8c5d3ef.en.v1.mp3","core_en;challenge_answer_en","lib/features/listening/presentation/lesson_practice_screen.dart;lib/features/listening/presentation/lesson_challenge_screen.dart"
"Go for a walk.","en-US","current","ready","assets/audio/CURRICULUM/89fc1c2976ec191684c89603.en.v1.mp3","core_en;challenge_answer_en","lib/features/listening/presentation/lesson_practice_screen.dart;lib/features/listening/presentation/lesson_challenge_screen.dart"
"Go straight.","en-US","current","ready","assets/audio/CURRICULUM/56df89287b6a089bf97c8e32.en.v1.mp3","core_en;challenge_answer_en","lib/features/listening/presentation/lesson_practice_screen.dart;lib/features/listening/presentation/lesson_challenge_screen.dart"
"Go to the park.","en-US","current","ready","assets/audio/CURRICULUM/2d7439b09d734b5bbbeb9750.en.v1.mp3","core_en;challenge_answer_en","lib/features/listening/presentation/lesson_practice_screen.dart;lib/features/listening/presentation/lesson_challenge_screen.dart"
"Go to the zoo.","en-US","current","ready","assets/audio/CURRICULUM/eddff642f93e57f7f6d51451.en.v1.mp3","core_en;challenge_answer_en","lib/features/listening/presentation/lesson_practice_screen.dart;lib/features/listening/presentation/lesson_challenge_screen.dart"
"Gọi điện: Make calls hay Watch videos?","vi-VN","current","ready","assets/audio/CURRICULUM/13c1ea2bc88a3fcd6033c413.vi.v1.mp3","challenge_question","lib/features/listening/presentation/lesson_challenge_screen.dart"
"Gọi điện.","vi-VN","current;catalog_only","ready","assets/audio/CURRICULUM/4cd175f89ed473f9cfa93b4d.vi.v1.mp3","core_vi;challenge_answer_vi","lib/features/listening/presentation/lesson_practice_screen.dart;assets/data/listening_lessons.json"
"Good game!","en-US","current","ready","assets/audio/CURRICULUM/76e9acd0d2b3a04134360652.en.v1.mp3","core_en;challenge_answer_en","lib/features/listening/presentation/lesson_practice_screen.dart;lib/features/listening/presentation/lesson_challenge_screen.dart"
"Good job!","en-US","audio_catalog_only","ready","assets/audio/MAIN/RUN-093.en.v1.mp3","audio_not_traced","assets/data/main_assistant_audio.json"
"Good job!","vi-VN","current","ready","assets/audio/MAIN/RUN-093.en.v1.mp3","age_feedback","lib/features/listening/domain/lesson_guide_flow.dart"
"Good night!","en-US","current","ready","assets/audio/CURRICULUM/775782a3217fda6e08711a50.en.v1.mp3","core_en;challenge_answer_en","lib/features/listening/presentation/lesson_practice_screen.dart;lib/features/listening/presentation/lesson_challenge_screen.dart"
"Good price.","en-US","current","ready","assets/audio/CURRICULUM/f41869fa7e6af0c2e8309035.en.v1.mp3","core_en;challenge_answer_en","lib/features/listening/presentation/lesson_practice_screen.dart;lib/features/listening/presentation/lesson_challenge_screen.dart"
"Good.","en-US","audio_catalog_only","ready","assets/audio/MAIN/RUN-113.en.v1.mp3","audio_not_traced","assets/data/main_assistant_audio.json"
"Good.","vi-VN","current","ready","assets/audio/MAIN/RUN-113.en.v1.mp3","age_feedback","lib/features/listening/domain/lesson_guide_flow.dart"
"Grape.","en-US","current","ready","assets/audio/CURRICULUM/bb73353c4a585bbabe0a7b76.en.v1.mp3","challenge_answer_en","lib/features/listening/presentation/lesson_challenge_screen.dart"
"Great!","en-US","audio_catalog_only","ready","assets/audio/MAIN/RUN-092.en.v1.mp3","audio_not_traced","assets/data/main_assistant_audio.json"
"Great!","vi-VN","current","ready","assets/audio/MAIN/RUN-092.en.v1.mp3","age_feedback","lib/features/listening/domain/lesson_guide_flow.dart"
"Green pencil.","en-US","current","ready","assets/audio/CURRICULUM/8ca39e39215706f82a9bd7c6.en.v1.mp3","core_en;challenge_answer_en","lib/features/listening/presentation/lesson_practice_screen.dart;lib/features/listening/presentation/lesson_challenge_screen.dart"
"Green.","en-US","current","ready","assets/audio/CURRICULUM/df77d7c5bfaffcc5d8b48989.en.v1.mp3","core_en;challenge_answer_en","lib/features/listening/presentation/lesson_practice_screen.dart;lib/features/listening/presentation/lesson_challenge_screen.dart"
"H. Hat.","en-US","current","ready","assets/audio/CURRICULUM/5be0801914b48f637fb795ea.en.v1.mp3","core_en","lib/features/listening/presentation/lesson_practice_screen.dart"
"H. House.","en-US","current","ready","assets/audio/CURRICULUM/6c015b166c32a6cf6c96935b.en.v1.mp3","core_en","lib/features/listening/presentation/lesson_practice_screen.dart"
"Hai mươi ngôi sao: Twenty stars hay Two books?","vi-VN","current","ready","assets/audio/CURRICULUM/e2489a8069ea44823f63c996.vi.v1.mp3","challenge_question","lib/features/listening/presentation/lesson_challenge_screen.dart"
"Hai mươi ngôi sao.","vi-VN","current;catalog_only","ready","assets/audio/CURRICULUM/0df3582101d75c751797b2cf.vi.v1.mp3","core_vi;challenge_answer_vi","lib/features/listening/presentation/lesson_practice_screen.dart;assets/data/listening_lessons.json"
"Hai mươi: Twenty hay Eleven?","vi-VN","audio_catalog_only","ready","assets/audio/CURRICULUM/e317b81d4cc7381827d712e3.vi.v1.mp3","audio_not_traced","assets/data/curriculum_audio.json"
"Hai mươi: Twenty hay Nineteen?","vi-VN","current","ready","assets/audio/CURRICULUM/7e567789e9e232567b8ec39b.vi.v1.mp3","challenge_question","lib/features/listening/presentation/lesson_challenge_screen.dart"
"Hai mươi.","vi-VN","current;catalog_only","ready","assets/audio/CURRICULUM/2b929fdda756f2617583ec7f.vi.v1.mp3","core_vi;challenge_answer_vi","lib/features/listening/presentation/lesson_practice_screen.dart;assets/data/listening_lessons.json"
"Hai quyển sách: Two books hay Three pencils?","vi-VN","current","ready","assets/audio/CURRICULUM/7ac39f4e457e6b6c622aa1a6.vi.v1.mp3","challenge_question","lib/features/listening/presentation/lesson_challenge_screen.dart"
"Hai quyển sách.","vi-VN","current;catalog_only","ready","assets/audio/CURRICULUM/23d5588a780ae6140331a029.vi.v1.mp3","core_vi;challenge_answer_vi","lib/features/listening/presentation/lesson_practice_screen.dart;assets/data/listening_lessons.json"
"Hai tiếng vỗ tay: Three claps hay Two claps?","vi-VN","current","ready","assets/audio/CURRICULUM/a47370adaedcfd65b7f200d5.vi.v1.mp3","challenge_question","lib/features/listening/presentation/lesson_challenge_screen.dart"
"Hai tiếng vỗ tay.","vi-VN","current;catalog_only","ready","assets/audio/CURRICULUM/3839b803c35a7407a0b09020.vi.v1.mp3","core_vi;challenge_answer_vi","lib/features/listening/presentation/lesson_practice_screen.dart;assets/data/listening_lessons.json"
"Hai: Three hay Two?","vi-VN","current","ready","assets/audio/CURRICULUM/ae9b884aecfcf381655f4829.vi.v1.mp3","challenge_question","lib/features/listening/presentation/lesson_challenge_screen.dart"
"Hai: Two hay Three?","vi-VN","audio_catalog_only","ready","assets/audio/CURRICULUM/aaf397090667e21ae39bfcd4.vi.v1.mp3","audio_not_traced","assets/data/curriculum_audio.json"
"Hai.","vi-VN","current;catalog_only","ready","assets/audio/CURRICULUM/8b7d9e1829ddd68974d6b0ca.vi.v1.mp3","core_vi;challenge_answer_vi","lib/features/listening/presentation/lesson_practice_screen.dart;assets/data/listening_lessons.json"
"Hand.","en-US","current","ready","assets/audio/CURRICULUM/b8a25187b479201838415a50.en.v1.mp3","core_en;challenge_answer_en","lib/features/listening/presentation/lesson_practice_screen.dart;lib/features/listening/presentation/lesson_challenge_screen.dart"
"Hands.","en-US","current","ready","assets/audio/CURRICULUM/9f22177ff5b6594f2ff95fbd.en.v1.mp3","core_en;challenge_answer_en","lib/features/listening/presentation/lesson_practice_screen.dart;lib/features/listening/presentation/lesson_challenge_screen.dart"
"Hat.","en-US","current","ready","assets/audio/CURRICULUM/d20886670df9af3c339d18b9.en.v1.mp3","challenge_answer_en;core_en","lib/features/listening/presentation/lesson_challenge_screen.dart;lib/features/listening/presentation/lesson_practice_screen.dart"
"Hãy lắng nghe nhé: Raise your hand hay Listen, please?","vi-VN","current","ready","assets/audio/CURRICULUM/55cd32bef8b5115b52fa5f3b.vi.v1.mp3","challenge_question","lib/features/listening/presentation/lesson_challenge_screen.dart"
"Hãy lắng nghe nhé.","vi-VN","current;catalog_only","ready","assets/audio/CURRICULUM/595f9b495c202c73e042195f.vi.v1.mp3","core_vi;challenge_answer_vi","lib/features/listening/presentation/lesson_practice_screen.dart;assets/data/listening_lessons.json"
"Head.","en-US","current","ready","assets/audio/CURRICULUM/58b0a4a9d163f07091437e36.en.v1.mp3","core_en;challenge_answer_en","lib/features/listening/presentation/lesson_practice_screen.dart;lib/features/listening/presentation/lesson_challenge_screen.dart"
"Headphones.","en-US","current","ready","assets/audio/CURRICULUM/11c41e8d6ff6e9dab9a6110b.en.v1.mp3","core_en;challenge_answer_en","lib/features/listening/presentation/lesson_practice_screen.dart;lib/features/listening/presentation/lesson_challenge_screen.dart"
"Help at home.","en-US","current","ready","assets/audio/CURRICULUM/b5d4904a7868011d36035817.en.v1.mp3","core_en;challenge_answer_en","lib/features/listening/presentation/lesson_practice_screen.dart;lib/features/listening/presentation/lesson_challenge_screen.dart"
"Here you are.","en-US","current","ready","assets/audio/CURRICULUM/64ab6faa01a6e651c8b1bc08.en.v1.mp3","core_en;challenge_answer_en","lib/features/listening/presentation/lesson_practice_screen.dart;lib/features/listening/presentation/lesson_challenge_screen.dart"
"Here you go.","en-US","current","ready","assets/audio/CURRICULUM/2a0ed5af55862b889308310b.en.v1.mp3","core_en;challenge_answer_en","lib/features/listening/presentation/lesson_practice_screen.dart;lib/features/listening/presentation/lesson_challenge_screen.dart"
"Hình ngôi sao: Circle hay Star?","vi-VN","current","ready","assets/audio/CURRICULUM/b619c38a9856f2332c01ab75.vi.v1.mp3","challenge_question","lib/features/listening/presentation/lesson_challenge_screen.dart"
"Hình ngôi sao.","vi-VN","current;catalog_only","ready","assets/audio/CURRICULUM/5303d82164c77878861d036c.vi.v1.mp3","core_vi;challenge_answer_vi","lib/features/listening/presentation/lesson_practice_screen.dart;assets/data/listening_lessons.json"
"Hình tam giác: Triangle hay Star?","vi-VN","current","ready","assets/audio/CURRICULUM/8d19399381d293a200d20b60.vi.v1.mp3","challenge_question","lib/features/listening/presentation/lesson_challenge_screen.dart"
"Hình tam giác.","vi-VN","current;catalog_only","ready","assets/audio/CURRICULUM/055b5555a156dd7d3a5459a2.vi.v1.mp3","core_vi;challenge_answer_vi","lib/features/listening/presentation/lesson_practice_screen.dart;assets/data/listening_lessons.json"
"Hình tròn: Circle hay Square?","vi-VN","current","ready","assets/audio/CURRICULUM/fe1ecbe27212facdf0bba034.vi.v1.mp3","challenge_question","lib/features/listening/presentation/lesson_challenge_screen.dart"
"Hình tròn.","vi-VN","current;catalog_only","ready","assets/audio/CURRICULUM/6f1f04bd88f2f82ec5948b04.vi.v1.mp3","core_vi;challenge_answer_vi","lib/features/listening/presentation/lesson_practice_screen.dart;assets/data/listening_lessons.json"
"Hình vuông: Square hay Triangle?","vi-VN","audio_catalog_only","ready","assets/audio/CURRICULUM/5413928d5fb2697cecf4c281.vi.v1.mp3","audio_not_traced","assets/data/curriculum_audio.json"
"Hình vuông: Triangle hay Square?","vi-VN","current","ready","assets/audio/CURRICULUM/d500efbf449272b5c519e759.vi.v1.mp3","challenge_question","lib/features/listening/presentation/lesson_challenge_screen.dart"
"Hình vuông.","vi-VN","current;catalog_only","ready","assets/audio/CURRICULUM/a76b20ae3d82e13df2dfed8d.vi.v1.mp3","core_vi;challenge_answer_vi","lib/features/listening/presentation/lesson_practice_screen.dart;assets/data/listening_lessons.json"
"Hóa đơn.","vi-VN","current;catalog_only","ready","assets/audio/CURRICULUM/bea78fcc59571aeba400dd8f.vi.v1.mp3","core_vi;challenge_answer_vi","lib/features/listening/presentation/lesson_practice_screen.dart;assets/data/listening_lessons.json"
"Hoàn thành bài sớm hơn.","vi-VN","current;catalog_only","ready","assets/audio/CURRICULUM/6aabceeca898f4b2ae990974.vi.v1.mp3","core_vi;challenge_answer_vi","lib/features/listening/presentation/lesson_practice_screen.dart;assets/data/listening_lessons.json"
"Hoạt hình: Cartoons hay Books?","vi-VN","current","ready","assets/audio/CURRICULUM/1eeffe3e6619713a535cccb3.vi.v1.mp3","challenge_question","lib/features/listening/presentation/lesson_challenge_screen.dart"
"Hoạt hình.","vi-VN","current;catalog_only","ready","assets/audio/CURRICULUM/b4e9fc6b59dc323aba567c53.vi.v1.mp3","core_vi;challenge_answer_vi","lib/features/listening/presentation/lesson_practice_screen.dart;assets/data/listening_lessons.json"
"Học thêm từ mới: Learn more words hay Finish homework earlier?","vi-VN","current","ready","assets/audio/CURRICULUM/fc464c494e5a3564a536e766.vi.v1.mp3","challenge_question","lib/features/listening/presentation/lesson_challenge_screen.dart"
"Học thêm từ mới.","vi-VN","current;catalog_only","ready","assets/audio/CURRICULUM/888d61897c4d3ec3cf2e48d7.vi.v1.mp3","core_vi;challenge_answer_vi","lib/features/listening/presentation/lesson_practice_screen.dart;assets/data/listening_lessons.json"
"Hỏi giáo viên: Take the next bus hay Ask the teacher?","vi-VN","audio_catalog_only","ready","assets/audio/CURRICULUM/58550b8cf8f7cdd452e79285.vi.v1.mp3","audio_not_traced","assets/data/curriculum_audio.json"
"Hỏi giáo viên.","vi-VN","current;catalog_only","ready","assets/audio/CURRICULUM/21d5cd10553446318700cfd6.vi.v1.mp3","core_vi;challenge_answer_vi","lib/features/listening/presentation/lesson_practice_screen.dart;assets/data/listening_lessons.json"
"Home address.","en-US","current","ready","assets/audio/CURRICULUM/c7fe65b13fdb90a266339538.en.v1.mp3","core_en;challenge_answer_en","lib/features/listening/presentation/lesson_practice_screen.dart;lib/features/listening/presentation/lesson_challenge_screen.dart"
"Homework after school.","en-US","current","ready","assets/audio/CURRICULUM/d6efc9c130f76c08f89e9924.en.v1.mp3","core_en;challenge_answer_en","lib/features/listening/presentation/lesson_practice_screen.dart;lib/features/listening/presentation/lesson_challenge_screen.dart"
"HOMI chưa chọn được chủ đề. Bạn thử lại.","vi-VN","catalog_only","ready","assets/audio/MAIN/AI-019.vi.v1.mp3","assistant_catalog","lib/features/voice_navigation/domain/homi_fallback_catalog.dart"
"HOMI chưa có bài tiếp theo.","vi-VN","catalog_only","ready","assets/audio/MAIN/AI-067.vi.v1.mp3","assistant_catalog","lib/features/voice_navigation/domain/homi_fallback_catalog.dart"
"HOMI chưa hiểu. Bạn có thể nói: nghe lại, câu tiếp, câu trước hoặc dừng lại.","vi-VN","current;catalog_only","ready","assets/audio/MAIN/FB-006-1.vi.v1.mp3","main_flow;assistant_catalog","lib/features/voice_navigation/application/main_voice_assistant_flow.dart;lib/features/voice_navigation/domain/homi_fallback_catalog.dart"
"HOMI chưa nghe rõ. Bạn nói lại đi.","vi-VN","catalog_only","ready","assets/audio/MAIN/AI-053.vi.v1.mp3","assistant_catalog","lib/features/voice_navigation/domain/homi_fallback_catalog.dart"
"HOMI chưa nghe rõ. Bạn nói lại nhé.","vi-VN","current","ready","assets/audio/MAIN/RUN-081.vi.v1.mp3","age_feedback;literal_speech_call","lib/features/listening/domain/lesson_guide_flow.dart;lib/app/ai_speaking_app.dart:1723"
"HOMI chưa nghe rõ. Bạn thử nói lại nhé.","vi-VN","catalog_only","ready","assets/audio/MAIN/AI-027.vi.v1.mp3","assistant_catalog","lib/features/voice_navigation/domain/homi_fallback_catalog.dart"
"HOMI chưa nghe rõ. Thử lại nhé.","vi-VN","current","ready","assets/audio/MAIN/RUN-119.vi.v1.mp3","age_feedback","lib/features/listening/domain/lesson_guide_flow.dart"
"HOMI chưa nghe thấy bạn nói. Bạn nói lại đi.","vi-VN","current;catalog_only","ready","assets/audio/MAIN/AI-023.vi.v1.mp3","translation_silence;assistant_catalog","lib/app/ai_speaking_app.dart;lib/features/voice_navigation/domain/homi_fallback_catalog.dart"
"HOMI chưa nhận được bài. Bạn có thể chọn trên điện thoại nha.","vi-VN","compatibility;catalog_only","ready","assets/audio/MAIN/FB-005-2.vi.v1.mp3","main_flow;assistant_catalog","lib/features/voice_navigation/application/main_voice_assistant_flow.dart;lib/features/voice_navigation/domain/homi_fallback_catalog.dart"
"HOMI chưa nhận được câu trả lời. Bạn chọn “có” hoặc “không” nhé.","vi-VN","current;catalog_only","ready","assets/audio/MAIN/FB-007-2.vi.v1.mp3","main_flow;assistant_catalog","lib/features/voice_navigation/application/main_voice_assistant_flow.dart;lib/features/voice_navigation/domain/homi_fallback_catalog.dart"
"HOMI chưa nhận được chủ đề. Bạn có thể chọn trên điện thoại nha.","vi-VN","current;catalog_only","ready","assets/audio/MAIN/FB-004-2.vi.v1.mp3","main_flow;assistant_catalog","lib/features/voice_navigation/application/main_voice_assistant_flow.dart;lib/features/voice_navigation/domain/homi_fallback_catalog.dart"
"HOMI chưa tải được bài học. Bạn thử lại sau.","vi-VN","catalog_only","ready","assets/audio/MAIN/AI-018.vi.v1.mp3","assistant_catalog","lib/features/voice_navigation/domain/homi_fallback_catalog.dart"
"HOMI chưa tải được từ vựng. Bạn thử lại sau nha.","vi-VN","catalog_only","ready","assets/audio/MAIN/AI-028.vi.v1.mp3","assistant_catalog","lib/features/voice_navigation/domain/homi_fallback_catalog.dart"
"HOMI chưa thực hiện được. Bạn thử lại.","vi-VN","catalog_only","ready","assets/audio/MAIN/AI-070.vi.v1.mp3","assistant_catalog","lib/features/voice_navigation/domain/homi_fallback_catalog.dart"
"HOMI đang ở đâu nhỉ?","vi-VN","current","ready","assets/audio/CURRICULUM/19e4fcf1b5bc766cdce6dc72.vi.v1.mp3","lesson_intro_clip","lib/features/listening/presentation/lesson_intro_screen.dart"
"HOMI đây. Bạn muốn dịch sang tiếng Anh, học theo chủ đề hay học bộ từ vựng?","vi-VN","current;catalog_only","ready","assets/audio/MAIN/AI-001.vi.v1.mp3","main_flow;assistant_catalog","lib/features/voice_navigation/application/main_voice_assistant_flow.dart;lib/features/voice_navigation/domain/homi_fallback_catalog.dart"
"HOMI đây. Bạn muốn dịch tiếng Anh, học Chủ đề hay Bộ từ vựng?","vi-VN","current","ready","assets/audio/MAIN/RUNTIME-MAIN-NAVIGATION-001.vi.v1.mp3","master_navigation_contract","lib/features/voice_navigation/domain/master_navigation_contract.dart:9"
"HOMI hỏi: Are you okay? Bạn đang buồn. I'm sad hay Thank you?","vi-VN","current","ready","assets/audio/CURRICULUM/c7844270e8789d1be719358a.vi.v1.mp3","challenge_question","lib/features/listening/presentation/lesson_challenge_screen.dart"
"HOMI hỏi: Can I come in? Bạn đồng ý. Yes, come in hay Thank you?","vi-VN","current","ready","assets/audio/CURRICULUM/769eb0111483ccb045e01df6.vi.v1.mp3","challenge_question","lib/features/listening/presentation/lesson_challenge_screen.dart"
"HOMI hỏi: Can I help? Bạn đồng ý. Yes, please hay Thank you?","vi-VN","current","ready","assets/audio/CURRICULUM/7c11600715675c470a7b921b.vi.v1.mp3","challenge_question","lib/features/listening/presentation/lesson_challenge_screen.dart"
"HOMI nghe đây.","vi-VN","catalog_only;current","ready","assets/audio/MAIN/AI-069.vi.v1.mp3","assistant_catalog;wake_word","lib/features/voice_navigation/domain/homi_fallback_catalog.dart;lib/features/voice_navigation/application/voice_navigation_controller.dart:560"
"HOMI nói đáp án nhé.","vi-VN","current","ready","assets/audio/MAIN/RUN-097.vi.v1.mp3","age_feedback","lib/features/listening/domain/lesson_guide_flow.dart"
"HOMI nói mẫu nhé.","vi-VN","current","ready","assets/audio/MAIN/RUN-077.vi.v1.mp3","age_feedback","lib/features/listening/domain/lesson_guide_flow.dart"
"HOMI nói: Anything else? That's all, thanks hay I'd like noodles?","vi-VN","current","ready","assets/audio/CURRICULUM/d9625a6502363476ed091ad9.vi.v1.mp3","challenge_question","lib/features/listening/presentation/lesson_challenge_screen.dart"
"HOMI nói: Anything to drink? Water, please hay That's all, thanks?","vi-VN","current","ready","assets/audio/CURRICULUM/7b77576aa83ef1b3fe7eb1b3.vi.v1.mp3","challenge_question","lib/features/listening/presentation/lesson_challenge_screen.dart"
"HOMI nói: Are you free Saturday? Bạn đồng ý. I'd love to hay Sorry, I'm busy?","vi-VN","current","ready","assets/audio/CURRICULUM/e28e8277b712329c3ccb47c1.vi.v1.mp3","challenge_question","lib/features/listening/presentation/lesson_challenge_screen.dart"
"HOMI nói: Are you free Saturday? Bạn muốn đổi ngày. How about Sunday? hay See you there?","vi-VN","current","ready","assets/audio/CURRICULUM/585a012bfb794fedb03db83b.vi.v1.mp3","challenge_question","lib/features/listening/presentation/lesson_challenge_screen.dart"
"HOMI nói: Are you free Saturday? Hôm đó bạn bận. Sorry, I'm busy hay Sounds good?","vi-VN","current","ready","assets/audio/CURRICULUM/a57fe66c3291506999364347.vi.v1.mp3","challenge_question","lib/features/listening/presentation/lesson_challenge_screen.dart"
"HOMI nói: Camera. Bạn dùng nó để làm gì? Take photos hay Make calls?","vi-VN","current","ready","assets/audio/CURRICULUM/9f8b44c7cc56f32cc24b81d7.vi.v1.mp3","challenge_question","lib/features/listening/presentation/lesson_challenge_screen.dart"
"HOMI nói: Cold today. Bạn chọn việc phù hợp. Wear a jacket hay Play outside?","vi-VN","current","ready","assets/audio/CURRICULUM/21a5c1b5bee3f5b34bbd66ee.vi.v1.mp3","challenge_question","lib/features/listening/presentation/lesson_challenge_screen.dart"
"HOMI nói: Computer. Bạn dùng nó để học. Do homework hay Make calls?","vi-VN","current","ready","assets/audio/CURRICULUM/26bdb70a2ee623f254b35cad.vi.v1.mp3","challenge_question","lib/features/listening/presentation/lesson_challenge_screen.dart"
"HOMI nói: Do you like noodles? Bạn đồng ý. Yes, I do hay No, I don't?","vi-VN","audio_catalog_only","ready","assets/audio/CURRICULUM/9dadca1d220ea90f89f80505.vi.v1.mp3","audio_not_traced","assets/data/curriculum_audio.json"
"HOMI nói: Do you like noodles? Bạn không thích. No, I don't hay Yes, I do?","vi-VN","audio_catalog_only","ready","assets/audio/CURRICULUM/1fea8b95bb863b31e73bc9d1.vi.v1.mp3","audio_not_traced","assets/data/curriculum_audio.json"
"HOMI nói: Go straight. Bạn cảm ơn. Thank you hay Excuse me?","vi-VN","current","ready","assets/audio/CURRICULUM/b5a8044cc14c006fcf516d0f.vi.v1.mp3","challenge_question","lib/features/listening/presentation/lesson_challenge_screen.dart"
"HOMI nói: Headphones. Bạn dùng nó để làm gì? Listen to music hay Take photos?","vi-VN","current","ready","assets/audio/CURRICULUM/c968e327b30ddf58cd368372.vi.v1.mp3","challenge_question","lib/features/listening/presentation/lesson_challenge_screen.dart"
"HOMI nói: Here you are. Bạn nhận đồ. Thank you hay A pencil, please?","vi-VN","current","ready","assets/audio/CURRICULUM/e49e1c5c1ef903d72347c8f7.vi.v1.mp3","challenge_question","lib/features/listening/presentation/lesson_challenge_screen.dart"
"HOMI nói: Here you go. Bạn nhận đồ. Thank you hay My turn?","vi-VN","audio_catalog_only","ready","assets/audio/CURRICULUM/1a5e55b1b1305e18312725ed.vi.v1.mp3","audio_not_traced","assets/data/curriculum_audio.json"
"HOMI nói: How much? Bạn trả lời giá thấp. Five dollars hay It's expensive?","vi-VN","current","ready","assets/audio/CURRICULUM/61b25adb4acacf09e9e254ee.vi.v1.mp3","challenge_question","lib/features/listening/presentation/lesson_challenge_screen.dart"
"HOMI nói: I forgot my homework. Ask the teacher hay Take the next bus?","vi-VN","current","ready","assets/audio/CURRICULUM/18e5ffd21bb6acf59494fca8.vi.v1.mp3","challenge_question","lib/features/listening/presentation/lesson_challenge_screen.dart"
"HOMI nói: I missed the bus. Take the next bus hay Charge your phone?","vi-VN","current","ready","assets/audio/CURRICULUM/e472aca6974cb5ba55dc3a05.vi.v1.mp3","challenge_question","lib/features/listening/presentation/lesson_challenge_screen.dart"
"HOMI nói: I need a break. Take a break hay Talk to someone?","vi-VN","current","ready","assets/audio/CURRICULUM/3fe97e8a98c95c53e11f9b6c.vi.v1.mp3","challenge_question","lib/features/listening/presentation/lesson_challenge_screen.dart"
"HOMI nói: I need more sleep. Get some sleep hay Go for a walk?","vi-VN","current","ready","assets/audio/CURRICULUM/e5e53b0bbf1fc7ec233c4bae.vi.v1.mp3","challenge_question","lib/features/listening/presentation/lesson_challenge_screen.dart"
"HOMI nói: I think it's useful. Bạn đồng ý. I agree hay I'm not sure?","vi-VN","current","ready","assets/audio/CURRICULUM/3c8398e0dc4e4b68ef26bb12.vi.v1.mp3","challenge_question","lib/features/listening/presentation/lesson_challenge_screen.dart"
"HOMI nói: I'm sad. Bạn muốn giúp. Can I help? hay Yes, please?","vi-VN","current","ready","assets/audio/CURRICULUM/80d29dcaf6164949e7d1dbce.vi.v1.mp3","challenge_question","lib/features/listening/presentation/lesson_challenge_screen.dart"
"HOMI nói: Improve my English. Bạn chọn bước đầu tiên. Practice every day hay Check my progress?","vi-VN","current","ready","assets/audio/CURRICULUM/d828c11ece918bf1d802939c.vi.v1.mp3","challenge_question","lib/features/listening/presentation/lesson_challenge_screen.dart"
"HOMI nói: It's twenty dollars. Bạn thấy giá cao. That's expensive hay That's cheap?","vi-VN","current","ready","assets/audio/CURRICULUM/42fa63b496ae5a054bd6a0cf.vi.v1.mp3","challenge_question","lib/features/listening/presentation/lesson_challenge_screen.dart"
"HOMI nói: It's twenty dollars. Bạn thấy giá thấp. That's cheap hay That's expensive?","vi-VN","current","ready","assets/audio/CURRICULUM/883280318915223786e32eec.vi.v1.mp3","challenge_question","lib/features/listening/presentation/lesson_challenge_screen.dart"
"HOMI nói: Let's meet at three. Bạn chốt kế hoạch. See you there hay Are you free Saturday?","vi-VN","current","ready","assets/audio/CURRICULUM/ccedb93e1c28816c2d5bb0d6.vi.v1.mp3","challenge_question","lib/features/listening/presentation/lesson_challenge_screen.dart"
"HOMI nói: Link. Don't click links hay Don't share photos?","vi-VN","current","ready","assets/audio/CURRICULUM/3a47c65d25288e8269220182.vi.v1.mp3","challenge_question","lib/features/listening/presentation/lesson_challenge_screen.dart"
"HOMI nói: Message. Bạn gặp chuyện đáng lo. Tell an adult hay Don't share photos?","vi-VN","current","ready","assets/audio/CURRICULUM/f27a31cb6ef5c4abb88eab07.vi.v1.mp3","challenge_question","lib/features/listening/presentation/lesson_challenge_screen.dart"
"HOMI nói: My account. Keep your account private hay Don't share your number?","vi-VN","current","ready","assets/audio/CURRICULUM/cf94792c85dfdd7eabd59ca5.vi.v1.mp3","challenge_question","lib/features/listening/presentation/lesson_challenge_screen.dart"
"HOMI nói: My location. Don't share your location hay Keep passwords private?","vi-VN","current","ready","assets/audio/CURRICULUM/b6fcecfb0bab8a621308f226.vi.v1.mp3","challenge_question","lib/features/listening/presentation/lesson_challenge_screen.dart"
"HOMI nói: My phone is dead. Charge your phone hay Ask the teacher?","vi-VN","current","ready","assets/audio/CURRICULUM/2f91efe2556c3b51ed6460b6.vi.v1.mp3","challenge_question","lib/features/listening/presentation/lesson_challenge_screen.dart"
"HOMI nói: Rainy today. Bạn chọn việc phù hợp. Stay inside hay Fly a kite?","vi-VN","current","ready","assets/audio/CURRICULUM/54587d57598bd1b0acf98016.vi.v1.mp3","challenge_question","lib/features/listening/presentation/lesson_challenge_screen.dart"
"HOMI nói: Speak more confidently. Bạn chọn bước phù hợp. Practice speaking daily hay Review my notes?","vi-VN","current","ready","assets/audio/CURRICULUM/c64434d34556df81972eb942.vi.v1.mp3","challenge_question","lib/features/listening/presentation/lesson_challenge_screen.dart"
"HOMI nói: Stranger. Block strangers hay Keep passwords private?","vi-VN","current","ready","assets/audio/CURRICULUM/88731e3d3ed3cad5c837f198.vi.v1.mp3","challenge_question","lib/features/listening/presentation/lesson_challenge_screen.dart"
"HOMI nói: Ten dollars. Bạn thấy giá cao. It's expensive hay It's cheap?","vi-VN","current","ready","assets/audio/CURRICULUM/39ed8f4e342815d9d7f170c0.vi.v1.mp3","challenge_question","lib/features/listening/presentation/lesson_challenge_screen.dart"
"HOMI nói: What do you think? Bạn chưa chắc. I'm not sure hay I agree?","vi-VN","current","ready","assets/audio/CURRICULUM/a219ba39cb832911fd31da5b.vi.v1.mp3","challenge_question","lib/features/listening/presentation/lesson_challenge_screen.dart"
"HOMI nói: What time does it leave? At five thirty hay Platform three?","vi-VN","current","ready","assets/audio/CURRICULUM/31f6dc821185dbd4a0a6dcaf.vi.v1.mp3","challenge_question","lib/features/listening/presentation/lesson_challenge_screen.dart"
"HOMI nói: What's your next step? Bạn muốn bắt đầu ngay. I'll start this week hay I'll ask for advice?","vi-VN","current","ready","assets/audio/CURRICULUM/ecdf1d339fd907c2a80c32b8.vi.v1.mp3","challenge_question","lib/features/listening/presentation/lesson_challenge_screen.dart"
"HOMI nói: What's your next step? Bạn muốn lập kế hoạch. I'll make a plan hay I'll join a class?","vi-VN","current","ready","assets/audio/CURRICULUM/a1b9999940d0d689fd317bcb.vi.v1.mp3","challenge_question","lib/features/listening/presentation/lesson_challenge_screen.dart"
"HOMI nói: Where's the library? Bạn chỉ đường. Go straight hay Thank you?","vi-VN","current","ready","assets/audio/CURRICULUM/5a0f0ce672a961cfcf94da3d.vi.v1.mp3","challenge_question","lib/features/listening/presentation/lesson_challenge_screen.dart"
"HOMI nói: Which is cheaper? Bạn chọn đi bộ. Walking is cheaper hay The train is faster?","vi-VN","current","ready","assets/audio/CURRICULUM/9e08baa3c8ea7cfd13b78777.vi.v1.mp3","challenge_question","lib/features/listening/presentation/lesson_challenge_screen.dart"
"HOMI nói: Which is faster? Bạn chọn xe buýt. The bus is faster hay Walking is cheaper?","vi-VN","current","ready","assets/audio/CURRICULUM/64e4b9cee8e3360d7ddb27ad.vi.v1.mp3","challenge_question","lib/features/listening/presentation/lesson_challenge_screen.dart"
"HOMI nói: Which one do you prefer? I prefer this one hay Why?","vi-VN","current","ready","assets/audio/CURRICULUM/97ccdd8b24297c0f47cc4f5e.vi.v1.mp3","challenge_question","lib/features/listening/presentation/lesson_challenge_screen.dart"
"HOMI nói: Which one? Bạn chọn cái này. This one hay That one?","vi-VN","audio_catalog_only","ready","assets/audio/CURRICULUM/7bf8e7b86877d00487b0d0db.vi.v1.mp3","audio_not_traced","assets/data/curriculum_audio.json"
"HOMI nói: Which platform? Platform three hay At five thirty?","vi-VN","current","ready","assets/audio/CURRICULUM/f874f1536dd8c490388b14ef.vi.v1.mp3","challenge_question","lib/features/listening/presentation/lesson_challenge_screen.dart"
"HOMI nói: Why? Bạn nói về độ an toàn. Because it's safer hay Because it's faster?","vi-VN","current","ready","assets/audio/CURRICULUM/1ff15088e89f69fde91698bb.vi.v1.mp3","challenge_question","lib/features/listening/presentation/lesson_challenge_screen.dart"
"HOMI nói: Why? It's more useful hay I prefer this one?","vi-VN","current","ready","assets/audio/CURRICULUM/984e81f5e19dc36e59bcfa54.vi.v1.mp3","challenge_question","lib/features/listening/presentation/lesson_challenge_screen.dart"
"HOMI nói: Windy today. Bạn chọn việc phù hợp. Fly a kite hay Drink water?","vi-VN","current","ready","assets/audio/CURRICULUM/d77b58d3b13ab1df7cd5dae8.vi.v1.mp3","challenge_question","lib/features/listening/presentation/lesson_challenge_screen.dart"
"HOMI vẫn chưa hiểu. Khi sẵn sàng, bạn nhấn nút gọi HOMI nhé.","vi-VN","current;catalog_only","ready","assets/audio/MAIN/FB-001-2.vi.v1.mp3","main_flow;assistant_catalog","lib/features/voice_navigation/application/main_voice_assistant_flow.dart;lib/features/voice_navigation/domain/homi_fallback_catalog.dart"
"HOMI vẫn chưa hiểu. Mình giữ nguyên câu hiện tại nhé.","vi-VN","current;catalog_only","ready","assets/audio/MAIN/FB-006-2.vi.v1.mp3","main_flow;assistant_catalog","lib/features/voice_navigation/application/main_voice_assistant_flow.dart;lib/features/voice_navigation/domain/homi_fallback_catalog.dart"
"Hospital.","en-US","current","ready","assets/audio/CURRICULUM/2e0f08a00c89090c8c486645.en.v1.mp3","core_en;challenge_answer_en","lib/features/listening/presentation/lesson_practice_screen.dart;lib/features/listening/presentation/lesson_challenge_screen.dart"
"Hot today.","en-US","current","ready","assets/audio/CURRICULUM/2b39dccac05cc8f7cc49e2fd.en.v1.mp3","core_en;challenge_answer_en","lib/features/listening/presentation/lesson_practice_screen.dart;lib/features/listening/presentation/lesson_challenge_screen.dart"
"Hot.","en-US","current","ready","assets/audio/CURRICULUM/93a1eebe070694da4e121d65.en.v1.mp3","core_en;challenge_answer_en","lib/features/listening/presentation/lesson_practice_screen.dart;lib/features/listening/presentation/lesson_challenge_screen.dart"
"House.","en-US","current","ready","assets/audio/CURRICULUM/b1bdff2f44cb3c448f08768c.en.v1.mp3","challenge_answer_en","lib/features/listening/presentation/lesson_challenge_screen.dart"
"How about Sunday?","en-US","current","ready","assets/audio/CURRICULUM/ff116de7f5a1046d2d20ab00.en.v1.mp3","core_en;challenge_answer_en","lib/features/listening/presentation/lesson_practice_screen.dart;lib/features/listening/presentation/lesson_challenge_screen.dart"
"How much is this?","en-US","current","ready","assets/audio/CURRICULUM/30f7244a9a2259045772dc01.en.v1.mp3","core_en;challenge_answer_en","lib/features/listening/presentation/lesson_practice_screen.dart;lib/features/listening/presentation/lesson_challenge_screen.dart"
"How much?","en-US","current","ready","assets/audio/CURRICULUM/756c5a6d92ee1fbfd5dd8c24.en.v1.mp3","core_en;challenge_answer_en","lib/features/listening/presentation/lesson_practice_screen.dart;lib/features/listening/presentation/lesson_challenge_screen.dart"
"Hôm nay được đi chơi. Chọn gì nhỉ?","vi-VN","current","ready","assets/audio/CURRICULUM/59ed8683f9d57ba5232a83ff.vi.v1.mp3","lesson_intro_clip","lib/features/listening/presentation/lesson_intro_screen.dart"
"Hôm nay mình học bài “A to I Letters” nhé. Bắt đầu nào!","vi-VN","compatibility","missing_exact_audio","","legacy_guide","lib/features/listening/domain/lesson_guide_flow.dart"
"Hôm nay mình học bài “A to I Words” nhé. Bắt đầu nào!","vi-VN","compatibility","missing_exact_audio","","legacy_guide","lib/features/listening/domain/lesson_guide_flow.dart"
"Hôm nay mình học bài “Animal Abilities” nhé. Bắt đầu nào!","vi-VN","compatibility","missing_exact_audio","","legacy_guide","lib/features/listening/domain/lesson_guide_flow.dart"
"Hôm nay mình học bài “Animal Names” nhé. Bắt đầu nào!","vi-VN","compatibility","missing_exact_audio","","legacy_guide","lib/features/listening/domain/lesson_guide_flow.dart"
"Hôm nay mình học bài “Animal Words” nhé. Bắt đầu nào!","vi-VN","compatibility","missing_exact_audio","","legacy_guide","lib/features/listening/domain/lesson_guide_flow.dart"
"Hôm nay mình học bài “Ask for Help” nhé. Bắt đầu nào!","vi-VN","compatibility","missing_exact_audio","","legacy_guide","lib/features/listening/domain/lesson_guide_flow.dart"
"Hôm nay mình học bài “Ask for Info” nhé. Bắt đầu nào!","vi-VN","compatibility","missing_exact_audio","","legacy_guide","lib/features/listening/domain/lesson_guide_flow.dart"
"Hôm nay mình học bài “Ask the Price” nhé. Bắt đầu nào!","vi-VN","compatibility","missing_exact_audio","","legacy_guide","lib/features/listening/domain/lesson_guide_flow.dart"
"Hôm nay mình học bài “Ask the Way” nhé. Bắt đầu nào!","vi-VN","compatibility","missing_exact_audio","","legacy_guide","lib/features/listening/domain/lesson_guide_flow.dart"
"Hôm nay mình học bài “Best Way” nhé. Bắt đầu nào!","vi-VN","compatibility","missing_exact_audio","","legacy_guide","lib/features/listening/domain/lesson_guide_flow.dart"
"Hôm nay mình học bài “Body Moves” nhé. Bắt đầu nào!","vi-VN","compatibility","missing_exact_audio","","legacy_guide","lib/features/listening/domain/lesson_guide_flow.dart"
"Hôm nay mình học bài “Body Words” nhé. Bắt đầu nào!","vi-VN","compatibility","missing_exact_audio","","legacy_guide","lib/features/listening/domain/lesson_guide_flow.dart"
"Hôm nay mình học bài “Buy or Save?” nhé. Bắt đầu nào!","vi-VN","compatibility","missing_exact_audio","","legacy_guide","lib/features/listening/domain/lesson_guide_flow.dart"
"Hôm nay mình học bài “Choose One” nhé. Bắt đầu nào!","vi-VN","compatibility","missing_exact_audio","","legacy_guide","lib/features/listening/domain/lesson_guide_flow.dart"
"Hôm nay mình học bài “Classroom Talk” nhé. Bắt đầu nào!","vi-VN","compatibility","missing_exact_audio","","legacy_guide","lib/features/listening/domain/lesson_guide_flow.dart"
"Hôm nay mình học bài “Color Words” nhé. Bắt đầu nào!","vi-VN","compatibility","missing_exact_audio","","legacy_guide","lib/features/listening/domain/lesson_guide_flow.dart"
"Hôm nay mình học bài “Colors on Things” nhé. Bắt đầu nào!","vi-VN","compatibility","missing_exact_audio","","legacy_guide","lib/features/listening/domain/lesson_guide_flow.dart"
"Hôm nay mình học bài “Compare Two” nhé. Bắt đầu nào!","vi-VN","compatibility","missing_exact_audio","","legacy_guide","lib/features/listening/domain/lesson_guide_flow.dart"
"Hôm nay mình học bài “Count With Me” nhé. Bắt đầu nào!","vi-VN","compatibility","missing_exact_audio","","legacy_guide","lib/features/listening/domain/lesson_guide_flow.dart"
"Hôm nay mình học bài “Day Actions” nhé. Bắt đầu nào!","vi-VN","compatibility","missing_exact_audio","","legacy_guide","lib/features/listening/domain/lesson_guide_flow.dart"
"Hôm nay mình học bài “Device Uses” nhé. Bắt đầu nào!","vi-VN","compatibility","missing_exact_audio","","legacy_guide","lib/features/listening/domain/lesson_guide_flow.dart"
"Hôm nay mình học bài “Do You Like?” nhé. Bắt đầu nào!","vi-VN","compatibility","missing_exact_audio","","legacy_guide","lib/features/listening/domain/lesson_guide_flow.dart"
"Hôm nay mình học bài “Family Words” nhé. Bắt đầu nào!","vi-VN","compatibility","missing_exact_audio","","legacy_guide","lib/features/listening/domain/lesson_guide_flow.dart"
"Hôm nay mình học bài “Feel Better” nhé. Bắt đầu nào!","vi-VN","compatibility","missing_exact_audio","","legacy_guide","lib/features/listening/domain/lesson_guide_flow.dart"
"Hôm nay mình học bài “Food Words” nhé. Bắt đầu nào!","vi-VN","compatibility","missing_exact_audio","","legacy_guide","lib/features/listening/domain/lesson_guide_flow.dart"
"Hôm nay mình học bài “Food, Please” nhé. Bắt đầu nào!","vi-VN","compatibility","missing_exact_audio","","legacy_guide","lib/features/listening/domain/lesson_guide_flow.dart"
"Hôm nay mình học bài “Getting There” nhé. Bắt đầu nào!","vi-VN","compatibility","missing_exact_audio","","legacy_guide","lib/features/listening/domain/lesson_guide_flow.dart"
"Hôm nay mình học bài “Give a Reason” nhé. Bắt đầu nào!","vi-VN","compatibility","missing_exact_audio","","legacy_guide","lib/features/listening/domain/lesson_guide_flow.dart"
"Hôm nay mình học bài “Go Green” nhé. Bắt đầu nào!","vi-VN","compatibility","missing_exact_audio","","legacy_guide","lib/features/listening/domain/lesson_guide_flow.dart"
"Hôm nay mình học bài “Good At” nhé. Bắt đầu nào!","vi-VN","compatibility","missing_exact_audio","","legacy_guide","lib/features/listening/domain/lesson_guide_flow.dart"
"Hôm nay mình học bài “Good Habits” nhé. Bắt đầu nào!","vi-VN","compatibility","missing_exact_audio","","legacy_guide","lib/features/listening/domain/lesson_guide_flow.dart"
"Hôm nay mình học bài “Happy Day” nhé. Bắt đầu nào!","vi-VN","compatibility","missing_exact_audio","","legacy_guide","lib/features/listening/domain/lesson_guide_flow.dart"
"Hôm nay mình học bài “Healthy Actions” nhé. Bắt đầu nào!","vi-VN","compatibility","missing_exact_audio","","legacy_guide","lib/features/listening/domain/lesson_guide_flow.dart"
"Hôm nay mình học bài “Help a Friend” nhé. Bắt đầu nào!","vi-VN","compatibility","missing_exact_audio","","legacy_guide","lib/features/listening/domain/lesson_guide_flow.dart"
"Hôm nay mình học bài “Hobby Skills” nhé. Bắt đầu nào!","vi-VN","compatibility","missing_exact_audio","","legacy_guide","lib/features/listening/domain/lesson_guide_flow.dart"
"Hôm nay mình học bài “Hobby Time” nhé. Bắt đầu nào!","vi-VN","compatibility","missing_exact_audio","","legacy_guide","lib/features/listening/domain/lesson_guide_flow.dart"
"Hôm nay mình học bài “How Do You Go?” nhé. Bắt đầu nào!","vi-VN","compatibility","missing_exact_audio","","legacy_guide","lib/features/listening/domain/lesson_guide_flow.dart"
"Hôm nay mình học bài “How Much?” nhé. Bắt đầu nào!","vi-VN","compatibility","missing_exact_audio","","legacy_guide","lib/features/listening/domain/lesson_guide_flow.dart"
"Hôm nay mình học bài “In Class” nhé. Bắt đầu nào!","vi-VN","compatibility","missing_exact_audio","","legacy_guide","lib/features/listening/domain/lesson_guide_flow.dart"
"Hôm nay mình học bài “J to R Letters” nhé. Bắt đầu nào!","vi-VN","compatibility","missing_exact_audio","","legacy_guide","lib/features/listening/domain/lesson_guide_flow.dart"
"Hôm nay mình học bài “J to R Words” nhé. Bắt đầu nào!","vi-VN","compatibility","missing_exact_audio","","legacy_guide","lib/features/listening/domain/lesson_guide_flow.dart"
"Hôm nay mình học bài “Make a Plan” nhé. Bắt đầu nào!","vi-VN","compatibility","missing_exact_audio","","legacy_guide","lib/features/listening/domain/lesson_guide_flow.dart"
"Hôm nay mình học bài “Meet My Family” nhé. Bắt đầu nào!","vi-VN","compatibility","missing_exact_audio","","legacy_guide","lib/features/listening/domain/lesson_guide_flow.dart"
"Hôm nay mình học bài “Menu Words” nhé. Bắt đầu nào!","vi-VN","compatibility","missing_exact_audio","","legacy_guide","lib/features/listening/domain/lesson_guide_flow.dart"
"Hôm nay mình học bài “Move With Me” nhé. Bắt đầu nào!","vi-VN","compatibility","missing_exact_audio","","legacy_guide","lib/features/listening/domain/lesson_guide_flow.dart"
"Hôm nay mình học bài “My Choice” nhé. Bắt đầu nào!","vi-VN","compatibility","missing_exact_audio","","legacy_guide","lib/features/listening/domain/lesson_guide_flow.dart"
"Hôm nay mình học bài “My Devices” nhé. Bắt đầu nào!","vi-VN","compatibility","missing_exact_audio","","legacy_guide","lib/features/listening/domain/lesson_guide_flow.dart"
"Hôm nay mình học bài “My Feelings” nhé. Bắt đầu nào!","vi-VN","compatibility","missing_exact_audio","","legacy_guide","lib/features/listening/domain/lesson_guide_flow.dart"
"Hôm nay mình học bài “My Goal” nhé. Bắt đầu nào!","vi-VN","compatibility","missing_exact_audio","","legacy_guide","lib/features/listening/domain/lesson_guide_flow.dart"
"Hôm nay mình học bài “My Opinion” nhé. Bắt đầu nào!","vi-VN","compatibility","missing_exact_audio","","legacy_guide","lib/features/listening/domain/lesson_guide_flow.dart"
"Hôm nay mình học bài “My Order” nhé. Bắt đầu nào!","vi-VN","compatibility","missing_exact_audio","","legacy_guide","lib/features/listening/domain/lesson_guide_flow.dart"
"Hôm nay mình học bài “My Plan” nhé. Bắt đầu nào!","vi-VN","compatibility","missing_exact_audio","","legacy_guide","lib/features/listening/domain/lesson_guide_flow.dart"
"Hôm nay mình học bài “My Routine” nhé. Bắt đầu nào!","vi-VN","compatibility","missing_exact_audio","","legacy_guide","lib/features/listening/domain/lesson_guide_flow.dart"
"Hôm nay mình học bài “My Skills” nhé. Bắt đầu nào!","vi-VN","compatibility","missing_exact_audio","","legacy_guide","lib/features/listening/domain/lesson_guide_flow.dart"
"Hôm nay mình học bài “My Turn” nhé. Bắt đầu nào!","vi-VN","compatibility","missing_exact_audio","","legacy_guide","lib/features/listening/domain/lesson_guide_flow.dart"
"Hôm nay mình học bài “My Week” nhé. Bắt đầu nào!","vi-VN","compatibility","missing_exact_audio","","legacy_guide","lib/features/listening/domain/lesson_guide_flow.dart"
"Hôm nay mình học bài “Next Step” nhé. Bắt đầu nào!","vi-VN","compatibility","missing_exact_audio","","legacy_guide","lib/features/listening/domain/lesson_guide_flow.dart"
"Hôm nay mình học bài “Numbers 1-10” nhé. Bắt đầu nào!","vi-VN","compatibility","missing_exact_audio","","legacy_guide","lib/features/listening/domain/lesson_guide_flow.dart"
"Hôm nay mình học bài “Numbers 11-20” nhé. Bắt đầu nào!","vi-VN","compatibility","missing_exact_audio","","legacy_guide","lib/features/listening/domain/lesson_guide_flow.dart"
"Hôm nay mình học bài “Numbers in Life” nhé. Bắt đầu nào!","vi-VN","compatibility","missing_exact_audio","","legacy_guide","lib/features/listening/domain/lesson_guide_flow.dart"
"Hôm nay mình học bài “One to Ten” nhé. Bắt đầu nào!","vi-VN","compatibility","missing_exact_audio","","legacy_guide","lib/features/listening/domain/lesson_guide_flow.dart"
"Hôm nay mình học bài “Online Words” nhé. Bắt đầu nào!","vi-VN","compatibility","missing_exact_audio","","legacy_guide","lib/features/listening/domain/lesson_guide_flow.dart"
"Hôm nay mình học bài “Place Words” nhé. Bắt đầu nào!","vi-VN","compatibility","missing_exact_audio","","legacy_guide","lib/features/listening/domain/lesson_guide_flow.dart"
"Hôm nay mình học bài “Plan My Time” nhé. Bắt đầu nào!","vi-VN","compatibility","missing_exact_audio","","legacy_guide","lib/features/listening/domain/lesson_guide_flow.dart"
"Hôm nay mình học bài “Plan the Day” nhé. Bắt đầu nào!","vi-VN","compatibility","missing_exact_audio","","legacy_guide","lib/features/listening/domain/lesson_guide_flow.dart"
"Hôm nay mình học bài “Plan Words” nhé. Bắt đầu nào!","vi-VN","compatibility","missing_exact_audio","","legacy_guide","lib/features/listening/domain/lesson_guide_flow.dart"
"Hôm nay mình học bài “Play Together” nhé. Bắt đầu nào!","vi-VN","compatibility","missing_exact_audio","","legacy_guide","lib/features/listening/domain/lesson_guide_flow.dart"
"Hôm nay mình học bài “Polite Replies” nhé. Bắt đầu nào!","vi-VN","compatibility","missing_exact_audio","","legacy_guide","lib/features/listening/domain/lesson_guide_flow.dart"
"Hôm nay mình học bài “Price & Budget” nhé. Bắt đầu nào!","vi-VN","compatibility","missing_exact_audio","","legacy_guide","lib/features/listening/domain/lesson_guide_flow.dart"
"Hôm nay mình học bài “Private Info” nhé. Bắt đầu nào!","vi-VN","compatibility","missing_exact_audio","","legacy_guide","lib/features/listening/domain/lesson_guide_flow.dart"
"Hôm nay mình học bài “Problem Phrases” nhé. Bắt đầu nào!","vi-VN","compatibility","missing_exact_audio","","legacy_guide","lib/features/listening/domain/lesson_guide_flow.dart"
"Hôm nay mình học bài “S to Z Letters” nhé. Bắt đầu nào!","vi-VN","compatibility","missing_exact_audio","","legacy_guide","lib/features/listening/domain/lesson_guide_flow.dart"
"Hôm nay mình học bài “S to Z Words” nhé. Bắt đầu nào!","vi-VN","compatibility","missing_exact_audio","","legacy_guide","lib/features/listening/domain/lesson_guide_flow.dart"
"Hôm nay mình học bài “Save Resources” nhé. Bắt đầu nào!","vi-VN","compatibility","missing_exact_audio","","legacy_guide","lib/features/listening/domain/lesson_guide_flow.dart"
"Hôm nay mình học bài “School Subjects” nhé. Bắt đầu nào!","vi-VN","compatibility","missing_exact_audio","","legacy_guide","lib/features/listening/domain/lesson_guide_flow.dart"
"Hôm nay mình học bài “School Words” nhé. Bắt đầu nào!","vi-VN","compatibility","missing_exact_audio","","legacy_guide","lib/features/listening/domain/lesson_guide_flow.dart"
"Hôm nay mình học bài “Shape Words” nhé. Bắt đầu nào!","vi-VN","compatibility","missing_exact_audio","","legacy_guide","lib/features/listening/domain/lesson_guide_flow.dart"
"Hôm nay mình học bài “Shapes Around Me” nhé. Bắt đầu nào!","vi-VN","compatibility","missing_exact_audio","","legacy_guide","lib/features/listening/domain/lesson_guide_flow.dart"
"Hôm nay mình học bài “Shop Words” nhé. Bắt đầu nào!","vi-VN","compatibility","missing_exact_audio","","legacy_guide","lib/features/listening/domain/lesson_guide_flow.dart"
"Hôm nay mình học bài “Simple Directions” nhé. Bắt đầu nào!","vi-VN","compatibility","missing_exact_audio","","legacy_guide","lib/features/listening/domain/lesson_guide_flow.dart"
"Hôm nay mình học bài “Simple Solutions” nhé. Bắt đầu nào!","vi-VN","compatibility","missing_exact_audio","","legacy_guide","lib/features/listening/domain/lesson_guide_flow.dart"
"Hôm nay mình học bài “Small Steps” nhé. Bắt đầu nào!","vi-VN","compatibility","missing_exact_audio","","legacy_guide","lib/features/listening/domain/lesson_guide_flow.dart"
"Hôm nay mình học bài “Station Words” nhé. Bắt đầu nào!","vi-VN","compatibility","missing_exact_audio","","legacy_guide","lib/features/listening/domain/lesson_guide_flow.dart"
"Hôm nay mình học bài “Stay Clean” nhé. Bắt đầu nào!","vi-VN","compatibility","missing_exact_audio","","legacy_guide","lib/features/listening/domain/lesson_guide_flow.dart"
"Hôm nay mình học bài “Stay Private” nhé. Bắt đầu nào!","vi-VN","compatibility","missing_exact_audio","","legacy_guide","lib/features/listening/domain/lesson_guide_flow.dart"
"Hôm nay mình học bài “Stay Safe” nhé. Bắt đầu nào!","vi-VN","compatibility","missing_exact_audio","","legacy_guide","lib/features/listening/domain/lesson_guide_flow.dart"
"Hôm nay mình học bài “Stress Signs” nhé. Bắt đầu nào!","vi-VN","compatibility","missing_exact_audio","","legacy_guide","lib/features/listening/domain/lesson_guide_flow.dart"
"Hôm nay mình học bài “Study Actions” nhé. Bắt đầu nào!","vi-VN","compatibility","missing_exact_audio","","legacy_guide","lib/features/listening/domain/lesson_guide_flow.dart"
"Hôm nay mình học bài “Study Routine” nhé. Bắt đầu nào!","vi-VN","compatibility","missing_exact_audio","","legacy_guide","lib/features/listening/domain/lesson_guide_flow.dart"
"Hôm nay mình học bài “Tasty Foods” nhé. Bắt đầu nào!","vi-VN","compatibility","missing_exact_audio","","legacy_guide","lib/features/listening/domain/lesson_guide_flow.dart"
"Hôm nay mình học bài “Tell What Happened” nhé. Bắt đầu nào!","vi-VN","compatibility","missing_exact_audio","","legacy_guide","lib/features/listening/domain/lesson_guide_flow.dart"
"Hôm nay mình học bài “Time & Tasks” nhé. Bắt đầu nào!","vi-VN","compatibility","missing_exact_audio","","legacy_guide","lib/features/listening/domain/lesson_guide_flow.dart"
"Hôm nay mình học bài “Time Blocks” nhé. Bắt đầu nào!","vi-VN","compatibility","missing_exact_audio","","legacy_guide","lib/features/listening/domain/lesson_guide_flow.dart"
"Hôm nay mình học bài “Town Places” nhé. Bắt đầu nào!","vi-VN","compatibility","missing_exact_audio","","legacy_guide","lib/features/listening/domain/lesson_guide_flow.dart"
"Hôm nay mình học bài “Transport Words” nhé. Bắt đầu nào!","vi-VN","compatibility","missing_exact_audio","","legacy_guide","lib/features/listening/domain/lesson_guide_flow.dart"
"Hôm nay mình học bài “Weather Choices” nhé. Bắt đầu nào!","vi-VN","compatibility","missing_exact_audio","","legacy_guide","lib/features/listening/domain/lesson_guide_flow.dart"
"Hôm nay mình học bài “Weather Words” nhé. Bắt đầu nào!","vi-VN","compatibility","missing_exact_audio","","legacy_guide","lib/features/listening/domain/lesson_guide_flow.dart"
"Hôm nay mình học bài “Weekend Fun” nhé. Bắt đầu nào!","vi-VN","compatibility","missing_exact_audio","","legacy_guide","lib/features/listening/domain/lesson_guide_flow.dart"
"Hôm nay mình học bài “Weekend Words” nhé. Bắt đầu nào!","vi-VN","compatibility","missing_exact_audio","","legacy_guide","lib/features/listening/domain/lesson_guide_flow.dart"
"Hôm nay mình học bài “Weekly Activities” nhé. Bắt đầu nào!","vi-VN","compatibility","missing_exact_audio","","legacy_guide","lib/features/listening/domain/lesson_guide_flow.dart"
"Hôm nay mình học bài “What Color?” nhé. Bắt đầu nào!","vi-VN","compatibility","missing_exact_audio","","legacy_guide","lib/features/listening/domain/lesson_guide_flow.dart"
"Hôm nay mình học bài “What Shape?” nhé. Bắt đầu nào!","vi-VN","compatibility","missing_exact_audio","","legacy_guide","lib/features/listening/domain/lesson_guide_flow.dart"
"Hôm nay mình học bài “What to Wear?” nhé. Bắt đầu nào!","vi-VN","compatibility","missing_exact_audio","","legacy_guide","lib/features/listening/domain/lesson_guide_flow.dart"
"Hôm nay mình học bài “Where Are We?” nhé. Bắt đầu nào!","vi-VN","compatibility","missing_exact_audio","","legacy_guide","lib/features/listening/domain/lesson_guide_flow.dart"
"Hôm nay mình học bài “Which Animal?” nhé. Bắt đầu nào!","vi-VN","compatibility","missing_exact_audio","","legacy_guide","lib/features/listening/domain/lesson_guide_flow.dart"
"Hôm nay mình học bài “Yesterday Actions” nhé. Bắt đầu nào!","vi-VN","compatibility","missing_exact_audio","","legacy_guide","lib/features/listening/domain/lesson_guide_flow.dart"
"Hôm nay trời có gió: Windy today hay Hot today?","vi-VN","audio_catalog_only","ready","assets/audio/CURRICULUM/5f833474dd8f44dd72bcb33a.vi.v1.mp3","audio_not_traced","assets/data/curriculum_audio.json"
"Hôm nay trời có gió.","vi-VN","current;catalog_only","ready","assets/audio/CURRICULUM/3560267a95f515715d5756d2.vi.v1.mp3","core_vi;challenge_answer_vi","lib/features/listening/presentation/lesson_practice_screen.dart;assets/data/listening_lessons.json"
"Hôm nay trời lạnh: Cold today hay Sunny today?","vi-VN","current","ready","assets/audio/CURRICULUM/da301e35bd6fa1649fc78f46.vi.v1.mp3","challenge_question","lib/features/listening/presentation/lesson_challenge_screen.dart"
"Hôm nay trời lạnh.","vi-VN","current;catalog_only","ready","assets/audio/CURRICULUM/ceb8b1660633afe2aa885bd9.vi.v1.mp3","core_vi;challenge_answer_vi","lib/features/listening/presentation/lesson_practice_screen.dart;assets/data/listening_lessons.json"
"Hôm nay trời mưa: Windy today hay Rainy today?","vi-VN","audio_catalog_only","ready","assets/audio/CURRICULUM/c22e739fe2ac1859534dc9b1.vi.v1.mp3","audio_not_traced","assets/data/curriculum_audio.json"
"Hôm nay trời mưa.","vi-VN","current;catalog_only","ready","assets/audio/CURRICULUM/da6d17fc5082d33eb6cde20d.vi.v1.mp3","core_vi;challenge_answer_vi","lib/features/listening/presentation/lesson_practice_screen.dart;assets/data/listening_lessons.json"
"Hôm nay trời nắng: Sunny today hay Rainy today?","vi-VN","audio_catalog_only","ready","assets/audio/CURRICULUM/b8eb1cf19cd2fd0cb281e5fc.vi.v1.mp3","audio_not_traced","assets/data/curriculum_audio.json"
"Hôm nay trời nắng.","vi-VN","current;catalog_only","ready","assets/audio/CURRICULUM/8722e3a7670a46a34faa4948.vi.v1.mp3","core_vi;challenge_answer_vi","lib/features/listening/presentation/lesson_practice_screen.dart;assets/data/listening_lessons.json"
"Hôm nay trời nóng: Cold today hay Hot today?","vi-VN","current","ready","assets/audio/CURRICULUM/db010057f985be14248f1cd5.vi.v1.mp3","challenge_question","lib/features/listening/presentation/lesson_challenge_screen.dart"
"Hôm nay trời nóng.","vi-VN","current;catalog_only","ready","assets/audio/CURRICULUM/589414c0a714a41e0673fe89.vi.v1.mp3","core_vi;challenge_answer_vi","lib/features/listening/presentation/lesson_practice_screen.dart;assets/data/listening_lessons.json"
"Hôm nay trời thế nào?","vi-VN","current","ready","assets/audio/CURRICULUM/26989a969a980a8d853a8403.vi.v1.mp3","lesson_intro_clip","lib/features/listening/presentation/lesson_intro_screen.dart"
"Hữu ích hơn.","vi-VN","current;catalog_only","ready","assets/audio/CURRICULUM/0528248e0d1a0f98f6f1b814.vi.v1.mp3","core_vi;challenge_answer_vi","lib/features/listening/presentation/lesson_practice_screen.dart;assets/data/listening_lessons.json"
"I agree.","en-US","current","ready","assets/audio/CURRICULUM/5d40616af0dc4ebaad949c32.en.v1.mp3","core_en;challenge_answer_en","lib/features/listening/presentation/lesson_practice_screen.dart;lib/features/listening/presentation/lesson_challenge_screen.dart"
"I can draw.","en-US","current","ready","assets/audio/CURRICULUM/22e6888ac0b200f3ab57cd1e.en.v1.mp3","core_en;challenge_answer_en","lib/features/listening/presentation/lesson_practice_screen.dart;lib/features/listening/presentation/lesson_challenge_screen.dart"
"I can play chess.","en-US","current","ready","assets/audio/CURRICULUM/2488a629b7c29ac31bb95be6.en.v1.mp3","core_en;challenge_answer_en","lib/features/listening/presentation/lesson_practice_screen.dart;lib/features/listening/presentation/lesson_challenge_screen.dart"
"I can play soccer.","en-US","current","ready","assets/audio/CURRICULUM/68a73610b8b04b3f94577408.en.v1.mp3","core_en;challenge_answer_en","lib/features/listening/presentation/lesson_practice_screen.dart;lib/features/listening/presentation/lesson_challenge_screen.dart"
"I can read.","en-US","current","ready","assets/audio/CURRICULUM/e51482d8f5f53bae121d13a6.en.v1.mp3","core_en;challenge_answer_en","lib/features/listening/presentation/lesson_practice_screen.dart;lib/features/listening/presentation/lesson_challenge_screen.dart"
"I can ride a bike.","en-US","current","ready","assets/audio/CURRICULUM/5413b13d3824e82f50da1f86.en.v1.mp3","core_en;challenge_answer_en","lib/features/listening/presentation/lesson_practice_screen.dart;lib/features/listening/presentation/lesson_challenge_screen.dart"
"I can't focus.","en-US","current","ready","assets/audio/CURRICULUM/1b84289c1d42cc35d84330d0.en.v1.mp3","core_en;challenge_answer_en","lib/features/listening/presentation/lesson_practice_screen.dart;lib/features/listening/presentation/lesson_challenge_screen.dart"
"I check my work.","en-US","current","ready","assets/audio/CURRICULUM/9440b1f6dffee6492c7ad8d5.en.v1.mp3","core_en;challenge_answer_en","lib/features/listening/presentation/lesson_practice_screen.dart;lib/features/listening/presentation/lesson_challenge_screen.dart"
"I don't agree.","en-US","current","ready","assets/audio/CURRICULUM/355323ba183a1eb4753d2d21.en.v1.mp3","core_en;challenge_answer_en","lib/features/listening/presentation/lesson_practice_screen.dart;lib/features/listening/presentation/lesson_challenge_screen.dart"
"I don't like bananas.","en-US","current","ready","assets/audio/CURRICULUM/629776e14d4df1a379a499e3.en.v1.mp3","core_en;challenge_answer_en","lib/features/listening/presentation/lesson_practice_screen.dart;lib/features/listening/presentation/lesson_challenge_screen.dart"
"I don't need it.","en-US","current","ready","assets/audio/CURRICULUM/88e6bb8137ddba42f26cb50c.en.v1.mp3","core_en;challenge_answer_en","lib/features/listening/presentation/lesson_practice_screen.dart;lib/features/listening/presentation/lesson_challenge_screen.dart"
"I exercise before dinner.","en-US","current","ready","assets/audio/CURRICULUM/3180bf6d66187c6d4c16670d.en.v1.mp3","core_en;challenge_answer_en","lib/features/listening/presentation/lesson_practice_screen.dart;lib/features/listening/presentation/lesson_challenge_screen.dart"
"I fell down.","en-US","current","ready","assets/audio/CURRICULUM/4d6656d0c339950919099a0e.en.v1.mp3","core_en;challenge_answer_en","lib/features/listening/presentation/lesson_practice_screen.dart;lib/features/listening/presentation/lesson_challenge_screen.dart"
"I forgot my homework.","en-US","current","ready","assets/audio/CURRICULUM/532c620ad9fc5f6b4438ea64.en.v1.mp3","core_en;challenge_answer_en","lib/features/listening/presentation/lesson_practice_screen.dart;lib/features/listening/presentation/lesson_challenge_screen.dart"
"I hope to travel.","en-US","current","ready","assets/audio/CURRICULUM/fe6d3177920e1af4940838fb.en.v1.mp3","core_en;challenge_answer_en","lib/features/listening/presentation/lesson_practice_screen.dart;lib/features/listening/presentation/lesson_challenge_screen.dart"
"I like apples.","en-US","current","ready","assets/audio/CURRICULUM/454f362c70439af9737b507b.en.v1.mp3","core_en;challenge_answer_en","lib/features/listening/presentation/lesson_practice_screen.dart;lib/features/listening/presentation/lesson_challenge_screen.dart"
"I like this one.","en-US","current","ready","assets/audio/CURRICULUM/50a0be7781d7a9f4dc68acb6.en.v1.mp3","core_en;challenge_answer_en","lib/features/listening/presentation/lesson_practice_screen.dart;lib/features/listening/presentation/lesson_challenge_screen.dart"
"I like this.","en-US","current","ready","assets/audio/CURRICULUM/6d6771efc148e3c483ec1822.en.v1.mp3","core_en;challenge_answer_en","lib/features/listening/presentation/lesson_practice_screen.dart;lib/features/listening/presentation/lesson_challenge_screen.dart"
"I lost my key.","en-US","current","ready","assets/audio/CURRICULUM/ad9be61ec9b18ea21e6387ca.en.v1.mp3","core_en;challenge_answer_en","lib/features/listening/presentation/lesson_practice_screen.dart;lib/features/listening/presentation/lesson_challenge_screen.dart"
"I lost my pencil.","en-US","current","ready","assets/audio/CURRICULUM/22f505a61bb0699b905db5a2.en.v1.mp3","core_en;challenge_answer_en","lib/features/listening/presentation/lesson_practice_screen.dart;lib/features/listening/presentation/lesson_challenge_screen.dart"
"I make a study plan.","en-US","current","ready","assets/audio/CURRICULUM/ad8bce3e614d7931cfe951e4.en.v1.mp3","core_en;challenge_answer_en","lib/features/listening/presentation/lesson_practice_screen.dart;lib/features/listening/presentation/lesson_challenge_screen.dart"
"I missed the bus.","en-US","current","ready","assets/audio/CURRICULUM/f23f678de7f5fd381c80a3bf.en.v1.mp3","core_en;challenge_answer_en","lib/features/listening/presentation/lesson_practice_screen.dart;lib/features/listening/presentation/lesson_challenge_screen.dart"
"I need a break.","en-US","current","ready","assets/audio/CURRICULUM/5d4331cade58e623c1c2fd41.en.v1.mp3","core_en;challenge_answer_en","lib/features/listening/presentation/lesson_practice_screen.dart;lib/features/listening/presentation/lesson_challenge_screen.dart"
"I need more sleep.","en-US","current","ready","assets/audio/CURRICULUM/244bba22256b4d50f351426c.en.v1.mp3","core_en;challenge_answer_en","lib/features/listening/presentation/lesson_practice_screen.dart;lib/features/listening/presentation/lesson_challenge_screen.dart"
"I need your help.","en-US","current","ready","assets/audio/CURRICULUM/d35cc7b6f714948ff2b67c8e.en.v1.mp3","core_en;challenge_answer_en","lib/features/listening/presentation/lesson_practice_screen.dart;lib/features/listening/presentation/lesson_challenge_screen.dart"
"I plan on Sundays.","en-US","current","ready","assets/audio/CURRICULUM/6a00c5a50cf8f171a2d5e01f.en.v1.mp3","core_en;challenge_answer_en","lib/features/listening/presentation/lesson_practice_screen.dart;lib/features/listening/presentation/lesson_challenge_screen.dart"
"I plan to exercise more.","en-US","current","ready","assets/audio/CURRICULUM/9f3ffc545c8483a325c2cc63.en.v1.mp3","core_en;challenge_answer_en","lib/features/listening/presentation/lesson_practice_screen.dart;lib/features/listening/presentation/lesson_challenge_screen.dart"
"I plan to study more.","en-US","current","ready","assets/audio/CURRICULUM/01b913bfc54e8c92b7655ce9.en.v1.mp3","core_en;challenge_answer_en","lib/features/listening/presentation/lesson_practice_screen.dart;lib/features/listening/presentation/lesson_challenge_screen.dart"
"I played soccer.","en-US","current","ready","assets/audio/CURRICULUM/19ec28ae8133cdc65dfeba87.en.v1.mp3","core_en;challenge_answer_en","lib/features/listening/presentation/lesson_practice_screen.dart;lib/features/listening/presentation/lesson_challenge_screen.dart"
"I practice English daily.","en-US","current","ready","assets/audio/CURRICULUM/bd236112952a8bd97883b6c0.en.v1.mp3","core_en;challenge_answer_en","lib/features/listening/presentation/lesson_practice_screen.dart;lib/features/listening/presentation/lesson_challenge_screen.dart"
"I prefer this one.","en-US","current","ready","assets/audio/CURRICULUM/7a15b740f8b889b3325d540b.en.v1.mp3","core_en;challenge_answer_en","lib/features/listening/presentation/lesson_practice_screen.dart;lib/features/listening/presentation/lesson_challenge_screen.dart"
"I read at night.","en-US","current","ready","assets/audio/CURRICULUM/8dd88dd6ff0ea4da32b96fc0.en.v1.mp3","core_en;challenge_answer_en","lib/features/listening/presentation/lesson_practice_screen.dart;lib/features/listening/presentation/lesson_challenge_screen.dart"
"I relax in the evening.","en-US","current","ready","assets/audio/CURRICULUM/cc2c67142955fd5135a63465.en.v1.mp3","core_en;challenge_answer_en","lib/features/listening/presentation/lesson_practice_screen.dart;lib/features/listening/presentation/lesson_challenge_screen.dart"
"I review my notes.","en-US","current","ready","assets/audio/CURRICULUM/bf0d77c07f40a9a56da09a12.en.v1.mp3","core_en;challenge_answer_en","lib/features/listening/presentation/lesson_practice_screen.dart;lib/features/listening/presentation/lesson_challenge_screen.dart"
"I ride my bike.","en-US","current","ready","assets/audio/CURRICULUM/ce10b0cad7fb20c767239b41.en.v1.mp3","core_en;challenge_answer_en","lib/features/listening/presentation/lesson_practice_screen.dart;lib/features/listening/presentation/lesson_challenge_screen.dart"
"I sleep before eleven.","en-US","current","ready","assets/audio/CURRICULUM/ad1e7774e10b0740a8744e4f.en.v1.mp3","core_en;challenge_answer_en","lib/features/listening/presentation/lesson_practice_screen.dart;lib/features/listening/presentation/lesson_challenge_screen.dart"
"I study after school.","en-US","current","ready","assets/audio/CURRICULUM/27c8e766d977135da3ae6980.en.v1.mp3","core_en;challenge_answer_en","lib/features/listening/presentation/lesson_practice_screen.dart;lib/features/listening/presentation/lesson_challenge_screen.dart"
"I take a taxi.","en-US","current","ready","assets/audio/CURRICULUM/b907570617e073b96ec98c42.en.v1.mp3","core_en;challenge_answer_en","lib/features/listening/presentation/lesson_practice_screen.dart;lib/features/listening/presentation/lesson_challenge_screen.dart"
"I take short breaks.","en-US","current","ready","assets/audio/CURRICULUM/713ff8b2fba7fbe85aca2319.en.v1.mp3","core_en;challenge_answer_en","lib/features/listening/presentation/lesson_practice_screen.dart;lib/features/listening/presentation/lesson_challenge_screen.dart"
"I take the bus.","en-US","current","ready","assets/audio/CURRICULUM/5e19eb09c630b14cb8e7d286.en.v1.mp3","core_en;challenge_answer_en","lib/features/listening/presentation/lesson_practice_screen.dart;lib/features/listening/presentation/lesson_challenge_screen.dart"
"I take the train.","en-US","current","ready","assets/audio/CURRICULUM/a5956f90eeb3dc45c619554e.en.v1.mp3","core_en;challenge_answer_en","lib/features/listening/presentation/lesson_practice_screen.dart;lib/features/listening/presentation/lesson_challenge_screen.dart"
"I think it's useful.","en-US","current","ready","assets/audio/CURRICULUM/11485adfcef85f7a06a09f37.en.v1.mp3","core_en;challenge_answer_en","lib/features/listening/presentation/lesson_practice_screen.dart;lib/features/listening/presentation/lesson_challenge_screen.dart"
"I visited Grandma.","en-US","current","ready","assets/audio/CURRICULUM/0f369210a6769e0dd739230f.en.v1.mp3","core_en;challenge_answer_en","lib/features/listening/presentation/lesson_practice_screen.dart;lib/features/listening/presentation/lesson_challenge_screen.dart"
"I walk to school.","en-US","current","ready","assets/audio/CURRICULUM/83a5efce72c9cb081d703106.en.v1.mp3","core_en;challenge_answer_en","lib/features/listening/presentation/lesson_practice_screen.dart;lib/features/listening/presentation/lesson_challenge_screen.dart"
"I want this one.","en-US","current","ready","assets/audio/CURRICULUM/a0f7d8b534360f61cf20a053.en.v1.mp3","core_en;challenge_answer_en","lib/features/listening/presentation/lesson_practice_screen.dart;lib/features/listening/presentation/lesson_challenge_screen.dart"
"I want to join a club.","en-US","current","ready","assets/audio/CURRICULUM/614ab8d18556910bb7444590.en.v1.mp3","core_en;challenge_answer_en","lib/features/listening/presentation/lesson_practice_screen.dart;lib/features/listening/presentation/lesson_challenge_screen.dart"
"I want to learn coding.","en-US","current","ready","assets/audio/CURRICULUM/fa14ba3c3bd35eed78699749.en.v1.mp3","core_en;challenge_answer_en","lib/features/listening/presentation/lesson_practice_screen.dart;lib/features/listening/presentation/lesson_challenge_screen.dart"
"I want to save money.","en-US","current","ready","assets/audio/CURRICULUM/7ba086313f3a56475c4259f7.en.v1.mp3","core_en;challenge_answer_en","lib/features/listening/presentation/lesson_practice_screen.dart;lib/features/listening/presentation/lesson_challenge_screen.dart"
"I watched TV.","en-US","current","ready","assets/audio/CURRICULUM/de659589cdd13188c2631636.en.v1.mp3","core_en;challenge_answer_en","lib/features/listening/presentation/lesson_practice_screen.dart;lib/features/listening/presentation/lesson_challenge_screen.dart"
"I work well in teams.","en-US","current","ready","assets/audio/CURRICULUM/4e371324e2256e36080cccc1.en.v1.mp3","core_en;challenge_answer_en","lib/features/listening/presentation/lesson_practice_screen.dart;lib/features/listening/presentation/lesson_challenge_screen.dart"
"I. Ice cream.","en-US","current","ready","assets/audio/CURRICULUM/ab9ebae523fac1846020ab2c.en.v1.mp3","core_en","lib/features/listening/presentation/lesson_practice_screen.dart"
"I. Insect.","en-US","current","ready","assets/audio/CURRICULUM/8b1d773cd4156c5405bdd530.en.v1.mp3","core_en","lib/features/listening/presentation/lesson_practice_screen.dart"
"I'd like noodles.","en-US","current","ready","assets/audio/CURRICULUM/4a2990a4386c324958ff653f.en.v1.mp3","core_en;challenge_answer_en","lib/features/listening/presentation/lesson_practice_screen.dart;lib/features/listening/presentation/lesson_challenge_screen.dart"
"I'd love to.","en-US","current","ready","assets/audio/CURRICULUM/629b2000eff67e7502439f67.en.v1.mp3","core_en;challenge_answer_en","lib/features/listening/presentation/lesson_practice_screen.dart;lib/features/listening/presentation/lesson_challenge_screen.dart"
"I'll ask for advice.","en-US","current","ready","assets/audio/CURRICULUM/f5ecd1d29cf4052e02d178a0.en.v1.mp3","core_en;challenge_answer_en","lib/features/listening/presentation/lesson_practice_screen.dart;lib/features/listening/presentation/lesson_challenge_screen.dart"
"I'll choose this one.","en-US","current","ready","assets/audio/CURRICULUM/65be7dc371839196ad7d7045.en.v1.mp3","core_en;challenge_answer_en","lib/features/listening/presentation/lesson_practice_screen.dart;lib/features/listening/presentation/lesson_challenge_screen.dart"
"I'll join a class.","en-US","current","ready","assets/audio/CURRICULUM/e41adf097fead5efbb456aba.en.v1.mp3","core_en;challenge_answer_en","lib/features/listening/presentation/lesson_practice_screen.dart;lib/features/listening/presentation/lesson_challenge_screen.dart"
"I'll make a plan.","en-US","current","ready","assets/audio/CURRICULUM/97e1795c80620e191f141dce.en.v1.mp3","core_en;challenge_answer_en","lib/features/listening/presentation/lesson_practice_screen.dart;lib/features/listening/presentation/lesson_challenge_screen.dart"
"I'll practice every day.","en-US","current","ready","assets/audio/CURRICULUM/db3c59dba7a3a588f923931f.en.v1.mp3","core_en;challenge_answer_en","lib/features/listening/presentation/lesson_practice_screen.dart;lib/features/listening/presentation/lesson_challenge_screen.dart"
"I'll save my money.","en-US","current","ready","assets/audio/CURRICULUM/895adf5f28895e2708ac29dd.en.v1.mp3","core_en;challenge_answer_en","lib/features/listening/presentation/lesson_practice_screen.dart;lib/features/listening/presentation/lesson_challenge_screen.dart"
"I'll start this week.","en-US","current","ready","assets/audio/CURRICULUM/31e25b57fe79107f1e7b98ee.en.v1.mp3","core_en;challenge_answer_en","lib/features/listening/presentation/lesson_practice_screen.dart;lib/features/listening/presentation/lesson_challenge_screen.dart"
"I'll take this one.","en-US","current","ready","assets/audio/CURRICULUM/4bfd1d25c0a64664b8107bda.en.v1.mp3","core_en;challenge_answer_en","lib/features/listening/presentation/lesson_practice_screen.dart;lib/features/listening/presentation/lesson_challenge_screen.dart"
"I'll think about it.","en-US","current","ready","assets/audio/CURRICULUM/f95bc536479dfd7d54567aa3.en.v1.mp3","core_en;challenge_answer_en","lib/features/listening/presentation/lesson_practice_screen.dart;lib/features/listening/presentation/lesson_challenge_screen.dart"
"I'm angry.","en-US","current","ready","assets/audio/CURRICULUM/f35fd2f61bedac94805ef260.en.v1.mp3","core_en;challenge_answer_en","lib/features/listening/presentation/lesson_practice_screen.dart;lib/features/listening/presentation/lesson_challenge_screen.dart"
"I'm good at drawing.","en-US","current","ready","assets/audio/CURRICULUM/99fbc5038ed3d4416530136f.en.v1.mp3","core_en;challenge_answer_en","lib/features/listening/presentation/lesson_practice_screen.dart;lib/features/listening/presentation/lesson_challenge_screen.dart"
"I'm good at remembering words.","en-US","current","ready","assets/audio/CURRICULUM/ff7d608e56838e73e2058ba8.en.v1.mp3","core_en;challenge_answer_en","lib/features/listening/presentation/lesson_practice_screen.dart;lib/features/listening/presentation/lesson_challenge_screen.dart"
"I'm good at solving problems.","en-US","current","ready","assets/audio/CURRICULUM/31a2310ad04b215b6ad55bad.en.v1.mp3","core_en;challenge_answer_en","lib/features/listening/presentation/lesson_practice_screen.dart;lib/features/listening/presentation/lesson_challenge_screen.dart"
"I'm good at sports.","en-US","current","ready","assets/audio/CURRICULUM/d4bab0f033979b124834226c.en.v1.mp3","core_en;challenge_answer_en","lib/features/listening/presentation/lesson_practice_screen.dart;lib/features/listening/presentation/lesson_challenge_screen.dart"
"I'm happy.","en-US","current","ready","assets/audio/CURRICULUM/f710c9517e48f6cc1fff3ad7.en.v1.mp3","core_en;challenge_answer_en","lib/features/listening/presentation/lesson_practice_screen.dart;lib/features/listening/presentation/lesson_challenge_screen.dart"
"I'm late for class.","en-US","current","ready","assets/audio/CURRICULUM/dd5209ebd80ce09773ac10cf.en.v1.mp3","core_en;challenge_answer_en","lib/features/listening/presentation/lesson_practice_screen.dart;lib/features/listening/presentation/lesson_challenge_screen.dart"
"I'm not sure.","en-US","current","ready","assets/audio/CURRICULUM/2797d4274c3a445ad6232ac8.en.v1.mp3","core_en;challenge_answer_en","lib/features/listening/presentation/lesson_practice_screen.dart;lib/features/listening/presentation/lesson_challenge_screen.dart"
"I'm sad.","en-US","current","ready","assets/audio/CURRICULUM/996004c7077be3e600ed9dbd.en.v1.mp3","core_en;challenge_answer_en","lib/features/listening/presentation/lesson_practice_screen.dart;lib/features/listening/presentation/lesson_challenge_screen.dart"
"I'm stressed.","en-US","current","ready","assets/audio/CURRICULUM/142fe952deae5ab35a5537be.en.v1.mp3","core_en;challenge_answer_en","lib/features/listening/presentation/lesson_practice_screen.dart;lib/features/listening/presentation/lesson_challenge_screen.dart"
"I'm tired.","en-US","current","ready","assets/audio/CURRICULUM/27a21f862cca7298025e9870.en.v1.mp3","core_en;challenge_answer_en","lib/features/listening/presentation/lesson_practice_screen.dart;lib/features/listening/presentation/lesson_challenge_screen.dart"
"I'm worried.","en-US","current","ready","assets/audio/CURRICULUM/7e3433e2437e997e7b9021c1.en.v1.mp3","core_en;challenge_answer_en","lib/features/listening/presentation/lesson_practice_screen.dart;lib/features/listening/presentation/lesson_challenge_screen.dart"
"Ice cream.","en-US","current","ready","assets/audio/CURRICULUM/50c240de2214f83aaeab59ff.en.v1.mp3","challenge_answer_en","lib/features/listening/presentation/lesson_challenge_screen.dart"
"Improve my English.","en-US","current","ready","assets/audio/CURRICULUM/a3d81522bab741814d8bdb2b.en.v1.mp3","core_en;challenge_answer_en","lib/features/listening/presentation/lesson_practice_screen.dart;lib/features/listening/presentation/lesson_challenge_screen.dart"
"In the evening.","en-US","current","ready","assets/audio/CURRICULUM/2f785a06f153470580c1bb6b.en.v1.mp3","core_en;challenge_answer_en","lib/features/listening/presentation/lesson_practice_screen.dart;lib/features/listening/presentation/lesson_challenge_screen.dart"
"Insect.","en-US","current","ready","assets/audio/CURRICULUM/bddaf4f00886bb45527c4d7b.en.v1.mp3","challenge_answer_en","lib/features/listening/presentation/lesson_challenge_screen.dart"
"Is it worth it?","en-US","current","ready","assets/audio/CURRICULUM/300421e21e5124e9bdeb5f53.en.v1.mp3","core_en;challenge_answer_en","lib/features/listening/presentation/lesson_practice_screen.dart;lib/features/listening/presentation/lesson_challenge_screen.dart"
"Is there a cheaper one?","en-US","current","ready","assets/audio/CURRICULUM/406cd71f54bfd2f6487dab7d.en.v1.mp3","core_en;challenge_answer_en","lib/features/listening/presentation/lesson_practice_screen.dart;lib/features/listening/presentation/lesson_challenge_screen.dart"
"It fits my budget.","en-US","current","ready","assets/audio/CURRICULUM/2c8cc681c229911d070f1689.en.v1.mp3","core_en;challenge_answer_en","lib/features/listening/presentation/lesson_practice_screen.dart;lib/features/listening/presentation/lesson_challenge_screen.dart"
"It's a bird.","en-US","current","ready","assets/audio/CURRICULUM/4dcb493bbefd08e694ed9e49.en.v1.mp3","core_en;challenge_answer_en","lib/features/listening/presentation/lesson_practice_screen.dart;lib/features/listening/presentation/lesson_challenge_screen.dart"
"It's a cat hay It's a dog?","vi-VN","audio_catalog_only","ready","assets/audio/CURRICULUM/9b8b1f671fcd1f0c6b469900.vi.v1.mp3","audio_not_traced","assets/data/curriculum_audio.json"
"It's a cat.","en-US","current","ready","assets/audio/CURRICULUM/ff4c4a3ed9bc96727917f60a.en.v1.mp3","core_en;challenge_answer_en","lib/features/listening/presentation/lesson_practice_screen.dart;lib/features/listening/presentation/lesson_challenge_screen.dart"
"It's a circle.","en-US","current","ready","assets/audio/CURRICULUM/345569c4876ac3eb1888596f.en.v1.mp3","core_en;challenge_answer_en","lib/features/listening/presentation/lesson_practice_screen.dart;lib/features/listening/presentation/lesson_challenge_screen.dart"
"It's a cow hay It's a duck?","vi-VN","audio_catalog_only","ready","assets/audio/CURRICULUM/81e8eeebc9737c119e1f1690.vi.v1.mp3","audio_not_traced","assets/data/curriculum_audio.json"
"It's a cow.","en-US","current","ready","assets/audio/CURRICULUM/31ac9d1d27abadd1adba5a8b.en.v1.mp3","core_en;challenge_answer_en","lib/features/listening/presentation/lesson_practice_screen.dart;lib/features/listening/presentation/lesson_challenge_screen.dart"
"It's a dog hay It's a bird?","vi-VN","audio_catalog_only","ready","assets/audio/CURRICULUM/2177f3f21be6ecf93d15530a.vi.v1.mp3","audio_not_traced","assets/data/curriculum_audio.json"
"It's a dog.","en-US","current","ready","assets/audio/CURRICULUM/d1126e04ce40626e8fac7eb0.en.v1.mp3","core_en;challenge_answer_en","lib/features/listening/presentation/lesson_practice_screen.dart;lib/features/listening/presentation/lesson_challenge_screen.dart"
"It's a duck.","en-US","current","ready","assets/audio/CURRICULUM/a698675faf0eedfcb659a96e.en.v1.mp3","core_en;challenge_answer_en","lib/features/listening/presentation/lesson_practice_screen.dart;lib/features/listening/presentation/lesson_challenge_screen.dart"
"It's a square.","en-US","current","ready","assets/audio/CURRICULUM/21e46892541b67d93c752920.en.v1.mp3","core_en;challenge_answer_en","lib/features/listening/presentation/lesson_practice_screen.dart;lib/features/listening/presentation/lesson_challenge_screen.dart"
"It's a star.","en-US","current","ready","assets/audio/CURRICULUM/873791a25cfa59fa2c4f1c8e.en.v1.mp3","core_en;challenge_answer_en","lib/features/listening/presentation/lesson_practice_screen.dart;lib/features/listening/presentation/lesson_challenge_screen.dart"
"It's a triangle.","en-US","current","ready","assets/audio/CURRICULUM/7ae632e8e4065e7764115407.en.v1.mp3","core_en;challenge_answer_en","lib/features/listening/presentation/lesson_practice_screen.dart;lib/features/listening/presentation/lesson_challenge_screen.dart"
"It's black.","en-US","current","ready","assets/audio/CURRICULUM/5dc875ec3594a0470399f475.en.v1.mp3","core_en;challenge_answer_en","lib/features/listening/presentation/lesson_practice_screen.dart;lib/features/listening/presentation/lesson_challenge_screen.dart"
"It's blue.","en-US","current","ready","assets/audio/CURRICULUM/cbeda69834cc6080c1bc8876.en.v1.mp3","core_en;challenge_answer_en","lib/features/listening/presentation/lesson_practice_screen.dart;lib/features/listening/presentation/lesson_challenge_screen.dart"
"It's cheap.","en-US","current","ready","assets/audio/CURRICULUM/51a0a351dcbdf3f0fc376dbb.en.v1.mp3","core_en;challenge_answer_en","lib/features/listening/presentation/lesson_practice_screen.dart;lib/features/listening/presentation/lesson_challenge_screen.dart"
"It's expensive.","en-US","current","ready","assets/audio/CURRICULUM/8496947d8079d2ba7796a5f4.en.v1.mp3","core_en;challenge_answer_en","lib/features/listening/presentation/lesson_practice_screen.dart;lib/features/listening/presentation/lesson_challenge_screen.dart"
"It's green.","en-US","current","ready","assets/audio/CURRICULUM/ca53197e1b9234d791b3130a.en.v1.mp3","core_en;challenge_answer_en","lib/features/listening/presentation/lesson_practice_screen.dart;lib/features/listening/presentation/lesson_challenge_screen.dart"
"It's more useful.","en-US","current","ready","assets/audio/CURRICULUM/47120a1ef382f9caaf4866cc.en.v1.mp3","core_en;challenge_answer_en","lib/features/listening/presentation/lesson_practice_screen.dart;lib/features/listening/presentation/lesson_challenge_screen.dart"
"It's red.","en-US","current","ready","assets/audio/CURRICULUM/47f92327ccf43de5fc99c77a.en.v1.mp3","core_en;challenge_answer_en","lib/features/listening/presentation/lesson_practice_screen.dart;lib/features/listening/presentation/lesson_challenge_screen.dart"
"It's too expensive.","en-US","current","ready","assets/audio/CURRICULUM/6616f74db430e414175f6f5d.en.v1.mp3","core_en;challenge_answer_en","lib/features/listening/presentation/lesson_practice_screen.dart;lib/features/listening/presentation/lesson_challenge_screen.dart"
"It's twenty dollars.","en-US","current","ready","assets/audio/CURRICULUM/e963d2e6a906608b480fcdbc.en.v1.mp3","core_en;challenge_answer_en","lib/features/listening/presentation/lesson_practice_screen.dart;lib/features/listening/presentation/lesson_challenge_screen.dart"
"It's white.","en-US","current","ready","assets/audio/CURRICULUM/0c0b7b3667964a1c5866a701.en.v1.mp3","core_en;challenge_answer_en","lib/features/listening/presentation/lesson_practice_screen.dart;lib/features/listening/presentation/lesson_challenge_screen.dart"
"It's yellow.","en-US","current","ready","assets/audio/CURRICULUM/5bbf0198507f174761ed9d86.en.v1.mp3","core_en;challenge_answer_en","lib/features/listening/presentation/lesson_practice_screen.dart;lib/features/listening/presentation/lesson_challenge_screen.dart"
"J. Jacket.","en-US","current","ready","assets/audio/CURRICULUM/cd82ba6ae7db196df238f74f.en.v1.mp3","core_en","lib/features/listening/presentation/lesson_practice_screen.dart"
"J. Juice.","en-US","current","ready","assets/audio/CURRICULUM/fbe47d16267353d7bf88d2b9.en.v1.mp3","core_en","lib/features/listening/presentation/lesson_practice_screen.dart"
"Jacket.","en-US","current","ready","assets/audio/CURRICULUM/52242bfd7fb20ef1cd1e2260.en.v1.mp3","core_en;challenge_answer_en","lib/features/listening/presentation/lesson_practice_screen.dart;lib/features/listening/presentation/lesson_challenge_screen.dart"
"Juice.","en-US","current","ready","assets/audio/CURRICULUM/ac8ae68767ab01ffa1202000.en.v1.mp3","challenge_answer_en","lib/features/listening/presentation/lesson_challenge_screen.dart"
"K. Key.","en-US","current","ready","assets/audio/CURRICULUM/693c78fc5ebe52b10e9774d8.en.v1.mp3","core_en","lib/features/listening/presentation/lesson_practice_screen.dart"
"K. Kite.","en-US","current","ready","assets/audio/CURRICULUM/18a89eaa9b142f1a65fc9a79.en.v1.mp3","core_en","lib/features/listening/presentation/lesson_practice_screen.dart"
"Keep passwords private.","en-US","current","ready","assets/audio/CURRICULUM/dadfff648279fdf871ff973e.en.v1.mp3","core_en;challenge_answer_en","lib/features/listening/presentation/lesson_practice_screen.dart;lib/features/listening/presentation/lesson_challenge_screen.dart"
"Keep practicing.","en-US","current","ready","assets/audio/CURRICULUM/dc2ae016b80e0c2fabd52d78.en.v1.mp3","core_en;challenge_answer_en","lib/features/listening/presentation/lesson_practice_screen.dart;lib/features/listening/presentation/lesson_challenge_screen.dart"
"Keep your account private.","en-US","current","ready","assets/audio/CURRICULUM/2497acac2225ce33367120f0.en.v1.mp3","core_en;challenge_answer_en","lib/features/listening/presentation/lesson_practice_screen.dart;lib/features/listening/presentation/lesson_challenge_screen.dart"
"Kem: Ice cream hay Apple?","vi-VN","current","ready","assets/audio/CURRICULUM/cb2ccfc3fdc0664dec910452.vi.v1.mp3","challenge_question","lib/features/listening/presentation/lesson_challenge_screen.dart"
"Kem.","vi-VN","current;catalog_only","ready","assets/audio/CURRICULUM/da4ebe9729687c59c2383205.vi.v1.mp3","core_vi;challenge_answer_vi","lib/features/listening/presentation/lesson_practice_screen.dart;assets/data/listening_lessons.json"
"Key.","en-US","current","ready","assets/audio/CURRICULUM/7bbe366dcc3b11fa2525869d.en.v1.mp3","challenge_answer_en","lib/features/listening/presentation/lesson_challenge_screen.dart"
"Khỉ có thể leo trèo: Monkeys can climb hay Rabbits can jump?","vi-VN","current","ready","assets/audio/CURRICULUM/dedea91a7351596c4e361455.vi.v1.mp3","challenge_question","lib/features/listening/presentation/lesson_challenge_screen.dart"
"Khỉ có thể leo trèo.","vi-VN","current;catalog_only","ready","assets/audio/CURRICULUM/fd8a0a3a65de11708f7de301.vi.v1.mp3","core_vi;challenge_answer_vi","lib/features/listening/presentation/lesson_practice_screen.dart;assets/data/listening_lessons.json"
"Khi sẵn sàng, bạn nhấn nút gọi HOMI nhé.","vi-VN","current;catalog_only","ready","assets/audio/MAIN/AI-003.vi.v1.mp3","main_silence;assistant_catalog","lib/features/voice_navigation/application/main_voice_assistant_flow.dart;lib/features/voice_navigation/domain/homi_fallback_catalog.dart"
"Khóa vòi nước: Use both sides hay Close the tap?","vi-VN","current","ready","assets/audio/CURRICULUM/23cb04e532755c48f2162253.vi.v1.mp3","challenge_question","lib/features/listening/presentation/lesson_challenge_screen.dart"
"Khóa vòi nước.","vi-VN","current;catalog_only","ready","assets/audio/CURRICULUM/a1fb996e300fae71846bd3fb.vi.v1.mp3","core_vi;challenge_answer_vi","lib/features/listening/presentation/lesson_practice_screen.dart;assets/data/listening_lessons.json"
"Không bấm link: Don't share photos hay Don't click links?","vi-VN","audio_catalog_only","ready","assets/audio/CURRICULUM/0957a870c06296093674ffd6.vi.v1.mp3","audio_not_traced","assets/data/curriculum_audio.json"
"Không bấm link.","vi-VN","current;catalog_only","ready","assets/audio/CURRICULUM/231eb5ea9821b30ee5c16281.vi.v1.mp3","core_vi;challenge_answer_vi","lib/features/listening/presentation/lesson_practice_screen.dart;assets/data/listening_lessons.json"
"Không chia sẻ ảnh: Don't share photos hay Block strangers?","vi-VN","current","ready","assets/audio/CURRICULUM/9b5da835fbff4f1ec589d818.vi.v1.mp3","challenge_question","lib/features/listening/presentation/lesson_challenge_screen.dart"
"Không chia sẻ ảnh.","vi-VN","current;catalog_only","ready","assets/audio/CURRICULUM/aa9d6fc568c0ce1719e12e80.vi.v1.mp3","core_vi;challenge_answer_vi","lib/features/listening/presentation/lesson_practice_screen.dart;assets/data/listening_lessons.json"
"Không chia sẻ số điện thoại: Don't share your number hay Block unknown users?","vi-VN","current","ready","assets/audio/CURRICULUM/38e336968189fd402c25e6b1.vi.v1.mp3","challenge_question","lib/features/listening/presentation/lesson_challenge_screen.dart"
"Không chia sẻ số điện thoại.","vi-VN","current;catalog_only","ready","assets/audio/CURRICULUM/7bbdd7e7b75c4929caa2d2d2.vi.v1.mp3","core_vi;challenge_answer_vi","lib/features/listening/presentation/lesson_practice_screen.dart;assets/data/listening_lessons.json"
"Không chia sẻ vị trí: Don't post your address hay Don't share your location?","vi-VN","audio_catalog_only","ready","assets/audio/CURRICULUM/248f8d3a26071247970fbc79.vi.v1.mp3","audio_not_traced","assets/data/curriculum_audio.json"
"Không chia sẻ vị trí.","vi-VN","current;catalog_only","ready","assets/audio/CURRICULUM/417154d9aa93e85e5b7d29c9.vi.v1.mp3","core_vi;challenge_answer_vi","lib/features/listening/presentation/lesson_practice_screen.dart;assets/data/listening_lessons.json"
"Không có nội dung cần luyện lại. Bạn muốn học phần Ba mẹ đã thêm hay Ngôi sao?","vi-VN","current","ready","assets/audio/MAIN/RUN-063.vi.v1.mp3","vocabulary_guidance","lib/features/vocabulary/domain/vocabulary_flow_v3.dart"
"Không đăng địa chỉ: Don't post your address hay Keep your account private?","vi-VN","current","ready","assets/audio/CURRICULUM/767f66967af7bb41fa8182d9.vi.v1.mp3","challenge_question","lib/features/listening/presentation/lesson_challenge_screen.dart"
"Không đăng địa chỉ.","vi-VN","current;catalog_only","ready","assets/audio/CURRICULUM/04a69fed4b70216874b30db2.vi.v1.mp3","core_vi;challenge_answer_vi","lib/features/listening/presentation/lesson_practice_screen.dart;assets/data/listening_lessons.json"
"Không, cảm ơn bạn: No, thank you hay Let's play?","vi-VN","current","ready","assets/audio/CURRICULUM/b08682b01cfac88dd3c90d21.vi.v1.mp3","challenge_question","lib/features/listening/presentation/lesson_challenge_screen.dart"
"Không, cảm ơn bạn: No, thank you hay This one?","vi-VN","current","ready","assets/audio/CURRICULUM/8b65bce47e5902c94b8fb15b.vi.v1.mp3","challenge_question","lib/features/listening/presentation/lesson_challenge_screen.dart"
"Không, cảm ơn bạn.","vi-VN","current;catalog_only","ready","assets/audio/CURRICULUM/3926ca340b8cb2223ed8cd2d.vi.v1.mp3","core_vi;challenge_answer_vi","lib/features/listening/presentation/lesson_practice_screen.dart;assets/data/listening_lessons.json"
"Không, mình không thích: No, I don't hay I like apples?","vi-VN","current","ready","assets/audio/CURRICULUM/379f6a0607cd2de5ad32a41a.vi.v1.mp3","challenge_question","lib/features/listening/presentation/lesson_challenge_screen.dart"
"Không, mình không thích.","vi-VN","current;catalog_only","ready","assets/audio/CURRICULUM/87888f95af5d14860ee25b66.vi.v1.mp3","core_vi;challenge_answer_vi","lib/features/listening/presentation/lesson_practice_screen.dart;assets/data/listening_lessons.json"
"Khởi hành.","vi-VN","current;catalog_only","ready","assets/audio/CURRICULUM/5d878f51fed6a7c744dfb3d6.vi.v1.mp3","core_vi;challenge_answer_vi","lib/features/listening/presentation/lesson_practice_screen.dart;assets/data/listening_lessons.json"
"Khuỵu đầu gối: Stamp your feet hay Bend your knees?","vi-VN","current","ready","assets/audio/CURRICULUM/e6848a533f9f61a8dae122e9.vi.v1.mp3","challenge_question","lib/features/listening/presentation/lesson_challenge_screen.dart"
"Khuỵu đầu gối.","vi-VN","current;catalog_only","ready","assets/audio/CURRICULUM/ec9e6d5591914b68ef8fa90b.vi.v1.mp3","core_vi;challenge_answer_vi","lib/features/listening/presentation/lesson_practice_screen.dart;assets/data/listening_lessons.json"
"Kiểm tra bài làm: Check my work hay Review notes?","vi-VN","current","ready","assets/audio/CURRICULUM/a7efbf296f811634ae46e7e7.vi.v1.mp3","challenge_question","lib/features/listening/presentation/lesson_challenge_screen.dart"
"Kiểm tra bài làm.","vi-VN","current;catalog_only","ready","assets/audio/CURRICULUM/e3680bef136ed0998534669e.vi.v1.mp3","core_vi;challenge_answer_vi","lib/features/listening/presentation/lesson_practice_screen.dart;assets/data/listening_lessons.json"
"Kiểm tra lại cặp đi: Check your bag again hay Ask the teacher?","vi-VN","current","ready","assets/audio/CURRICULUM/a971efb719fadeec08229891.vi.v1.mp3","challenge_question","lib/features/listening/presentation/lesson_challenge_screen.dart"
"Kiểm tra lại cặp đi.","vi-VN","current;catalog_only","ready","assets/audio/CURRICULUM/3978e09d52c9b4084c334337.vi.v1.mp3","core_vi;challenge_answer_vi","lib/features/listening/presentation/lesson_practice_screen.dart;assets/data/listening_lessons.json"
"Kiểm tra tiến bộ: Check my progress hay Keep practicing?","vi-VN","current","ready","assets/audio/CURRICULUM/cc5b6b7dad6c6d8ccddda7dc.vi.v1.mp3","challenge_question","lib/features/listening/presentation/lesson_challenge_screen.dart"
"Kiểm tra tiến bộ.","vi-VN","current;catalog_only","ready","assets/audio/CURRICULUM/9af2ae5c8c3798b24a976aca.vi.v1.mp3","core_vi;challenge_answer_vi","lib/features/listening/presentation/lesson_practice_screen.dart;assets/data/listening_lessons.json"
"Kite.","en-US","current","ready","assets/audio/CURRICULUM/f7ab3a0e5b44d19397677128.en.v1.mp3","challenge_answer_en","lib/features/listening/presentation/lesson_challenge_screen.dart"
"L. Lamp.","en-US","current","ready","assets/audio/CURRICULUM/fc9bdf1baafb75437c6dfbd7.en.v1.mp3","core_en","lib/features/listening/presentation/lesson_practice_screen.dart"
"L. Lion.","en-US","current","ready","assets/audio/CURRICULUM/b95fcb0d706de602dd66e7af.en.v1.mp3","core_en","lib/features/listening/presentation/lesson_practice_screen.dart"
"Làm bài sau giờ học: Homework after school hay Sports on Saturday?","vi-VN","audio_catalog_only","ready","assets/audio/CURRICULUM/a0e902f37371d5c13a5ea11e.vi.v1.mp3","audio_not_traced","assets/data/curriculum_audio.json"
"Làm bài sau giờ học.","vi-VN","current;catalog_only","ready","assets/audio/CURRICULUM/2c17dfc236e7272f75be1823.vi.v1.mp3","core_vi;challenge_answer_vi","lib/features/listening/presentation/lesson_practice_screen.dart;assets/data/listening_lessons.json"
"Làm bài tập: Do homework hay Play sports?","vi-VN","audio_catalog_only","ready","assets/audio/CURRICULUM/c02b80364bedb34e1ac5bb6a.vi.v1.mp3","audio_not_traced","assets/data/curriculum_audio.json"
"Làm bài tập: Do homework hay Take photos?","vi-VN","audio_catalog_only","ready","assets/audio/CURRICULUM/d12b5fde307778a5b17fb2c1.vi.v1.mp3","audio_not_traced","assets/data/curriculum_audio.json"
"Làm bài tập.","vi-VN","current;catalog_only","ready","assets/audio/CURRICULUM/d70e6567c15f8107fa16050f.vi.v1.mp3","core_vi;challenge_answer_vi","lib/features/listening/presentation/lesson_practice_screen.dart;assets/data/listening_lessons.json"
"Làm ơn chờ ở đây: I need your help hay Please wait here?","vi-VN","current","ready","assets/audio/CURRICULUM/8f5ee3dc4451a0e7bd6a9e45.vi.v1.mp3","challenge_question","lib/features/listening/presentation/lesson_challenge_screen.dart"
"Làm ơn chờ ở đây.","vi-VN","current;catalog_only","ready","assets/audio/CURRICULUM/740c1ba8ad575fb8d59c3fc6.vi.v1.mp3","core_vi;challenge_answer_vi","lib/features/listening/presentation/lesson_practice_screen.dart;assets/data/listening_lessons.json"
"Làm ơn gọi cho ba mình: Please call my Dad hay Please wait here?","vi-VN","current","ready","assets/audio/CURRICULUM/6e359cc97138ed65dda815c1.vi.v1.mp3","challenge_question","lib/features/listening/presentation/lesson_challenge_screen.dart"
"Làm ơn gọi cho ba mình.","vi-VN","current;catalog_only","ready","assets/audio/CURRICULUM/2e2359c0ea4a24d70e6eba37.vi.v1.mp3","core_vi;challenge_answer_vi","lib/features/listening/presentation/lesson_practice_screen.dart;assets/data/listening_lessons.json"
"Làm sao học tập trung hơn?","vi-VN","current","ready","assets/audio/CURRICULUM/ef3032a0dd26d8b63ccfe3f1.vi.v1.mp3","lesson_intro_clip","lib/features/listening/presentation/lesson_intro_screen.dart"
"Làm việc nhóm: Work in teams hay Draw well?","vi-VN","current","ready","assets/audio/CURRICULUM/4a56865f65625e6ed24041e2.vi.v1.mp3","challenge_question","lib/features/listening/presentation/lesson_challenge_screen.dart"
"Làm việc nhóm.","vi-VN","current;catalog_only","ready","assets/audio/CURRICULUM/2f7a14d34d982cfd8af7c880.vi.v1.mp3","core_vi;challenge_answer_vi","lib/features/listening/presentation/lesson_practice_screen.dart;assets/data/listening_lessons.json"
"Lamp.","en-US","current","ready","assets/audio/CURRICULUM/6269be8177e27ed8df1837bb.en.v1.mp3","challenge_answer_en","lib/features/listening/presentation/lesson_challenge_screen.dart"
"Lạnh: Sunny hay Cold?","vi-VN","current","ready","assets/audio/CURRICULUM/72172456cf8449e58585e480.vi.v1.mp3","challenge_question","lib/features/listening/presentation/lesson_challenge_screen.dart"
"Lạnh.","vi-VN","current;catalog_only","ready","assets/audio/CURRICULUM/b05f41d971719a1db81382c8.vi.v1.mp3","core_vi;challenge_answer_vi","lib/features/listening/presentation/lesson_practice_screen.dart;assets/data/listening_lessons.json"
"Lập kế hoạch: Practice English hay Make a plan?","vi-VN","audio_catalog_only","ready","assets/audio/CURRICULUM/abb0abe771b6eeedd67f3517.vi.v1.mp3","audio_not_traced","assets/data/curriculum_audio.json"
"Lập kế hoạch.","vi-VN","current;catalog_only","ready","assets/audio/CURRICULUM/4f031d9412d04eff9a024ca3.vi.v1.mp3","core_vi;challenge_answer_vi","lib/features/listening/presentation/lesson_practice_screen.dart;assets/data/listening_lessons.json"
"Lấy bút chì: Sit down hay Take your pencil?","vi-VN","current","ready","assets/audio/CURRICULUM/775fc212d88f51487b8a92e4.vi.v1.mp3","challenge_question","lib/features/listening/presentation/lesson_challenge_screen.dart"
"Lấy bút chì.","vi-VN","current;catalog_only","ready","assets/audio/CURRICULUM/e6f756174eaee9f1cb9c3668.vi.v1.mp3","core_vi;challenge_answer_vi","lib/features/listening/presentation/lesson_practice_screen.dart;assets/data/listening_lessons.json"
"Learn more words.","en-US","current","ready","assets/audio/CURRICULUM/517027125bba55d507799773.en.v1.mp3","core_en;challenge_answer_en","lib/features/listening/presentation/lesson_practice_screen.dart;lib/features/listening/presentation/lesson_challenge_screen.dart"
"Let's eat!","en-US","current","ready","assets/audio/CURRICULUM/ca2a33aabf3c53f9988ad177.en.v1.mp3","core_en;challenge_answer_en","lib/features/listening/presentation/lesson_practice_screen.dart;lib/features/listening/presentation/lesson_challenge_screen.dart"
"Let's meet at the park.","en-US","current","ready","assets/audio/CURRICULUM/d71f58c275b81fccc31913c3.en.v1.mp3","core_en;challenge_answer_en","lib/features/listening/presentation/lesson_practice_screen.dart;lib/features/listening/presentation/lesson_challenge_screen.dart"
"Let's meet at three.","en-US","current","ready","assets/audio/CURRICULUM/bf7b8fa8adcafce75e0a3a95.en.v1.mp3","core_en;challenge_answer_en","lib/features/listening/presentation/lesson_practice_screen.dart;lib/features/listening/presentation/lesson_challenge_screen.dart"
"Let's play!","en-US","current","ready","assets/audio/CURRICULUM/8830d80fc8d6077d3726ee85.en.v1.mp3","core_en;challenge_answer_en","lib/features/listening/presentation/lesson_practice_screen.dart;lib/features/listening/presentation/lesson_challenge_screen.dart"
"Let's play.","en-US","current","ready","assets/audio/CURRICULUM/18f92c4013e327e015ecf71f.en.v1.mp3","core_en;challenge_answer_en","lib/features/listening/presentation/lesson_practice_screen.dart;lib/features/listening/presentation/lesson_challenge_screen.dart"
"Level này có 3 Chủ đề. Bạn chọn lại nhé.","vi-VN","current","ready","assets/audio/CURRICULUM/0b775004e8e0fb7f0dc828b8.vi.v1.mp3","main_flow","lib/features/voice_navigation/application/main_voice_assistant_flow.dart"
"Level này có 4 Chủ đề. Bạn chọn lại nhé.","vi-VN","current","ready","assets/audio/CURRICULUM/370de1788225fc3c2ccd0afd.vi.v1.mp3","main_flow","lib/features/voice_navigation/application/main_voice_assistant_flow.dart"
"Library.","en-US","current","ready","assets/audio/CURRICULUM/10c957eb785bf8738b3a346e.en.v1.mp3","core_en;challenge_answer_en","lib/features/listening/presentation/lesson_practice_screen.dart;lib/features/listening/presentation/lesson_challenge_screen.dart"
"Lighter.","en-US","current","ready","assets/audio/CURRICULUM/dc2b02d9fc99bcda83ddd1ae.en.v1.mp3","core_en;challenge_answer_en","lib/features/listening/presentation/lesson_practice_screen.dart;lib/features/listening/presentation/lesson_challenge_screen.dart"
"Link.","en-US","current","ready","assets/audio/CURRICULUM/7a3b79effec501082db21017.en.v1.mp3","core_en;challenge_answer_en","lib/features/listening/presentation/lesson_practice_screen.dart;lib/features/listening/presentation/lesson_challenge_screen.dart"
"Lion.","en-US","current","ready","assets/audio/CURRICULUM/6d7eec41ef688a565e650ae8.en.v1.mp3","challenge_answer_en","lib/features/listening/presentation/lesson_challenge_screen.dart"
"Listen to music.","en-US","current","ready","assets/audio/CURRICULUM/7fbcf029419edca27bd4736f.en.v1.mp3","core_en;challenge_answer_en","lib/features/listening/presentation/lesson_practice_screen.dart;lib/features/listening/presentation/lesson_challenge_screen.dart"
"Listen, please.","en-US","current","ready","assets/audio/CURRICULUM/f22ff931a08305acaf3d81bd.en.v1.mp3","core_en;challenge_answer_en","lib/features/listening/presentation/lesson_practice_screen.dart;lib/features/listening/presentation/lesson_challenge_screen.dart"
"Lost my pencil.","en-US","current","ready","assets/audio/CURRICULUM/9b20d8e82e2fc18f471c942f.en.v1.mp3","core_en;challenge_answer_en","lib/features/listening/presentation/lesson_practice_screen.dart;lib/features/listening/presentation/lesson_challenge_screen.dart"
"Lối ra ở đâu?","vi-VN","current;catalog_only","ready","assets/audio/CURRICULUM/61c84f64447b9f9bf78c3a63.vi.v1.mp3","core_vi;challenge_answer_vi","lib/features/listening/presentation/lesson_practice_screen.dart;assets/data/listening_lessons.json"
"Lối ra: Exit hay Departure?","vi-VN","current","ready","assets/audio/CURRICULUM/defb0cbe650fb9231dce8ff6.vi.v1.mp3","challenge_question","lib/features/listening/presentation/lesson_challenge_screen.dart"
"Lối ra.","vi-VN","current;catalog_only","ready","assets/audio/CURRICULUM/60b4015d8fbbcded0136645f.vi.v1.mp3","core_vi;challenge_answer_vi","lib/features/listening/presentation/lesson_practice_screen.dart;assets/data/listening_lessons.json"
"Lúc ba giờ: At three hay At the park?","vi-VN","current","ready","assets/audio/CURRICULUM/ff1988b5f63e83399bc5aed5.vi.v1.mp3","challenge_question","lib/features/listening/presentation/lesson_challenge_screen.dart"
"Lúc ba giờ.","vi-VN","current;catalog_only","ready","assets/audio/CURRICULUM/279a82da0eaea5c97baca0e6.vi.v1.mp3","core_vi;challenge_answer_vi","lib/features/listening/presentation/lesson_practice_screen.dart;assets/data/listening_lessons.json"
"Lúc năm giờ rưỡi: At five thirty hay Where's the exit?","vi-VN","audio_catalog_only","ready","assets/audio/CURRICULUM/1e3064f7affa4ba1f12481ac.vi.v1.mp3","audio_not_traced","assets/data/curriculum_audio.json"
"Lúc năm giờ rưỡi.","vi-VN","current;catalog_only","ready","assets/audio/CURRICULUM/5a37571dbbfbae0ed6ab4fcc.vi.v1.mp3","core_vi;challenge_answer_vi","lib/features/listening/presentation/lesson_practice_screen.dart;assets/data/listening_lessons.json"
"Lunch at noon.","en-US","current","ready","assets/audio/CURRICULUM/e8b508eff0b63d1eb573d78b.en.v1.mp3","core_en;challenge_answer_en","lib/features/listening/presentation/lesson_practice_screen.dart;lib/features/listening/presentation/lesson_challenge_screen.dart"
"Luyện nói mỗi ngày.","vi-VN","current;catalog_only","ready","assets/audio/CURRICULUM/25f24d3e6198a538cee7fa0b.vi.v1.mp3","core_vi;challenge_answer_vi","lib/features/listening/presentation/lesson_practice_screen.dart;assets/data/listening_lessons.json"
"Luyện tập mỗi ngày: Practice every day hay Review my notes?","vi-VN","audio_catalog_only","ready","assets/audio/CURRICULUM/71f572a873452fcecdd79c0a.vi.v1.mp3","audio_not_traced","assets/data/curriculum_audio.json"
"Luyện tập mỗi ngày.","vi-VN","current;catalog_only","ready","assets/audio/CURRICULUM/153cc409296b851e3ffd294e.vi.v1.mp3","core_vi;challenge_answer_vi","lib/features/listening/presentation/lesson_practice_screen.dart;assets/data/listening_lessons.json"
"Luyện tiếng Anh: Practice English hay Take breaks?","vi-VN","audio_catalog_only","ready","assets/audio/CURRICULUM/3fb8b2b533e98c391ed2e9b4.vi.v1.mp3","audio_not_traced","assets/data/curriculum_audio.json"
"Luyện tiếng Anh.","vi-VN","current;catalog_only","ready","assets/audio/CURRICULUM/3d840738bbc84e55159b2372.vi.v1.mp3","core_vi;challenge_answer_vi","lib/features/listening/presentation/lesson_practice_screen.dart;assets/data/listening_lessons.json"
"Lượt của bạn: Here you go hay Your turn?","vi-VN","current","ready","assets/audio/CURRICULUM/994d2cb26eb01fc38a36baa9.vi.v1.mp3","challenge_question","lib/features/listening/presentation/lesson_challenge_screen.dart"
"Lượt của bạn.","vi-VN","current;catalog_only","ready","assets/audio/CURRICULUM/afbaf8671af81086f63a4716.vi.v1.mp3","core_vi;challenge_answer_vi","lib/features/listening/presentation/lesson_practice_screen.dart;assets/data/listening_lessons.json"
"Lượt của mình: My turn hay Your turn?","vi-VN","current","ready","assets/audio/CURRICULUM/9e8bb812fdf327d4fcd6d31f.vi.v1.mp3","challenge_question","lib/features/listening/presentation/lesson_challenge_screen.dart"
"Lượt của mình.","vi-VN","current;catalog_only","ready","assets/audio/CURRICULUM/e4956b7fab627ed490943a1e.vi.v1.mp3","core_vi;challenge_answer_vi","lib/features/listening/presentation/lesson_practice_screen.dart;assets/data/listening_lessons.json"
"M. Milk.","en-US","current","ready","assets/audio/CURRICULUM/82d2f77ed6e006ab7649b7a7.en.v1.mp3","core_en","lib/features/listening/presentation/lesson_practice_screen.dart"
"M. Moon.","en-US","current","ready","assets/audio/CURRICULUM/e18bf33ebed653f9f54ab6fb.en.v1.mp3","core_en","lib/features/listening/presentation/lesson_practice_screen.dart"
"Main dish.","en-US","current","ready","assets/audio/CURRICULUM/de9abf6434e2aaa5907aaa23.en.v1.mp3","core_en;challenge_answer_en","lib/features/listening/presentation/lesson_practice_screen.dart;lib/features/listening/presentation/lesson_challenge_screen.dart"
"Make a plan.","en-US","current","ready","assets/audio/CURRICULUM/571d53adb11f4089e6c4e507.en.v1.mp3","core_en;challenge_answer_en","lib/features/listening/presentation/lesson_practice_screen.dart;lib/features/listening/presentation/lesson_challenge_screen.dart"
"Make calls.","en-US","current","ready","assets/audio/CURRICULUM/a92d653daa0ca976e51ebbc7.en.v1.mp3","core_en;challenge_answer_en","lib/features/listening/presentation/lesson_practice_screen.dart;lib/features/listening/presentation/lesson_challenge_screen.dart"
"Math.","en-US","current","ready","assets/audio/CURRICULUM/118b2343587948fd9685ee70.en.v1.mp3","core_en;challenge_answer_en","lib/features/listening/presentation/lesson_practice_screen.dart;lib/features/listening/presentation/lesson_challenge_screen.dart"
"Máy ảnh: Headphones hay Camera?","vi-VN","current","ready","assets/audio/CURRICULUM/f5860a4ec49378df2a4172f9.vi.v1.mp3","challenge_question","lib/features/listening/presentation/lesson_challenge_screen.dart"
"Máy ảnh.","vi-VN","current;catalog_only","ready","assets/audio/CURRICULUM/f3e6f449c2b2dd0d24b82613.vi.v1.mp3","core_vi;challenge_answer_vi","lib/features/listening/presentation/lesson_practice_screen.dart;assets/data/listening_lessons.json"
"Máy tính bảng: Computer hay Tablet?","vi-VN","audio_catalog_only","ready","assets/audio/CURRICULUM/4e5c4c20d04ed2dddea4674b.vi.v1.mp3","audio_not_traced","assets/data/curriculum_audio.json"
"Máy tính bảng.","vi-VN","current;catalog_only","ready","assets/audio/CURRICULUM/fe583313e98b51fdc8b490be.vi.v1.mp3","core_vi;challenge_answer_vi","lib/features/listening/presentation/lesson_practice_screen.dart;assets/data/listening_lessons.json"
"Máy tính: Computer hay Camera?","vi-VN","audio_catalog_only","ready","assets/audio/CURRICULUM/cba0e8345f75911f8d00f8bc.vi.v1.mp3","audio_not_traced","assets/data/curriculum_audio.json"
"Máy tính.","vi-VN","current;catalog_only","ready","assets/audio/CURRICULUM/811377a53da5ec48d4fcc278.vi.v1.mp3","core_vi;challenge_answer_vi","lib/features/listening/presentation/lesson_practice_screen.dart;assets/data/listening_lessons.json"
"Maybe another time.","en-US","current","ready","assets/audio/CURRICULUM/d83a7a82f9d86821cfe25c68.en.v1.mp3","core_en;challenge_answer_en","lib/features/listening/presentation/lesson_practice_screen.dart;lib/features/listening/presentation/lesson_challenge_screen.dart"
"Mặc áo khoác: Wear a jacket hay Play outside?","vi-VN","audio_catalog_only","ready","assets/audio/CURRICULUM/05ffa221b0415f7a1c6a4ea1.vi.v1.mp3","audio_not_traced","assets/data/curriculum_audio.json"
"Mặc áo khoác.","vi-VN","current;catalog_only","ready","assets/audio/CURRICULUM/723e680d20623f4ac47c3dcd.vi.v1.mp3","core_vi;challenge_answer_vi","lib/features/listening/presentation/lesson_practice_screen.dart;assets/data/listening_lessons.json"
"Mặt trăng: Moon hay Notebook?","vi-VN","current","ready","assets/audio/CURRICULUM/7d64b36599bee89fdd140705.vi.v1.mp3","challenge_question","lib/features/listening/presentation/lesson_challenge_screen.dart"
"Mặt trăng.","vi-VN","current;catalog_only","ready","assets/audio/CURRICULUM/39f7cf1c835c32044cd144b8.vi.v1.mp3","core_vi;challenge_answer_vi","lib/features/listening/presentation/lesson_practice_screen.dart;assets/data/listening_lessons.json"
"Mặt trời: Sun hay Toy?","vi-VN","current","ready","assets/audio/CURRICULUM/f60ebee45d93f443d2aab019.vi.v1.mp3","challenge_question","lib/features/listening/presentation/lesson_challenge_screen.dart"
"Mặt trời.","vi-VN","current;catalog_only","ready","assets/audio/CURRICULUM/68056337ccfcbaf1f51d0063.vi.v1.mp3","core_vi;challenge_answer_vi","lib/features/listening/presentation/lesson_practice_screen.dart;assets/data/listening_lessons.json"
"Mắt: Eyes hay Nose?","vi-VN","audio_catalog_only","ready","assets/audio/CURRICULUM/518a2a98c34797b05a743e0c.vi.v1.mp3","audio_not_traced","assets/data/curriculum_audio.json"
"Mắt: Nose hay Eyes?","vi-VN","current","ready","assets/audio/CURRICULUM/e6c987f77ee933a7c86f1994.vi.v1.mp3","challenge_question","lib/features/listening/presentation/lesson_challenge_screen.dart"
"Mắt.","vi-VN","current;catalog_only","ready","assets/audio/CURRICULUM/6a52eab90f0a5b584f4404e1.vi.v1.mp3","core_vi;challenge_answer_vi","lib/features/listening/presentation/lesson_practice_screen.dart;assets/data/listening_lessons.json"
"Mật khẩu: Password hay Link?","vi-VN","audio_catalog_only","ready","assets/audio/CURRICULUM/aca1febb362cf865cb4f3157.vi.v1.mp3","audio_not_traced","assets/data/curriculum_audio.json"
"Mật khẩu: Password hay Phone number?","vi-VN","audio_catalog_only","ready","assets/audio/CURRICULUM/0cb8c65f033d0329ed156574.vi.v1.mp3","audio_not_traced","assets/data/curriculum_audio.json"
"Mật khẩu.","vi-VN","current;catalog_only","ready","assets/audio/CURRICULUM/b40a68438e9c7963c89937ab.vi.v1.mp3","core_vi;challenge_answer_vi","lib/features/listening/presentation/lesson_practice_screen.dart;assets/data/listening_lessons.json"
"Mấy giờ rồi nhỉ?","vi-VN","current","ready","assets/audio/CURRICULUM/30f5051a55cb3a94dde0a95d.vi.v1.mp3","lesson_intro_clip","lib/features/listening/presentation/lesson_intro_screen.dart"
"Mấy giờ tàu chạy: At five thirty hay What time does it leave?","vi-VN","current","ready","assets/audio/CURRICULUM/77f6b1e0123e9ea9e9168698.vi.v1.mp3","challenge_question","lib/features/listening/presentation/lesson_challenge_screen.dart"
"Mấy giờ tàu chạy?","vi-VN","current;catalog_only","ready","assets/audio/CURRICULUM/9aa001d5ba61cd346783cee6.vi.v1.mp3","core_vi;challenge_answer_vi","lib/features/listening/presentation/lesson_practice_screen.dart;assets/data/listening_lessons.json"
"Mẹ của mình: My mom hay My dad?","vi-VN","current","ready","assets/audio/CURRICULUM/c51a8899775ff33c0ef5ce61.vi.v1.mp3","challenge_question","lib/features/listening/presentation/lesson_challenge_screen.dart"
"Mẹ của mình.","vi-VN","current;catalog_only","ready","assets/audio/CURRICULUM/04802ada245bf1c8c7c8369f.vi.v1.mp3","core_vi;challenge_answer_vi","lib/features/listening/presentation/lesson_practice_screen.dart;assets/data/listening_lessons.json"
"Mẹ: Mom hay Dad?","vi-VN","current","ready","assets/audio/CURRICULUM/3ca43fc53a5a87810c679d1d.vi.v1.mp3","challenge_question","lib/features/listening/presentation/lesson_challenge_screen.dart"
"Mẹ.","vi-VN","current;catalog_only","ready","assets/audio/CURRICULUM/35b02441521ebc99e705262e.vi.v1.mp3","core_vi;challenge_answer_vi","lib/features/listening/presentation/lesson_practice_screen.dart;assets/data/listening_lessons.json"
"Meet there.","en-US","current","ready","assets/audio/CURRICULUM/2938adc486e86ad1a89334c8.en.v1.mp3","core_en;challenge_answer_en","lib/features/listening/presentation/lesson_practice_screen.dart;lib/features/listening/presentation/lesson_challenge_screen.dart"
"Menu.","en-US","current","ready","assets/audio/CURRICULUM/5ab52764a2e43e40c8bb51c9.en.v1.mp3","core_en;challenge_answer_en","lib/features/listening/presentation/lesson_practice_screen.dart;lib/features/listening/presentation/lesson_challenge_screen.dart"
"Message.","en-US","current","ready","assets/audio/CURRICULUM/019f7cc94b6063ddd0be0c8e.en.v1.mp3","core_en;challenge_answer_en","lib/features/listening/presentation/lesson_practice_screen.dart;lib/features/listening/presentation/lesson_challenge_screen.dart"
"Mì: Noodles hay Rice?","vi-VN","current","ready","assets/audio/CURRICULUM/11bd2ca60a87acc9dcbdc4aa.vi.v1.mp3","challenge_question","lib/features/listening/presentation/lesson_challenge_screen.dart"
"Mì.","vi-VN","current;catalog_only","ready","assets/audio/CURRICULUM/0198b00ea4baff90d97ec03a.vi.v1.mp3","core_vi;challenge_answer_vi","lib/features/listening/presentation/lesson_practice_screen.dart;assets/data/listening_lessons.json"
"Miếng dán hình ngôi sao: Star sticker hay Round clock?","vi-VN","current","ready","assets/audio/CURRICULUM/76f79ceed50686c3aa53bc0a.vi.v1.mp3","challenge_question","lib/features/listening/presentation/lesson_challenge_screen.dart"
"Miếng dán hình ngôi sao.","vi-VN","current;catalog_only","ready","assets/audio/CURRICULUM/ee3f70673cf964caf460e8d2.vi.v1.mp3","core_vi;challenge_answer_vi","lib/features/listening/presentation/lesson_practice_screen.dart;assets/data/listening_lessons.json"
"Milk, please.","en-US","current","ready","assets/audio/CURRICULUM/a8552de45cf67bca9f10a36c.en.v1.mp3","core_en;challenge_answer_en","lib/features/listening/presentation/lesson_practice_screen.dart;lib/features/listening/presentation/lesson_challenge_screen.dart"
"Milk.","en-US","current","ready","assets/audio/CURRICULUM/99527f2a564c93026ff2fd90.en.v1.mp3","challenge_answer_en;core_en","lib/features/listening/presentation/lesson_challenge_screen.dart;lib/features/listening/presentation/lesson_practice_screen.dart"
"Mình bắt đầu học thôi.","vi-VN","catalog_only","ready","assets/audio/MAIN/AI-017.vi.v1.mp3","assistant_catalog","lib/features/voice_navigation/domain/homi_fallback_catalog.dart"
"Mình bị trễ học: I'm late for class hay I lost my key?","vi-VN","current","ready","assets/audio/CURRICULUM/38e2735b988edb466f902eea.vi.v1.mp3","challenge_question","lib/features/listening/presentation/lesson_challenge_screen.dart"
"Mình bị trễ học.","vi-VN","current;catalog_only","ready","assets/audio/CURRICULUM/b3264b80221e4be98c01dbd1.vi.v1.mp3","core_vi;challenge_answer_vi","lib/features/listening/presentation/lesson_practice_screen.dart;assets/data/listening_lessons.json"
"Mình buồn: Can I help? hay I'm sad?","vi-VN","audio_catalog_only","ready","assets/audio/CURRICULUM/7691087ea94feb446f1ba91e.vi.v1.mp3","audio_not_traced","assets/data/curriculum_audio.json"
"Mình buồn: I'm angry hay I'm sad?","vi-VN","current","ready","assets/audio/CURRICULUM/7b62be181b4145cfa8931621.vi.v1.mp3","challenge_question","lib/features/listening/presentation/lesson_challenge_screen.dart"
"Mình buồn.","vi-VN","current;catalog_only","ready","assets/audio/CURRICULUM/3f01417d6971591ac09f592e.vi.v1.mp3","core_vi;challenge_answer_vi","lib/features/listening/presentation/lesson_practice_screen.dart;assets/data/listening_lessons.json"
"Mình căng thẳng: I'm worried hay I'm stressed?","vi-VN","current","ready","assets/audio/CURRICULUM/7efa1572f36e19da99fe43ff.vi.v1.mp3","challenge_question","lib/features/listening/presentation/lesson_challenge_screen.dart"
"Mình căng thẳng.","vi-VN","current;catalog_only","ready","assets/audio/CURRICULUM/2f06af480fa1bda34551c300.vi.v1.mp3","core_vi;challenge_answer_vi","lib/features/listening/presentation/lesson_practice_screen.dart;assets/data/listening_lessons.json"
"Mình cần bạn giúp: I need your help hay Can you help me?","vi-VN","current","ready","assets/audio/CURRICULUM/b4fc64248d177bb6bf8d9d46.vi.v1.mp3","challenge_question","lib/features/listening/presentation/lesson_challenge_screen.dart"
"Mình cần bạn giúp.","vi-VN","current;catalog_only","ready","assets/audio/CURRICULUM/aa8234442674b52965c70862.vi.v1.mp3","core_vi;challenge_answer_vi","lib/features/listening/presentation/lesson_practice_screen.dart;assets/data/listening_lessons.json"
"Mình cần nghỉ một chút: I need a break hay I need more sleep?","vi-VN","current","ready","assets/audio/CURRICULUM/458b477cd96729fd6c882837.vi.v1.mp3","challenge_question","lib/features/listening/presentation/lesson_challenge_screen.dart"
"Mình cần nghỉ một chút.","vi-VN","current;catalog_only","ready","assets/audio/CURRICULUM/fcce75221e88f44ba739b3be.vi.v1.mp3","core_vi;challenge_answer_vi","lib/features/listening/presentation/lesson_practice_screen.dart;assets/data/listening_lessons.json"
"Mình cần ngủ thêm.","vi-VN","current;catalog_only","ready","assets/audio/CURRICULUM/6f34a2c200c123f7a7a47397.vi.v1.mp3","core_vi;challenge_answer_vi","lib/features/listening/presentation/lesson_practice_screen.dart;assets/data/listening_lessons.json"
"Mình chuyển sang bài tiếp theo nào.","vi-VN","catalog_only","ready","assets/audio/MAIN/AI-042.vi.v1.mp3","assistant_catalog","lib/features/voice_navigation/domain/homi_fallback_catalog.dart"
"Mình chuyển sang bài tiếp theo nhé","vi-VN","current","ready","assets/audio/MAIN/RUN-027.vi.v1.mp3","main_flow","lib/features/voice_navigation/application/main_voice_assistant_flow.dart"
"Mình chưa chắc.","vi-VN","current;catalog_only","ready","assets/audio/CURRICULUM/4c1683bd6a6e7c9b3e358541.vi.v1.mp3","core_vi;challenge_answer_vi","lib/features/listening/presentation/lesson_practice_screen.dart;assets/data/listening_lessons.json"
"Mình chưa tải được từ vựng. Con thử lại sau nhé.","vi-VN","audio_catalog_only","ready","assets/audio/MAIN/RUN-015.vi.v1.mp3","audio_not_traced","assets/data/main_assistant_audio.json"
"Mình có thể chơi bóng đá: I can play soccer hay I can draw?","vi-VN","current","ready","assets/audio/CURRICULUM/d30caca7a8658bddd7f597d0.vi.v1.mp3","challenge_question","lib/features/listening/presentation/lesson_challenge_screen.dart"
"Mình có thể chơi bóng đá.","vi-VN","current;catalog_only","ready","assets/audio/CURRICULUM/66387b0c50d395ade8c7957a.vi.v1.mp3","core_vi;challenge_answer_vi","lib/features/listening/presentation/lesson_practice_screen.dart;assets/data/listening_lessons.json"
"Mình có thể chơi cờ: I can play chess hay I can play soccer?","vi-VN","current","ready","assets/audio/CURRICULUM/61489616b7f7081240a5e452.vi.v1.mp3","challenge_question","lib/features/listening/presentation/lesson_challenge_screen.dart"
"Mình có thể chơi cờ.","vi-VN","current;catalog_only","ready","assets/audio/CURRICULUM/7fd5d21841078494c5b3b153.vi.v1.mp3","core_vi;challenge_answer_vi","lib/features/listening/presentation/lesson_practice_screen.dart;assets/data/listening_lessons.json"
"Mình có thể đi xe đạp: I can play chess hay I can ride a bike?","vi-VN","current","ready","assets/audio/CURRICULUM/7cca90e50e242962b85a50ec.vi.v1.mp3","challenge_question","lib/features/listening/presentation/lesson_challenge_screen.dart"
"Mình có thể đi xe đạp.","vi-VN","current;catalog_only","ready","assets/audio/CURRICULUM/65c5b102a98f04fad6d0191f.vi.v1.mp3","core_vi;challenge_answer_vi","lib/features/listening/presentation/lesson_practice_screen.dart;assets/data/listening_lessons.json"
"Mình có thể đọc: I can read hay I can ride a bike?","vi-VN","current","ready","assets/audio/CURRICULUM/2153eff0987398c3454410da.vi.v1.mp3","challenge_question","lib/features/listening/presentation/lesson_challenge_screen.dart"
"Mình có thể đọc.","vi-VN","current;catalog_only","ready","assets/audio/CURRICULUM/1e93ebcfecb6ec43d32dd1ed.vi.v1.mp3","core_vi;challenge_answer_vi","lib/features/listening/presentation/lesson_practice_screen.dart;assets/data/listening_lessons.json"
"Mình có thể vẽ: I can read hay I can draw?","vi-VN","current","ready","assets/audio/CURRICULUM/155d57072648adfa2bdacc85.vi.v1.mp3","challenge_question","lib/features/listening/presentation/lesson_challenge_screen.dart"
"Mình có thể vẽ.","vi-VN","current;catalog_only","ready","assets/audio/CURRICULUM/f858bc044742f8ae82400a61.vi.v1.mp3","core_vi;challenge_answer_vi","lib/features/listening/presentation/lesson_practice_screen.dart;assets/data/listening_lessons.json"
"Mình cùng ăn nhé: Let's play hay Let's eat?","vi-VN","current","ready","assets/audio/CURRICULUM/859fc747b4f9087ecde0477a.vi.v1.mp3","challenge_question","lib/features/listening/presentation/lesson_challenge_screen.dart"
"Mình cùng ăn nhé!","vi-VN","current;catalog_only","ready","assets/audio/CURRICULUM/672482d57072c74a653394d2.vi.v1.mp3","core_vi;challenge_answer_vi","lib/features/listening/presentation/lesson_practice_screen.dart;assets/data/listening_lessons.json"
"Mình cùng chơi nhé: Let's play hay Bath time?","vi-VN","current","ready","assets/audio/CURRICULUM/6e37b00528e9493c68eaebf0.vi.v1.mp3","challenge_question","lib/features/listening/presentation/lesson_challenge_screen.dart"
"Mình cùng chơi nhé: Let's play hay Play with me?","vi-VN","current","ready","assets/audio/CURRICULUM/50c324dae574cb2c84fefae7.vi.v1.mp3","challenge_question","lib/features/listening/presentation/lesson_challenge_screen.dart"
"Mình cùng chơi nhé!","vi-VN","current;catalog_only","ready","assets/audio/CURRICULUM/6d3d27ee9a2715020ca510cb.vi.v1.mp3","core_vi;challenge_answer_vi","lib/features/listening/presentation/lesson_practice_screen.dart;assets/data/listening_lessons.json"
"Mình cùng chơi nhé.","vi-VN","current;catalog_only","ready","assets/audio/CURRICULUM/255eac24871d1339fd5da3b1.vi.v1.mp3","core_vi;challenge_answer_vi","lib/features/listening/presentation/lesson_practice_screen.dart;assets/data/listening_lessons.json"
"Mình cùng dịch sang tiếng Anh nha.","vi-VN","catalog_only","ready","assets/audio/MAIN/AI-020.vi.v1.mp3","assistant_catalog","lib/features/voice_navigation/domain/homi_fallback_catalog.dart"
"Mình cùng dịch sang tiếng Anh nha. Bạn cứ nói từng câu. Muốn dừng thì nói “dừng lại”.","vi-VN","current","ready","assets/audio/MAIN/MAIN-TRANSLATION-INTRO.vi.v1.mp3","main_flow","lib/features/voice_navigation/application/main_voice_assistant_flow.dart"
"Mình cùng học các bộ phận và động tác cơ thể nhé.","vi-VN","current","ready","assets/audio/CURRICULUM/85ae4ebe1db94015cb39edbd.vi.v1.mp3","lesson_intro_clip","lib/features/listening/presentation/lesson_intro_screen.dart"
"Mình cùng học các chữ cái và từ quen thuộc nhé.","vi-VN","current","ready","assets/audio/CURRICULUM/349642e39a2a0304682b8b3e.vi.v1.mp3","lesson_intro_clip","lib/features/listening/presentation/lesson_intro_screen.dart"
"Mình cùng học các con vật nhé.","vi-VN","current","ready","assets/audio/CURRICULUM/a559566d2efb4b4d44de7297.vi.v1.mp3","lesson_intro_clip","lib/features/listening/presentation/lesson_intro_screen.dart"
"Mình cùng học các địa điểm quen thuộc nhé.","vi-VN","current","ready","assets/audio/CURRICULUM/446df82c36d0ab3cafa25023.vi.v1.mp3","lesson_intro_clip","lib/features/listening/presentation/lesson_intro_screen.dart"
"Mình cùng học các hoạt động giữ cơ thể sạch khỏe nhé.","vi-VN","current","ready","assets/audio/CURRICULUM/1e0414e3e3607fc5307b5819.vi.v1.mp3","lesson_intro_clip","lib/features/listening/presentation/lesson_intro_screen.dart"
"Mình cùng học các hoạt động trong ngày nhé.","vi-VN","current","ready","assets/audio/CURRICULUM/beed7c2df0f0220da96954e3.vi.v1.mp3","lesson_intro_clip","lib/features/listening/presentation/lesson_intro_screen.dart"
"Mình cùng học các số trong đời sống nhé.","vi-VN","current","ready","assets/audio/CURRICULUM/4c25445410c798186732fad8.vi.v1.mp3","lesson_intro_clip","lib/features/listening/presentation/lesson_intro_screen.dart"
"Mình cùng học cách chơi và tương tác với bạn nhé.","vi-VN","current","ready","assets/audio/CURRICULUM/e6903731635f8fe959ed2e79.vi.v1.mp3","lesson_intro_clip","lib/features/listening/presentation/lesson_intro_screen.dart"
"Mình cùng học cách đếm số nhé.","vi-VN","current","ready","assets/audio/CURRICULUM/faf9d0bd6f13fdadea800ed4.vi.v1.mp3","lesson_intro_clip","lib/features/listening/presentation/lesson_intro_screen.dart"
"Mình cùng học cách nói về gia đình nhé.","vi-VN","current","ready","assets/audio/CURRICULUM/5eaac7f1ba10847187fe825e.vi.v1.mp3","lesson_intro_clip","lib/features/listening/presentation/lesson_intro_screen.dart"
"Mình cùng học cách nói về món mình thích nhé.","vi-VN","current","ready","assets/audio/CURRICULUM/2f2b86059794b2f0ec3f93a1.vi.v1.mp3","lesson_intro_clip","lib/features/listening/presentation/lesson_intro_screen.dart"
"Mình cùng học cách rủ bạn chơi, cuối bài còn có bài hát nhé.","vi-VN","current","ready","assets/audio/CURRICULUM/19b1b6c9fed8376ce43da1cc.vi.v1.mp3","lesson_intro_clip","lib/features/listening/presentation/lesson_intro_screen.dart"
"Mình cùng học câu khác nhé!","vi-VN","audio_catalog_only","ready","assets/audio/MAIN/RUN-136.vi.v1.mp3","audio_not_traced","assets/data/main_assistant_audio.json"
"Mình cùng học chữ cái qua những từ quen thuộc nhé.","vi-VN","current","ready","assets/audio/CURRICULUM/8cdcc279b291bd765d3fbabd.vi.v1.mp3","lesson_intro_clip","lib/features/listening/presentation/lesson_intro_screen.dart"
"Mình cùng học con vật và khả năng của chúng nhé.","vi-VN","current","ready","assets/audio/CURRICULUM/d4054b3b3371330fcaf91bfa.vi.v1.mp3","lesson_intro_clip","lib/features/listening/presentation/lesson_intro_screen.dart"
"Mình cùng học đồ ăn và đồ uống nhé.","vi-VN","current","ready","assets/audio/CURRICULUM/a4edea102d2eac0520d5fc3e.vi.v1.mp3","lesson_intro_clip","lib/features/listening/presentation/lesson_intro_screen.dart"
"Mình cùng học hình dạng nhé.","vi-VN","current","ready","assets/audio/CURRICULUM/4de32cbdd97e1fd4cd4e780a.vi.v1.mp3","lesson_intro_clip","lib/features/listening/presentation/lesson_intro_screen.dart"
"Mình cùng học hoạt động cuối tuần nhé.","vi-VN","current","ready","assets/audio/CURRICULUM/ab080be997135e8a0e51c10e.vi.v1.mp3","lesson_intro_clip","lib/features/listening/presentation/lesson_intro_screen.dart"
"Mình cùng học màu sắc nhé.","vi-VN","current","ready","assets/audio/CURRICULUM/4feb4350f5cce71cc6243d37.vi.v1.mp3","lesson_intro_clip","lib/features/listening/presentation/lesson_intro_screen.dart"
"Mình cùng học màu sắc và hình dạng của đồ vật nhé.","vi-VN","current","ready","assets/audio/CURRICULUM/6b306b9c53cc6617e98b6fa8.vi.v1.mp3","lesson_intro_clip","lib/features/listening/presentation/lesson_intro_screen.dart"
"Mình cùng học ngôn ngữ dùng ở lớp nhé.","vi-VN","current","ready","assets/audio/CURRICULUM/ff3bb68f0ddeebb952aaa627.vi.v1.mp3","lesson_intro_clip","lib/features/listening/presentation/lesson_intro_screen.dart"
"Mình cùng học thời tiết và trang phục nhé.","vi-VN","current","ready","assets/audio/CURRICULUM/b503c240e869486da140d3c0.vi.v1.mp3","lesson_intro_clip","lib/features/listening/presentation/lesson_intro_screen.dart"
"Mình cùng luyện cách chọn hoạt động theo thời tiết nhé.","vi-VN","current","ready","assets/audio/CURRICULUM/2e1b54436e70d27cf23560be.vi.v1.mp3","lesson_intro_clip","lib/features/listening/presentation/lesson_intro_screen.dart"
"Mình cùng luyện cách giao tiếp ở trường nhé.","vi-VN","current","ready","assets/audio/CURRICULUM/53c4c15a971565198c8e3ce5.vi.v1.mp3","lesson_intro_clip","lib/features/listening/presentation/lesson_intro_screen.dart"
"Mình cùng luyện cách hỏi giá và chọn món nhé.","vi-VN","current","ready","assets/audio/CURRICULUM/d7c4a078b9459d75a3e1681c.vi.v1.mp3","lesson_intro_clip","lib/features/listening/presentation/lesson_intro_screen.dart"
"Mình cùng luyện cách kể việc đã xảy ra nhé.","vi-VN","current","ready","assets/audio/CURRICULUM/097802e98aedc6907824f84b.vi.v1.mp3","lesson_intro_clip","lib/features/listening/presentation/lesson_intro_screen.dart"
"Mình cùng luyện cảm xúc và cách giúp bạn nhé.","vi-VN","current","ready","assets/audio/CURRICULUM/505cb60cde24caf7e2b565b3.vi.v1.mp3","lesson_intro_clip","lib/features/listening/presentation/lesson_intro_screen.dart"
"Mình cùng luyện địa điểm và cách hỏi đường nhé.","vi-VN","current","ready","assets/audio/CURRICULUM/cf0d707b43fcb8f889b81cee.vi.v1.mp3","lesson_intro_clip","lib/features/listening/presentation/lesson_intro_screen.dart"
"Mình cùng luyện kế hoạch đi chơi và cách di chuyển nhé.","vi-VN","current","ready","assets/audio/CURRICULUM/6447c1f0694997fb94f7ab01.vi.v1.mp3","lesson_intro_clip","lib/features/listening/presentation/lesson_intro_screen.dart"
"Mình cùng luyện lại nhé. Bắt đầu thôi!","vi-VN","current","ready","assets/audio/MAIN/RUN-059.vi.v1.mp3","vocabulary_guidance","lib/features/vocabulary/domain/vocabulary_flow_v3.dart"
"Mình cùng luyện sở thích và khả năng nhé.","vi-VN","current","ready","assets/audio/CURRICULUM/de3515c477def7330f1f9b7c.vi.v1.mp3","lesson_intro_clip","lib/features/listening/presentation/lesson_intro_screen.dart"
"Mình cùng luyện thiết bị và cách sử dụng nhé.","vi-VN","current","ready","assets/audio/CURRICULUM/b85fcdaebd7684df50588e1f.vi.v1.mp3","lesson_intro_clip","lib/features/listening/presentation/lesson_intro_screen.dart"
"Mình cùng nghe Ngôi sao nhé.","vi-VN","current","ready","assets/audio/MAIN/RUN-065.vi.v1.mp3","vocabulary_guidance","lib/features/vocabulary/domain/vocabulary_flow_v3.dart"
"Mình cùng nghe nhé.","vi-VN","current","ready","assets/audio/MAIN/RUN-052.vi.v1.mp3","vocabulary_guidance","lib/features/vocabulary/domain/vocabulary_flow_v3.dart"
"Mình cùng nói về lịch hằng ngày, cuối bài còn có bài hát nhé.","vi-VN","current","ready","assets/audio/CURRICULUM/e5e01d7a42c3a24e55661bc8.vi.v1.mp3","lesson_intro_clip","lib/features/listening/presentation/lesson_intro_screen.dart"
"Mình dừng ở đây. Khi cần, bạn nhấn nút gọi HOMI nhé.","vi-VN","current;catalog_only","ready","assets/audio/MAIN/SIL-004.vi.v1.mp3","translation_silence;assistant_catalog","lib/app/ai_speaking_app.dart;lib/features/voice_navigation/domain/homi_fallback_catalog.dart"
"Mình dừng ở đây. Khi cần, bạn nhấn nút gọi HOMI.","vi-VN","current;compatibility;catalog_only","ready","assets/audio/MAIN/AI-024.vi.v1.mp3","main_flow;assistant_catalog","lib/features/voice_navigation/application/main_voice_assistant_flow.dart;lib/features/voice_navigation/domain/homi_fallback_catalog.dart"
"Mình dừng ở đây. Khi muốn học tiếp, bạn nhấn nút gọi HOMI nha.","vi-VN","compatibility;catalog_only","ready","assets/audio/MAIN/FB-010-2.vi.v1.mp3","main_flow;assistant_catalog","lib/features/voice_navigation/application/main_voice_assistant_flow.dart;lib/features/voice_navigation/domain/homi_fallback_catalog.dart"
"Mình đã bị ngã: I fell down hay I played soccer?","vi-VN","current","ready","assets/audio/CURRICULUM/9ce0a135c88b2d8fd1509d53.vi.v1.mp3","challenge_question","lib/features/listening/presentation/lesson_challenge_screen.dart"
"Mình đã bị ngã.","vi-VN","current;catalog_only","ready","assets/audio/CURRICULUM/496c91f9793faa3a3be2a6c4.vi.v1.mp3","core_vi;challenge_answer_vi","lib/features/listening/presentation/lesson_practice_screen.dart;assets/data/listening_lessons.json"
"Mình đã chơi bóng đá: I played soccer hay I watched TV?","vi-VN","current","ready","assets/audio/CURRICULUM/f79511fc6bcd924e73656cec.vi.v1.mp3","challenge_question","lib/features/listening/presentation/lesson_challenge_screen.dart"
"Mình đã chơi bóng đá.","vi-VN","current;catalog_only","ready","assets/audio/CURRICULUM/d800760c61962b0d544aaf9b.vi.v1.mp3","core_vi;challenge_answer_vi","lib/features/listening/presentation/lesson_practice_screen.dart;assets/data/listening_lessons.json"
"Mình đã học xong bộ từ vựng hôm nay rồi.","vi-VN","catalog_only","ready","assets/audio/MAIN/AI-037.vi.v1.mp3","assistant_catalog","lib/features/voice_navigation/domain/homi_fallback_catalog.dart"
"Mình đã học xong từ vựng rồi.","vi-VN","audio_catalog_only","ready","assets/audio/MAIN/RUN-022.vi.v1.mp3","audio_not_traced","assets/data/main_assistant_audio.json"
"Mình đã làm mất bút chì: I fell down hay I lost my pencil?","vi-VN","audio_catalog_only","ready","assets/audio/CURRICULUM/2f9f5d52cfbcce9285912b55.vi.v1.mp3","audio_not_traced","assets/data/curriculum_audio.json"
"Mình đã làm mất bút chì.","vi-VN","current;catalog_only","ready","assets/audio/CURRICULUM/848c998add13ec59d0c08846.vi.v1.mp3","core_vi;challenge_answer_vi","lib/features/listening/presentation/lesson_practice_screen.dart;assets/data/listening_lessons.json"
"Mình đã luyện xong rồi. Bạn muốn học phần Ba mẹ đã thêm hay Ngôi sao?","vi-VN","current","ready","assets/audio/MAIN/RUN-062.vi.v1.mp3","vocabulary_guidance","lib/features/vocabulary/domain/vocabulary_flow_v3.dart"
"Mình đã thăm bà: I visited Grandma hay I lost my pencil?","vi-VN","current","ready","assets/audio/CURRICULUM/65bb463e570643668ddc949d.vi.v1.mp3","challenge_question","lib/features/listening/presentation/lesson_challenge_screen.dart"
"Mình đã thăm bà.","vi-VN","current;catalog_only","ready","assets/audio/CURRICULUM/438ef08088e4b81b9b867636.vi.v1.mp3","core_vi;challenge_answer_vi","lib/features/listening/presentation/lesson_practice_screen.dart;assets/data/listening_lessons.json"
"Mình đã xem TV: I visited Grandma hay I watched TV?","vi-VN","current","ready","assets/audio/CURRICULUM/6bec11879749524c9885e722.vi.v1.mp3","challenge_question","lib/features/listening/presentation/lesson_challenge_screen.dart"
"Mình đã xem TV.","vi-VN","current;catalog_only","ready","assets/audio/CURRICULUM/44d2ea87812a5c51d0c0275b.vi.v1.mp3","core_vi;challenge_answer_vi","lib/features/listening/presentation/lesson_practice_screen.dart;assets/data/listening_lessons.json"
"Mình đi bộ đến trường: I walk to school hay I take the bus?","vi-VN","current","ready","assets/audio/CURRICULUM/fcc2b30656593bbc2fc86db6.vi.v1.mp3","challenge_question","lib/features/listening/presentation/lesson_challenge_screen.dart"
"Mình đi bộ đến trường.","vi-VN","current;catalog_only","ready","assets/audio/CURRICULUM/ff0c775efd4f8e47804c29f2.vi.v1.mp3","core_vi;challenge_answer_vi","lib/features/listening/presentation/lesson_practice_screen.dart;assets/data/listening_lessons.json"
"Mình đi tàu: I walk to school hay I take the train?","vi-VN","current","ready","assets/audio/CURRICULUM/aa6bd1b635326883de0f4f79.vi.v1.mp3","challenge_question","lib/features/listening/presentation/lesson_challenge_screen.dart"
"Mình đi tàu.","vi-VN","current;catalog_only","ready","assets/audio/CURRICULUM/a7e792455f3dece747a4e4aa.vi.v1.mp3","core_vi;challenge_answer_vi","lib/features/listening/presentation/lesson_practice_screen.dart;assets/data/listening_lessons.json"
"Mình đi taxi: I take a taxi hay I take the train?","vi-VN","current","ready","assets/audio/CURRICULUM/fdaa299aa480dec1051e9894.vi.v1.mp3","challenge_question","lib/features/listening/presentation/lesson_challenge_screen.dart"
"Mình đi taxi.","vi-VN","current;catalog_only","ready","assets/audio/CURRICULUM/c67fe7d64a5cb51c373436bd.vi.v1.mp3","core_vi;challenge_answer_vi","lib/features/listening/presentation/lesson_practice_screen.dart;assets/data/listening_lessons.json"
"Mình đi xe buýt: I take the bus hay I ride my bike?","vi-VN","current","ready","assets/audio/CURRICULUM/aad1761d055a25cb5e06d07b.vi.v1.mp3","challenge_question","lib/features/listening/presentation/lesson_challenge_screen.dart"
"Mình đi xe buýt.","vi-VN","current;catalog_only","ready","assets/audio/CURRICULUM/785aeab0e608e84c70a01944.vi.v1.mp3","core_vi;challenge_answer_vi","lib/features/listening/presentation/lesson_practice_screen.dart;assets/data/listening_lessons.json"
"Mình đi xe đạp: I take a taxi hay I ride my bike?","vi-VN","current","ready","assets/audio/CURRICULUM/9ba7ca952bacd408cf914afb.vi.v1.mp3","challenge_question","lib/features/listening/presentation/lesson_challenge_screen.dart"
"Mình đi xe đạp.","vi-VN","current;catalog_only","ready","assets/audio/CURRICULUM/4b1d89c073ddec70199ff28c.vi.v1.mp3","core_vi;challenge_answer_vi","lib/features/listening/presentation/lesson_practice_screen.dart;assets/data/listening_lessons.json"
"Mình định học nhiều hơn: I plan to study more hay I want to learn coding?","vi-VN","current","ready","assets/audio/CURRICULUM/afebbfe0f65d0fc520910b6c.vi.v1.mp3","challenge_question","lib/features/listening/presentation/lesson_challenge_screen.dart"
"Mình định học nhiều hơn.","vi-VN","current;catalog_only","ready","assets/audio/CURRICULUM/c6b0c3e682c3e0d877aa8b81.vi.v1.mp3","core_vi;challenge_answer_vi","lib/features/listening/presentation/lesson_practice_screen.dart;assets/data/listening_lessons.json"
"Mình định tập thể dục nhiều hơn: I plan to exercise more hay I want to save money?","vi-VN","current","ready","assets/audio/CURRICULUM/6800279554ad9cc7158f07d1.vi.v1.mp3","challenge_question","lib/features/listening/presentation/lesson_challenge_screen.dart"
"Mình định tập thể dục nhiều hơn.","vi-VN","current;catalog_only","ready","assets/audio/CURRICULUM/48186381784663dbe58d85b9.vi.v1.mp3","core_vi;challenge_answer_vi","lib/features/listening/presentation/lesson_practice_screen.dart;assets/data/listening_lessons.json"
"Mình đọc sách vào ban đêm: I sleep before eleven hay I read at night?","vi-VN","current","ready","assets/audio/CURRICULUM/be9be57e01e266a38316d82f.vi.v1.mp3","challenge_question","lib/features/listening/presentation/lesson_challenge_screen.dart"
"Mình đọc sách vào ban đêm.","vi-VN","current;catalog_only","ready","assets/audio/CURRICULUM/205968436b9bf5318bf85956.vi.v1.mp3","core_vi;challenge_answer_vi","lib/features/listening/presentation/lesson_practice_screen.dart;assets/data/listening_lessons.json"
"Mình đồng ý: I don't agree hay I agree?","vi-VN","audio_catalog_only","ready","assets/audio/CURRICULUM/4b736ceab90d776b34e1af9a.vi.v1.mp3","audio_not_traced","assets/data/curriculum_audio.json"
"Mình đồng ý.","vi-VN","current;catalog_only","ready","assets/audio/CURRICULUM/900217a17ac2226f77e52656.vi.v1.mp3","core_vi;challenge_answer_vi","lib/features/listening/presentation/lesson_practice_screen.dart;assets/data/listening_lessons.json"
"Mình gặp lúc ba giờ nhé: Let's meet at the park hay Let's meet at three?","vi-VN","current","ready","assets/audio/CURRICULUM/070fa4cb39c350fe41b77b0c.vi.v1.mp3","challenge_question","lib/features/listening/presentation/lesson_challenge_screen.dart"
"Mình gặp lúc ba giờ nhé.","vi-VN","current;catalog_only","ready","assets/audio/CURRICULUM/13091f85901e6602e0d9ba9b.vi.v1.mp3","core_vi;challenge_answer_vi","lib/features/listening/presentation/lesson_practice_screen.dart;assets/data/listening_lessons.json"
"Mình gặp ở công viên nhé: Let's meet at the park hay How about Sunday?","vi-VN","current","ready","assets/audio/CURRICULUM/d6b155a812ec60cda6f14ab9.vi.v1.mp3","challenge_question","lib/features/listening/presentation/lesson_challenge_screen.dart"
"Mình gặp ở công viên nhé.","vi-VN","current;catalog_only","ready","assets/audio/CURRICULUM/278d5e18e34a2757d5e8b50f.vi.v1.mp3","core_vi;challenge_answer_vi","lib/features/listening/presentation/lesson_practice_screen.dart;assets/data/listening_lessons.json"
"Mình giỏi giải quyết vấn đề: I'm good at sports hay I'm good at solving problems?","vi-VN","current","ready","assets/audio/CURRICULUM/e537e7e2ffcacdebeb7b4791.vi.v1.mp3","challenge_question","lib/features/listening/presentation/lesson_challenge_screen.dart"
"Mình giỏi giải quyết vấn đề.","vi-VN","current;catalog_only","ready","assets/audio/CURRICULUM/669bfad10fa67527eb52613e.vi.v1.mp3","core_vi;challenge_answer_vi","lib/features/listening/presentation/lesson_practice_screen.dart;assets/data/listening_lessons.json"
"Mình giỏi nhớ từ: I work well in teams hay I'm good at remembering words?","vi-VN","current","ready","assets/audio/CURRICULUM/9ec3850d40e91309350348d7.vi.v1.mp3","challenge_question","lib/features/listening/presentation/lesson_challenge_screen.dart"
"Mình giỏi nhớ từ.","vi-VN","current;catalog_only","ready","assets/audio/CURRICULUM/8f043724cfd300577af2f5c6.vi.v1.mp3","core_vi;challenge_answer_vi","lib/features/listening/presentation/lesson_practice_screen.dart;assets/data/listening_lessons.json"
"Mình giỏi thể thao: I'm good at sports hay I'm good at remembering words?","vi-VN","current","ready","assets/audio/CURRICULUM/2fa72d95ab0bc6893b58cfcf.vi.v1.mp3","challenge_question","lib/features/listening/presentation/lesson_challenge_screen.dart"
"Mình giỏi thể thao.","vi-VN","current;catalog_only","ready","assets/audio/CURRICULUM/30099854d7b90ba8100a8b20.vi.v1.mp3","core_vi;challenge_answer_vi","lib/features/listening/presentation/lesson_practice_screen.dart;assets/data/listening_lessons.json"
"Mình giỏi vẽ: I'm good at drawing hay I'm good at solving problems?","vi-VN","current","ready","assets/audio/CURRICULUM/6b353fca5aefa30d7c31c80b.vi.v1.mp3","challenge_question","lib/features/listening/presentation/lesson_challenge_screen.dart"
"Mình giỏi vẽ.","vi-VN","current;catalog_only","ready","assets/audio/CURRICULUM/b78bea0588cbe06ecef63647.vi.v1.mp3","core_vi;challenge_answer_vi","lib/features/listening/presentation/lesson_practice_screen.dart;assets/data/listening_lessons.json"
"Mình giúp được không: Can I help? hay Yes, please?","vi-VN","audio_catalog_only","ready","assets/audio/CURRICULUM/69ec254b99e4566aeec9bd43.vi.v1.mp3","audio_not_traced","assets/data/curriculum_audio.json"
"Mình giúp được không?","vi-VN","current;catalog_only","ready","assets/audio/CURRICULUM/93b107a37e371e449369747b.vi.v1.mp3","core_vi;challenge_answer_vi","lib/features/listening/presentation/lesson_practice_screen.dart;assets/data/listening_lessons.json"
"Mình học câu tiếp theo nhé","vi-VN","current","ready","assets/audio/MAIN/RUN-025.vi.v1.mp3","main_flow","lib/features/voice_navigation/application/main_voice_assistant_flow.dart"
"Mình học câu tiếp theo thôi.","vi-VN","catalog_only","ready","assets/audio/MAIN/AI-040.vi.v1.mp3","assistant_catalog","lib/features/voice_navigation/domain/homi_fallback_catalog.dart"
"Mình học lại bài A to I Letters nhé.","vi-VN","current","ready","assets/audio/CURRICULUM/4d31d3aebf9955870419e461.vi.v1.mp3","lesson_relearn","lib/features/listening/presentation/lesson_intro_screen.dart"
"Mình học lại bài A to I Words nhé.","vi-VN","current","ready","assets/audio/CURRICULUM/b0cc1aa34b91d0fbb32ab199.vi.v1.mp3","lesson_relearn","lib/features/listening/presentation/lesson_intro_screen.dart"
"Mình học lại bài Animal Abilities nhé.","vi-VN","current","ready","assets/audio/CURRICULUM/3b199f6fe8173472e7aec554.vi.v1.mp3","lesson_relearn","lib/features/listening/presentation/lesson_intro_screen.dart"
"Mình học lại bài Animal Names nhé.","vi-VN","current","ready","assets/audio/CURRICULUM/3243392f934b4fac543bc229.vi.v1.mp3","lesson_relearn","lib/features/listening/presentation/lesson_intro_screen.dart"
"Mình học lại bài Animal Words nhé.","vi-VN","current","ready","assets/audio/CURRICULUM/c93f085858af00e8852c2e26.vi.v1.mp3","lesson_relearn","lib/features/listening/presentation/lesson_intro_screen.dart"
"Mình học lại bài Ask for Help nhé.","vi-VN","current","ready","assets/audio/CURRICULUM/ce4773c2ce634cf3b9fb1d8b.vi.v1.mp3","lesson_relearn","lib/features/listening/presentation/lesson_intro_screen.dart"
"Mình học lại bài Ask for Info nhé.","vi-VN","current","ready","assets/audio/CURRICULUM/7fa7e46f4fd8bf1a0f187d40.vi.v1.mp3","lesson_relearn","lib/features/listening/presentation/lesson_intro_screen.dart"
"Mình học lại bài Ask the Price nhé.","vi-VN","current","ready","assets/audio/CURRICULUM/b89f76a8d19469f4414d3b3d.vi.v1.mp3","lesson_relearn","lib/features/listening/presentation/lesson_intro_screen.dart"
"Mình học lại bài Ask the Way nhé.","vi-VN","current","ready","assets/audio/CURRICULUM/53d287cb56dacb70c70fdfdb.vi.v1.mp3","lesson_relearn","lib/features/listening/presentation/lesson_intro_screen.dart"
"Mình học lại bài Best Way nhé.","vi-VN","current","ready","assets/audio/CURRICULUM/b83b7d0843c88a7c7ac3885f.vi.v1.mp3","lesson_relearn","lib/features/listening/presentation/lesson_intro_screen.dart"
"Mình học lại bài Body Moves nhé.","vi-VN","current","ready","assets/audio/CURRICULUM/db9909e0893cccf67b878f52.vi.v1.mp3","lesson_relearn","lib/features/listening/presentation/lesson_intro_screen.dart"
"Mình học lại bài Body Words nhé.","vi-VN","current","ready","assets/audio/CURRICULUM/28cbc80a85abad522c405776.vi.v1.mp3","lesson_relearn","lib/features/listening/presentation/lesson_intro_screen.dart"
"Mình học lại bài Buy or Save? nhé.","vi-VN","current","ready","assets/audio/CURRICULUM/e45bc07b3395467ab4240292.vi.v1.mp3","lesson_relearn","lib/features/listening/presentation/lesson_intro_screen.dart"
"Mình học lại bài Choose One nhé.","vi-VN","current","ready","assets/audio/CURRICULUM/40cc87f0555e82178f798cff.vi.v1.mp3","lesson_relearn","lib/features/listening/presentation/lesson_intro_screen.dart"
"Mình học lại bài Classroom Talk nhé.","vi-VN","current","ready","assets/audio/CURRICULUM/ea5c614d60ff721c389b4e50.vi.v1.mp3","lesson_relearn","lib/features/listening/presentation/lesson_intro_screen.dart"
"Mình học lại bài Color Words nhé.","vi-VN","current","ready","assets/audio/CURRICULUM/ae1dc33de6aebfd2c072d6f0.vi.v1.mp3","lesson_relearn","lib/features/listening/presentation/lesson_intro_screen.dart"
"Mình học lại bài Colors on Things nhé.","vi-VN","current","ready","assets/audio/CURRICULUM/5714b8bc47e82841b524071f.vi.v1.mp3","lesson_relearn","lib/features/listening/presentation/lesson_intro_screen.dart"
"Mình học lại bài Compare Two nhé.","vi-VN","current","ready","assets/audio/CURRICULUM/c24f4d47345a1a9f13927620.vi.v1.mp3","lesson_relearn","lib/features/listening/presentation/lesson_intro_screen.dart"
"Mình học lại bài Count With Me nhé.","vi-VN","current","ready","assets/audio/CURRICULUM/aaefc7d3151a04792ab40f0f.vi.v1.mp3","lesson_relearn","lib/features/listening/presentation/lesson_intro_screen.dart"
"Mình học lại bài Day Actions nhé.","vi-VN","current","ready","assets/audio/CURRICULUM/760ea0f85a9e1c0ad7660ae5.vi.v1.mp3","lesson_relearn","lib/features/listening/presentation/lesson_intro_screen.dart"
"Mình học lại bài Device Uses nhé.","vi-VN","current","ready","assets/audio/CURRICULUM/af8cb7f5d2f848fd3ddef047.vi.v1.mp3","lesson_relearn","lib/features/listening/presentation/lesson_intro_screen.dart"
"Mình học lại bài Do You Like? nhé.","vi-VN","current","ready","assets/audio/CURRICULUM/f767956b4d393ade6e91801b.vi.v1.mp3","lesson_relearn","lib/features/listening/presentation/lesson_intro_screen.dart"
"Mình học lại bài Family Words nhé.","vi-VN","current","ready","assets/audio/CURRICULUM/f18d4282e393cfd03b959297.vi.v1.mp3","lesson_relearn","lib/features/listening/presentation/lesson_intro_screen.dart"
"Mình học lại bài Feel Better nhé.","vi-VN","current","ready","assets/audio/CURRICULUM/c3389a8ea30c11dd9eafa368.vi.v1.mp3","lesson_relearn","lib/features/listening/presentation/lesson_intro_screen.dart"
"Mình học lại bài Food Words nhé.","vi-VN","current","ready","assets/audio/CURRICULUM/4d06d665e1b2276f5e4ae19c.vi.v1.mp3","lesson_relearn","lib/features/listening/presentation/lesson_intro_screen.dart"
"Mình học lại bài Food, Please nhé.","vi-VN","current","ready","assets/audio/CURRICULUM/1ce137e96891bd441a4dd268.vi.v1.mp3","lesson_relearn","lib/features/listening/presentation/lesson_intro_screen.dart"
"Mình học lại bài Getting There nhé.","vi-VN","current","ready","assets/audio/CURRICULUM/29e4d035a0fdd8bc550743a1.vi.v1.mp3","lesson_relearn","lib/features/listening/presentation/lesson_intro_screen.dart"
"Mình học lại bài Give a Reason nhé.","vi-VN","current","ready","assets/audio/CURRICULUM/ca4792dd29dea83c789590a2.vi.v1.mp3","lesson_relearn","lib/features/listening/presentation/lesson_intro_screen.dart"
"Mình học lại bài Go Green nhé.","vi-VN","current","ready","assets/audio/CURRICULUM/e3aaf53f234c6031dbaf01fd.vi.v1.mp3","lesson_relearn","lib/features/listening/presentation/lesson_intro_screen.dart"
"Mình học lại bài Good At nhé.","vi-VN","current","ready","assets/audio/CURRICULUM/473ed249dccdcff5df45b024.vi.v1.mp3","lesson_relearn","lib/features/listening/presentation/lesson_intro_screen.dart"
"Mình học lại bài Good Habits nhé.","vi-VN","current","ready","assets/audio/CURRICULUM/bb1299d828fa75f72a874f46.vi.v1.mp3","lesson_relearn","lib/features/listening/presentation/lesson_intro_screen.dart"
"Mình học lại bài Happy Day nhé.","vi-VN","current","ready","assets/audio/CURRICULUM/d078747d82bd16d60ad88d2e.vi.v1.mp3","lesson_relearn","lib/features/listening/presentation/lesson_intro_screen.dart"
"Mình học lại bài Healthy Actions nhé.","vi-VN","current","ready","assets/audio/CURRICULUM/4f44bf2c76fe643cdc729097.vi.v1.mp3","lesson_relearn","lib/features/listening/presentation/lesson_intro_screen.dart"
"Mình học lại bài Help a Friend nhé.","vi-VN","current","ready","assets/audio/CURRICULUM/e94a2a9e9ab22eef45c6496c.vi.v1.mp3","lesson_relearn","lib/features/listening/presentation/lesson_intro_screen.dart"
"Mình học lại bài Hobby Skills nhé.","vi-VN","current","ready","assets/audio/CURRICULUM/fe06d31bb3ecb9ec525f8bba.vi.v1.mp3","lesson_relearn","lib/features/listening/presentation/lesson_intro_screen.dart"
"Mình học lại bài Hobby Time nhé.","vi-VN","current","ready","assets/audio/CURRICULUM/fb6e359c7f0885ced76f167d.vi.v1.mp3","lesson_relearn","lib/features/listening/presentation/lesson_intro_screen.dart"
"Mình học lại bài How Do You Go? nhé.","vi-VN","current","ready","assets/audio/CURRICULUM/e9639b005e6350fc662f7401.vi.v1.mp3","lesson_relearn","lib/features/listening/presentation/lesson_intro_screen.dart"
"Mình học lại bài How Much? nhé.","vi-VN","current","ready","assets/audio/CURRICULUM/a662e12afd97af9f2c1da7f7.vi.v1.mp3","lesson_relearn","lib/features/listening/presentation/lesson_intro_screen.dart"
"Mình học lại bài In Class nhé.","vi-VN","current","ready","assets/audio/CURRICULUM/724d3863773a5e7554a1aee6.vi.v1.mp3","lesson_relearn","lib/features/listening/presentation/lesson_intro_screen.dart"
"Mình học lại bài J to R Letters nhé.","vi-VN","current","ready","assets/audio/CURRICULUM/20f1cca11ad1d8620773e3af.vi.v1.mp3","lesson_relearn","lib/features/listening/presentation/lesson_intro_screen.dart"
"Mình học lại bài J to R Words nhé.","vi-VN","current","ready","assets/audio/CURRICULUM/50f200d286cb715857c5b341.vi.v1.mp3","lesson_relearn","lib/features/listening/presentation/lesson_intro_screen.dart"
"Mình học lại bài Make a Plan nhé.","vi-VN","current","ready","assets/audio/CURRICULUM/718325ab8b0cb87189d2a41d.vi.v1.mp3","lesson_relearn","lib/features/listening/presentation/lesson_intro_screen.dart"
"Mình học lại bài Meet My Family nhé.","vi-VN","current","ready","assets/audio/CURRICULUM/5d8ad1a3e02fdc494f74e0d8.vi.v1.mp3","lesson_relearn","lib/features/listening/presentation/lesson_intro_screen.dart"
"Mình học lại bài Menu Words nhé.","vi-VN","current","ready","assets/audio/CURRICULUM/3a99547284ce1f7b4f45f6f2.vi.v1.mp3","lesson_relearn","lib/features/listening/presentation/lesson_intro_screen.dart"
"Mình học lại bài Move With Me nhé.","vi-VN","current","ready","assets/audio/CURRICULUM/d6e008211a8ead8e58985c9d.vi.v1.mp3","lesson_relearn","lib/features/listening/presentation/lesson_intro_screen.dart"
"Mình học lại bài My Choice nhé.","vi-VN","current","ready","assets/audio/CURRICULUM/38a2daa40b01f9e53977c052.vi.v1.mp3","lesson_relearn","lib/features/listening/presentation/lesson_intro_screen.dart"
"Mình học lại bài My Devices nhé.","vi-VN","current","ready","assets/audio/CURRICULUM/8d6faa26f449b9b57450e647.vi.v1.mp3","lesson_relearn","lib/features/listening/presentation/lesson_intro_screen.dart"
"Mình học lại bài My Feelings nhé.","vi-VN","current","ready","assets/audio/CURRICULUM/304ff5aa14f76513737fa566.vi.v1.mp3","lesson_relearn","lib/features/listening/presentation/lesson_intro_screen.dart"
"Mình học lại bài My Goal nhé.","vi-VN","current","ready","assets/audio/CURRICULUM/64f41179235a79c5bff9992c.vi.v1.mp3","lesson_relearn","lib/features/listening/presentation/lesson_intro_screen.dart"
"Mình học lại bài My Opinion nhé.","vi-VN","current","ready","assets/audio/CURRICULUM/504272be0244ef49af8dd97f.vi.v1.mp3","lesson_relearn","lib/features/listening/presentation/lesson_intro_screen.dart"
"Mình học lại bài My Order nhé.","vi-VN","current","ready","assets/audio/CURRICULUM/9835266ee8f7764f7690a9f5.vi.v1.mp3","lesson_relearn","lib/features/listening/presentation/lesson_intro_screen.dart"
"Mình học lại bài My Plan nhé.","vi-VN","current","ready","assets/audio/CURRICULUM/74ece38376ac40855bc8e33a.vi.v1.mp3","lesson_relearn","lib/features/listening/presentation/lesson_intro_screen.dart"
"Mình học lại bài My Routine nhé.","vi-VN","current","ready","assets/audio/CURRICULUM/56e3e8d9bc0f85a489588805.vi.v1.mp3","lesson_relearn","lib/features/listening/presentation/lesson_intro_screen.dart"
"Mình học lại bài My Skills nhé.","vi-VN","current","ready","assets/audio/CURRICULUM/cecdcc7e57ad443777994a64.vi.v1.mp3","lesson_relearn","lib/features/listening/presentation/lesson_intro_screen.dart"
"Mình học lại bài My Turn nhé.","vi-VN","current","ready","assets/audio/CURRICULUM/1e2e538b1d834efcbe26c93b.vi.v1.mp3","lesson_relearn","lib/features/listening/presentation/lesson_intro_screen.dart"
"Mình học lại bài My Week nhé.","vi-VN","current","ready","assets/audio/CURRICULUM/d5b881afe708f67a04cec9e0.vi.v1.mp3","lesson_relearn","lib/features/listening/presentation/lesson_intro_screen.dart"
"Mình học lại bài này từ đầu nha.","vi-VN","catalog_only","ready","assets/audio/MAIN/AI-044.vi.v1.mp3","assistant_catalog","lib/features/voice_navigation/domain/homi_fallback_catalog.dart"
"Mình học lại bài này từ đầu nhé","vi-VN","current","ready","assets/audio/MAIN/RUN-029.vi.v1.mp3","main_flow","lib/features/voice_navigation/application/main_voice_assistant_flow.dart"
"Mình học lại bài Next Step nhé.","vi-VN","current","ready","assets/audio/CURRICULUM/d2fc9c3b671536ce0d6384c0.vi.v1.mp3","lesson_relearn","lib/features/listening/presentation/lesson_intro_screen.dart"
"Mình học lại bài Numbers 1-10 nhé.","vi-VN","current","ready","assets/audio/CURRICULUM/d160130afc3d0b69248aadbf.vi.v1.mp3","lesson_relearn","lib/features/listening/presentation/lesson_intro_screen.dart"
"Mình học lại bài Numbers 11-20 nhé.","vi-VN","current","ready","assets/audio/CURRICULUM/9ef887da48c9c1c1ece1933a.vi.v1.mp3","lesson_relearn","lib/features/listening/presentation/lesson_intro_screen.dart"
"Mình học lại bài Numbers in Life nhé.","vi-VN","current","ready","assets/audio/CURRICULUM/03361d69bec5c8291d1af47f.vi.v1.mp3","lesson_relearn","lib/features/listening/presentation/lesson_intro_screen.dart"
"Mình học lại bài One to Ten nhé.","vi-VN","current","ready","assets/audio/CURRICULUM/ff53e0750c5a6b217e7bf308.vi.v1.mp3","lesson_relearn","lib/features/listening/presentation/lesson_intro_screen.dart"
"Mình học lại bài Online Words nhé.","vi-VN","current","ready","assets/audio/CURRICULUM/111bd9e3050b17df6d709423.vi.v1.mp3","lesson_relearn","lib/features/listening/presentation/lesson_intro_screen.dart"
"Mình học lại bài Place Words nhé.","vi-VN","current","ready","assets/audio/CURRICULUM/57634c684a018400eee0c033.vi.v1.mp3","lesson_relearn","lib/features/listening/presentation/lesson_intro_screen.dart"
"Mình học lại bài Plan My Time nhé.","vi-VN","current","ready","assets/audio/CURRICULUM/694958a342a450007ddfe913.vi.v1.mp3","lesson_relearn","lib/features/listening/presentation/lesson_intro_screen.dart"
"Mình học lại bài Plan the Day nhé.","vi-VN","current","ready","assets/audio/CURRICULUM/e2ed43908ae99568d85a6d24.vi.v1.mp3","lesson_relearn","lib/features/listening/presentation/lesson_intro_screen.dart"
"Mình học lại bài Plan Words nhé.","vi-VN","current","ready","assets/audio/CURRICULUM/847e655d91653384d03e1969.vi.v1.mp3","lesson_relearn","lib/features/listening/presentation/lesson_intro_screen.dart"
"Mình học lại bài Play Together nhé.","vi-VN","current","ready","assets/audio/CURRICULUM/293995e785865993671b7707.vi.v1.mp3","lesson_relearn","lib/features/listening/presentation/lesson_intro_screen.dart"
"Mình học lại bài Polite Replies nhé.","vi-VN","current","ready","assets/audio/CURRICULUM/092395ae4c20dc37461a3d32.vi.v1.mp3","lesson_relearn","lib/features/listening/presentation/lesson_intro_screen.dart"
"Mình học lại bài Price & Budget nhé.","vi-VN","current","ready","assets/audio/CURRICULUM/37961d293632176c395592ee.vi.v1.mp3","lesson_relearn","lib/features/listening/presentation/lesson_intro_screen.dart"
"Mình học lại bài Private Info nhé.","vi-VN","current","ready","assets/audio/CURRICULUM/e961640db7e99b560ee573fe.vi.v1.mp3","lesson_relearn","lib/features/listening/presentation/lesson_intro_screen.dart"
"Mình học lại bài Problem Phrases nhé.","vi-VN","current","ready","assets/audio/CURRICULUM/998f99461d21bc30875c6ab5.vi.v1.mp3","lesson_relearn","lib/features/listening/presentation/lesson_intro_screen.dart"
"Mình học lại bài S to Z Letters nhé.","vi-VN","current","ready","assets/audio/CURRICULUM/978e90ca6c8e172411e918d2.vi.v1.mp3","lesson_relearn","lib/features/listening/presentation/lesson_intro_screen.dart"
"Mình học lại bài S to Z Words nhé.","vi-VN","current","ready","assets/audio/CURRICULUM/e98560a538d4e5fe7c78e3f9.vi.v1.mp3","lesson_relearn","lib/features/listening/presentation/lesson_intro_screen.dart"
"Mình học lại bài Save Resources nhé.","vi-VN","current","ready","assets/audio/CURRICULUM/9bf65e70da201a1c7ce2b770.vi.v1.mp3","lesson_relearn","lib/features/listening/presentation/lesson_intro_screen.dart"
"Mình học lại bài School Subjects nhé.","vi-VN","current","ready","assets/audio/CURRICULUM/c1eb5259cc6252e92af5f66f.vi.v1.mp3","lesson_relearn","lib/features/listening/presentation/lesson_intro_screen.dart"
"Mình học lại bài School Words nhé.","vi-VN","current","ready","assets/audio/CURRICULUM/603bee993a433042be7f2cae.vi.v1.mp3","lesson_relearn","lib/features/listening/presentation/lesson_intro_screen.dart"
"Mình học lại bài Shape Words nhé.","vi-VN","current","ready","assets/audio/CURRICULUM/90a3f7b3ca0a3fd71226450b.vi.v1.mp3","lesson_relearn","lib/features/listening/presentation/lesson_intro_screen.dart"
"Mình học lại bài Shapes Around Me nhé.","vi-VN","current","ready","assets/audio/CURRICULUM/099ebfc51fa8e570887c9cba.vi.v1.mp3","lesson_relearn","lib/features/listening/presentation/lesson_intro_screen.dart"
"Mình học lại bài Shop Words nhé.","vi-VN","current","ready","assets/audio/CURRICULUM/bf2ca6ee676dc810a0ab1417.vi.v1.mp3","lesson_relearn","lib/features/listening/presentation/lesson_intro_screen.dart"
"Mình học lại bài Simple Directions nhé.","vi-VN","current","ready","assets/audio/CURRICULUM/ae9e09aa78e8612152bf3a08.vi.v1.mp3","lesson_relearn","lib/features/listening/presentation/lesson_intro_screen.dart"
"Mình học lại bài Simple Solutions nhé.","vi-VN","current","ready","assets/audio/CURRICULUM/09ca2f88abcd9e180a757d14.vi.v1.mp3","lesson_relearn","lib/features/listening/presentation/lesson_intro_screen.dart"
"Mình học lại bài Small Steps nhé.","vi-VN","current","ready","assets/audio/CURRICULUM/c8e6ac97074c6d038eba311d.vi.v1.mp3","lesson_relearn","lib/features/listening/presentation/lesson_intro_screen.dart"
"Mình học lại bài Station Words nhé.","vi-VN","current","ready","assets/audio/CURRICULUM/d8c1cd5b481e6a8d2d29f9f7.vi.v1.mp3","lesson_relearn","lib/features/listening/presentation/lesson_intro_screen.dart"
"Mình học lại bài Stay Clean nhé.","vi-VN","current","ready","assets/audio/CURRICULUM/bfe3f0cbe5c912f0c2c3eb54.vi.v1.mp3","lesson_relearn","lib/features/listening/presentation/lesson_intro_screen.dart"
"Mình học lại bài Stay Private nhé.","vi-VN","current","ready","assets/audio/CURRICULUM/126bb678b3bbb82917900fad.vi.v1.mp3","lesson_relearn","lib/features/listening/presentation/lesson_intro_screen.dart"
"Mình học lại bài Stay Safe nhé.","vi-VN","current","ready","assets/audio/CURRICULUM/23b938454ff5c38d984d5412.vi.v1.mp3","lesson_relearn","lib/features/listening/presentation/lesson_intro_screen.dart"
"Mình học lại bài Stress Signs nhé.","vi-VN","current","ready","assets/audio/CURRICULUM/a9dfd25b2b5d31ae48e31f3d.vi.v1.mp3","lesson_relearn","lib/features/listening/presentation/lesson_intro_screen.dart"
"Mình học lại bài Study Actions nhé.","vi-VN","current","ready","assets/audio/CURRICULUM/05937cb8138df4221d752ec3.vi.v1.mp3","lesson_relearn","lib/features/listening/presentation/lesson_intro_screen.dart"
"Mình học lại bài Study Routine nhé.","vi-VN","current","ready","assets/audio/CURRICULUM/3cb072bb2f6906dbde445d4a.vi.v1.mp3","lesson_relearn","lib/features/listening/presentation/lesson_intro_screen.dart"
"Mình học lại bài Tasty Foods nhé.","vi-VN","current","ready","assets/audio/CURRICULUM/b7389f79632a8ae22c97cfb6.vi.v1.mp3","lesson_relearn","lib/features/listening/presentation/lesson_intro_screen.dart"
"Mình học lại bài Tell What Happened nhé.","vi-VN","current","ready","assets/audio/CURRICULUM/845d460186ed302f7269d5a1.vi.v1.mp3","lesson_relearn","lib/features/listening/presentation/lesson_intro_screen.dart"
"Mình học lại bài Time & Tasks nhé.","vi-VN","current","ready","assets/audio/CURRICULUM/ad04a6d001620af6bf2f6e58.vi.v1.mp3","lesson_relearn","lib/features/listening/presentation/lesson_intro_screen.dart"
"Mình học lại bài Time Blocks nhé.","vi-VN","current","ready","assets/audio/CURRICULUM/04e88f208afb88171ad665c1.vi.v1.mp3","lesson_relearn","lib/features/listening/presentation/lesson_intro_screen.dart"
"Mình học lại bài Town Places nhé.","vi-VN","current","ready","assets/audio/CURRICULUM/f115b7d62c366c84dd813fec.vi.v1.mp3","lesson_relearn","lib/features/listening/presentation/lesson_intro_screen.dart"
"Mình học lại bài Transport Words nhé.","vi-VN","current","ready","assets/audio/CURRICULUM/552247bc982a8c37ec29f2b0.vi.v1.mp3","lesson_relearn","lib/features/listening/presentation/lesson_intro_screen.dart"
"Mình học lại bài Weather Choices nhé.","vi-VN","current","ready","assets/audio/CURRICULUM/75da28d289e34c2dd326ea13.vi.v1.mp3","lesson_relearn","lib/features/listening/presentation/lesson_intro_screen.dart"
"Mình học lại bài Weather Words nhé.","vi-VN","current","ready","assets/audio/CURRICULUM/e0692b04e97ab861e8c7e03b.vi.v1.mp3","lesson_relearn","lib/features/listening/presentation/lesson_intro_screen.dart"
"Mình học lại bài Weekend Fun nhé.","vi-VN","current","ready","assets/audio/CURRICULUM/ff0be261eb3024d1a54db11d.vi.v1.mp3","lesson_relearn","lib/features/listening/presentation/lesson_intro_screen.dart"
"Mình học lại bài Weekend Words nhé.","vi-VN","current","ready","assets/audio/CURRICULUM/ba5f3f7353d8c5198d733066.vi.v1.mp3","lesson_relearn","lib/features/listening/presentation/lesson_intro_screen.dart"
"Mình học lại bài Weekly Activities nhé.","vi-VN","current","ready","assets/audio/CURRICULUM/3f7979e77ff595752ae90e4f.vi.v1.mp3","lesson_relearn","lib/features/listening/presentation/lesson_intro_screen.dart"
"Mình học lại bài What Color? nhé.","vi-VN","current","ready","assets/audio/CURRICULUM/64e863cf0e16d9290ab63d42.vi.v1.mp3","lesson_relearn","lib/features/listening/presentation/lesson_intro_screen.dart"
"Mình học lại bài What Shape? nhé.","vi-VN","current","ready","assets/audio/CURRICULUM/97bdbca94616fba92a1e64a9.vi.v1.mp3","lesson_relearn","lib/features/listening/presentation/lesson_intro_screen.dart"
"Mình học lại bài What to Wear? nhé.","vi-VN","current","ready","assets/audio/CURRICULUM/63ae071075ecee28ef99a6c4.vi.v1.mp3","lesson_relearn","lib/features/listening/presentation/lesson_intro_screen.dart"
"Mình học lại bài Where Are We? nhé.","vi-VN","current","ready","assets/audio/CURRICULUM/7fc2b9a870b7620ae705ee37.vi.v1.mp3","lesson_relearn","lib/features/listening/presentation/lesson_intro_screen.dart"
"Mình học lại bài Which Animal? nhé.","vi-VN","current","ready","assets/audio/CURRICULUM/d29f5b2704f7d9db08779412.vi.v1.mp3","lesson_relearn","lib/features/listening/presentation/lesson_intro_screen.dart"
"Mình học lại bài Yesterday Actions nhé.","vi-VN","current","ready","assets/audio/CURRICULUM/fa801568237fc5da5dd10212.vi.v1.mp3","lesson_relearn","lib/features/listening/presentation/lesson_intro_screen.dart"
"Mình học sau giờ học: I study after school hay I exercise before dinner?","vi-VN","current","ready","assets/audio/CURRICULUM/63d4fd14f2f181b59e9fcc33.vi.v1.mp3","challenge_question","lib/features/listening/presentation/lesson_challenge_screen.dart"
"Mình học sau giờ học.","vi-VN","current;catalog_only","ready","assets/audio/CURRICULUM/62db9a980124aed85cd90f50.vi.v1.mp3","core_vi;challenge_answer_vi","lib/features/listening/presentation/lesson_practice_screen.dart;assets/data/listening_lessons.json"
"Mình học tiếp bài “A to I Letters” nhé. Bắt đầu từ chỗ lúc trước nào!","vi-VN","compatibility","missing_exact_audio","","legacy_guide","lib/features/listening/domain/lesson_guide_flow.dart"
"Mình học tiếp bài “A to I Words” nhé. Bắt đầu từ chỗ lúc trước nào!","vi-VN","compatibility","missing_exact_audio","","legacy_guide","lib/features/listening/domain/lesson_guide_flow.dart"
"Mình học tiếp bài “Animal Abilities” nhé. Bắt đầu từ chỗ lúc trước nào!","vi-VN","compatibility","missing_exact_audio","","legacy_guide","lib/features/listening/domain/lesson_guide_flow.dart"
"Mình học tiếp bài “Animal Names” nhé. Bắt đầu từ chỗ lúc trước nào!","vi-VN","compatibility","missing_exact_audio","","legacy_guide","lib/features/listening/domain/lesson_guide_flow.dart"
"Mình học tiếp bài “Animal Words” nhé. Bắt đầu từ chỗ lúc trước nào!","vi-VN","compatibility","missing_exact_audio","","legacy_guide","lib/features/listening/domain/lesson_guide_flow.dart"
"Mình học tiếp bài “Ask for Help” nhé. Bắt đầu từ chỗ lúc trước nào!","vi-VN","compatibility","missing_exact_audio","","legacy_guide","lib/features/listening/domain/lesson_guide_flow.dart"
"Mình học tiếp bài “Ask for Info” nhé. Bắt đầu từ chỗ lúc trước nào!","vi-VN","compatibility","missing_exact_audio","","legacy_guide","lib/features/listening/domain/lesson_guide_flow.dart"
"Mình học tiếp bài “Ask the Price” nhé. Bắt đầu từ chỗ lúc trước nào!","vi-VN","compatibility","missing_exact_audio","","legacy_guide","lib/features/listening/domain/lesson_guide_flow.dart"
"Mình học tiếp bài “Ask the Way” nhé. Bắt đầu từ chỗ lúc trước nào!","vi-VN","compatibility","missing_exact_audio","","legacy_guide","lib/features/listening/domain/lesson_guide_flow.dart"
"Mình học tiếp bài “Best Way” nhé. Bắt đầu từ chỗ lúc trước nào!","vi-VN","compatibility","missing_exact_audio","","legacy_guide","lib/features/listening/domain/lesson_guide_flow.dart"
"Mình học tiếp bài “Body Moves” nhé. Bắt đầu từ chỗ lúc trước nào!","vi-VN","compatibility","missing_exact_audio","","legacy_guide","lib/features/listening/domain/lesson_guide_flow.dart"
"Mình học tiếp bài “Body Words” nhé. Bắt đầu từ chỗ lúc trước nào!","vi-VN","compatibility","missing_exact_audio","","legacy_guide","lib/features/listening/domain/lesson_guide_flow.dart"
"Mình học tiếp bài “Buy or Save?” nhé. Bắt đầu từ chỗ lúc trước nào!","vi-VN","compatibility","missing_exact_audio","","legacy_guide","lib/features/listening/domain/lesson_guide_flow.dart"
"Mình học tiếp bài “Choose One” nhé. Bắt đầu từ chỗ lúc trước nào!","vi-VN","compatibility","missing_exact_audio","","legacy_guide","lib/features/listening/domain/lesson_guide_flow.dart"
"Mình học tiếp bài “Classroom Talk” nhé. Bắt đầu từ chỗ lúc trước nào!","vi-VN","compatibility","missing_exact_audio","","legacy_guide","lib/features/listening/domain/lesson_guide_flow.dart"
"Mình học tiếp bài “Color Words” nhé. Bắt đầu từ chỗ lúc trước nào!","vi-VN","compatibility","missing_exact_audio","","legacy_guide","lib/features/listening/domain/lesson_guide_flow.dart"
"Mình học tiếp bài “Colors on Things” nhé. Bắt đầu từ chỗ lúc trước nào!","vi-VN","compatibility","missing_exact_audio","","legacy_guide","lib/features/listening/domain/lesson_guide_flow.dart"
"Mình học tiếp bài “Compare Two” nhé. Bắt đầu từ chỗ lúc trước nào!","vi-VN","compatibility","missing_exact_audio","","legacy_guide","lib/features/listening/domain/lesson_guide_flow.dart"
"Mình học tiếp bài “Count With Me” nhé. Bắt đầu từ chỗ lúc trước nào!","vi-VN","compatibility","missing_exact_audio","","legacy_guide","lib/features/listening/domain/lesson_guide_flow.dart"
"Mình học tiếp bài “Day Actions” nhé. Bắt đầu từ chỗ lúc trước nào!","vi-VN","compatibility","missing_exact_audio","","legacy_guide","lib/features/listening/domain/lesson_guide_flow.dart"
"Mình học tiếp bài “Device Uses” nhé. Bắt đầu từ chỗ lúc trước nào!","vi-VN","compatibility","missing_exact_audio","","legacy_guide","lib/features/listening/domain/lesson_guide_flow.dart"
"Mình học tiếp bài “Do You Like?” nhé. Bắt đầu từ chỗ lúc trước nào!","vi-VN","compatibility","missing_exact_audio","","legacy_guide","lib/features/listening/domain/lesson_guide_flow.dart"
"Mình học tiếp bài “Family Words” nhé. Bắt đầu từ chỗ lúc trước nào!","vi-VN","compatibility","missing_exact_audio","","legacy_guide","lib/features/listening/domain/lesson_guide_flow.dart"
"Mình học tiếp bài “Feel Better” nhé. Bắt đầu từ chỗ lúc trước nào!","vi-VN","compatibility","missing_exact_audio","","legacy_guide","lib/features/listening/domain/lesson_guide_flow.dart"
"Mình học tiếp bài “Food Words” nhé. Bắt đầu từ chỗ lúc trước nào!","vi-VN","compatibility","missing_exact_audio","","legacy_guide","lib/features/listening/domain/lesson_guide_flow.dart"
"Mình học tiếp bài “Food, Please” nhé. Bắt đầu từ chỗ lúc trước nào!","vi-VN","compatibility","missing_exact_audio","","legacy_guide","lib/features/listening/domain/lesson_guide_flow.dart"
"Mình học tiếp bài “Getting There” nhé. Bắt đầu từ chỗ lúc trước nào!","vi-VN","compatibility","missing_exact_audio","","legacy_guide","lib/features/listening/domain/lesson_guide_flow.dart"
"Mình học tiếp bài “Give a Reason” nhé. Bắt đầu từ chỗ lúc trước nào!","vi-VN","compatibility","missing_exact_audio","","legacy_guide","lib/features/listening/domain/lesson_guide_flow.dart"
"Mình học tiếp bài “Go Green” nhé. Bắt đầu từ chỗ lúc trước nào!","vi-VN","compatibility","missing_exact_audio","","legacy_guide","lib/features/listening/domain/lesson_guide_flow.dart"
"Mình học tiếp bài “Good At” nhé. Bắt đầu từ chỗ lúc trước nào!","vi-VN","compatibility","missing_exact_audio","","legacy_guide","lib/features/listening/domain/lesson_guide_flow.dart"
"Mình học tiếp bài “Good Habits” nhé. Bắt đầu từ chỗ lúc trước nào!","vi-VN","compatibility","missing_exact_audio","","legacy_guide","lib/features/listening/domain/lesson_guide_flow.dart"
"Mình học tiếp bài “Happy Day” nhé. Bắt đầu từ chỗ lúc trước nào!","vi-VN","compatibility","missing_exact_audio","","legacy_guide","lib/features/listening/domain/lesson_guide_flow.dart"
"Mình học tiếp bài “Healthy Actions” nhé. Bắt đầu từ chỗ lúc trước nào!","vi-VN","compatibility","missing_exact_audio","","legacy_guide","lib/features/listening/domain/lesson_guide_flow.dart"
"Mình học tiếp bài “Help a Friend” nhé. Bắt đầu từ chỗ lúc trước nào!","vi-VN","compatibility","missing_exact_audio","","legacy_guide","lib/features/listening/domain/lesson_guide_flow.dart"
"Mình học tiếp bài “Hobby Skills” nhé. Bắt đầu từ chỗ lúc trước nào!","vi-VN","compatibility","missing_exact_audio","","legacy_guide","lib/features/listening/domain/lesson_guide_flow.dart"
"Mình học tiếp bài “Hobby Time” nhé. Bắt đầu từ chỗ lúc trước nào!","vi-VN","compatibility","missing_exact_audio","","legacy_guide","lib/features/listening/domain/lesson_guide_flow.dart"
"Mình học tiếp bài “How Do You Go?” nhé. Bắt đầu từ chỗ lúc trước nào!","vi-VN","compatibility","missing_exact_audio","","legacy_guide","lib/features/listening/domain/lesson_guide_flow.dart"
"Mình học tiếp bài “How Much?” nhé. Bắt đầu từ chỗ lúc trước nào!","vi-VN","compatibility","missing_exact_audio","","legacy_guide","lib/features/listening/domain/lesson_guide_flow.dart"
"Mình học tiếp bài “In Class” nhé. Bắt đầu từ chỗ lúc trước nào!","vi-VN","compatibility","missing_exact_audio","","legacy_guide","lib/features/listening/domain/lesson_guide_flow.dart"
"Mình học tiếp bài “J to R Letters” nhé. Bắt đầu từ chỗ lúc trước nào!","vi-VN","compatibility","missing_exact_audio","","legacy_guide","lib/features/listening/domain/lesson_guide_flow.dart"
"Mình học tiếp bài “J to R Words” nhé. Bắt đầu từ chỗ lúc trước nào!","vi-VN","compatibility","missing_exact_audio","","legacy_guide","lib/features/listening/domain/lesson_guide_flow.dart"
"Mình học tiếp bài “Make a Plan” nhé. Bắt đầu từ chỗ lúc trước nào!","vi-VN","compatibility","missing_exact_audio","","legacy_guide","lib/features/listening/domain/lesson_guide_flow.dart"
"Mình học tiếp bài “Meet My Family” nhé. Bắt đầu từ chỗ lúc trước nào!","vi-VN","compatibility","missing_exact_audio","","legacy_guide","lib/features/listening/domain/lesson_guide_flow.dart"
"Mình học tiếp bài “Menu Words” nhé. Bắt đầu từ chỗ lúc trước nào!","vi-VN","compatibility","missing_exact_audio","","legacy_guide","lib/features/listening/domain/lesson_guide_flow.dart"
"Mình học tiếp bài “Move With Me” nhé. Bắt đầu từ chỗ lúc trước nào!","vi-VN","compatibility","missing_exact_audio","","legacy_guide","lib/features/listening/domain/lesson_guide_flow.dart"
"Mình học tiếp bài “My Choice” nhé. Bắt đầu từ chỗ lúc trước nào!","vi-VN","compatibility","missing_exact_audio","","legacy_guide","lib/features/listening/domain/lesson_guide_flow.dart"
"Mình học tiếp bài “My Devices” nhé. Bắt đầu từ chỗ lúc trước nào!","vi-VN","compatibility","missing_exact_audio","","legacy_guide","lib/features/listening/domain/lesson_guide_flow.dart"
"Mình học tiếp bài “My Feelings” nhé. Bắt đầu từ chỗ lúc trước nào!","vi-VN","compatibility","missing_exact_audio","","legacy_guide","lib/features/listening/domain/lesson_guide_flow.dart"
"Mình học tiếp bài “My Goal” nhé. Bắt đầu từ chỗ lúc trước nào!","vi-VN","compatibility","missing_exact_audio","","legacy_guide","lib/features/listening/domain/lesson_guide_flow.dart"
"Mình học tiếp bài “My Opinion” nhé. Bắt đầu từ chỗ lúc trước nào!","vi-VN","compatibility","missing_exact_audio","","legacy_guide","lib/features/listening/domain/lesson_guide_flow.dart"
"Mình học tiếp bài “My Order” nhé. Bắt đầu từ chỗ lúc trước nào!","vi-VN","compatibility","missing_exact_audio","","legacy_guide","lib/features/listening/domain/lesson_guide_flow.dart"
"Mình học tiếp bài “My Plan” nhé. Bắt đầu từ chỗ lúc trước nào!","vi-VN","compatibility","missing_exact_audio","","legacy_guide","lib/features/listening/domain/lesson_guide_flow.dart"
"Mình học tiếp bài “My Routine” nhé. Bắt đầu từ chỗ lúc trước nào!","vi-VN","compatibility","missing_exact_audio","","legacy_guide","lib/features/listening/domain/lesson_guide_flow.dart"
"Mình học tiếp bài “My Skills” nhé. Bắt đầu từ chỗ lúc trước nào!","vi-VN","compatibility","missing_exact_audio","","legacy_guide","lib/features/listening/domain/lesson_guide_flow.dart"
"Mình học tiếp bài “My Turn” nhé. Bắt đầu từ chỗ lúc trước nào!","vi-VN","compatibility","missing_exact_audio","","legacy_guide","lib/features/listening/domain/lesson_guide_flow.dart"
"Mình học tiếp bài “My Week” nhé. Bắt đầu từ chỗ lúc trước nào!","vi-VN","compatibility","missing_exact_audio","","legacy_guide","lib/features/listening/domain/lesson_guide_flow.dart"
"Mình học tiếp bài “Next Step” nhé. Bắt đầu từ chỗ lúc trước nào!","vi-VN","compatibility","missing_exact_audio","","legacy_guide","lib/features/listening/domain/lesson_guide_flow.dart"
"Mình học tiếp bài “Numbers 1-10” nhé. Bắt đầu từ chỗ lúc trước nào!","vi-VN","compatibility","missing_exact_audio","","legacy_guide","lib/features/listening/domain/lesson_guide_flow.dart"
"Mình học tiếp bài “Numbers 11-20” nhé. Bắt đầu từ chỗ lúc trước nào!","vi-VN","compatibility","missing_exact_audio","","legacy_guide","lib/features/listening/domain/lesson_guide_flow.dart"
"Mình học tiếp bài “Numbers in Life” nhé. Bắt đầu từ chỗ lúc trước nào!","vi-VN","compatibility","missing_exact_audio","","legacy_guide","lib/features/listening/domain/lesson_guide_flow.dart"
"Mình học tiếp bài “One to Ten” nhé. Bắt đầu từ chỗ lúc trước nào!","vi-VN","compatibility","missing_exact_audio","","legacy_guide","lib/features/listening/domain/lesson_guide_flow.dart"
"Mình học tiếp bài “Online Words” nhé. Bắt đầu từ chỗ lúc trước nào!","vi-VN","compatibility","missing_exact_audio","","legacy_guide","lib/features/listening/domain/lesson_guide_flow.dart"
"Mình học tiếp bài “Place Words” nhé. Bắt đầu từ chỗ lúc trước nào!","vi-VN","compatibility","missing_exact_audio","","legacy_guide","lib/features/listening/domain/lesson_guide_flow.dart"
"Mình học tiếp bài “Plan My Time” nhé. Bắt đầu từ chỗ lúc trước nào!","vi-VN","compatibility","missing_exact_audio","","legacy_guide","lib/features/listening/domain/lesson_guide_flow.dart"
"Mình học tiếp bài “Plan the Day” nhé. Bắt đầu từ chỗ lúc trước nào!","vi-VN","compatibility","missing_exact_audio","","legacy_guide","lib/features/listening/domain/lesson_guide_flow.dart"
"Mình học tiếp bài “Plan Words” nhé. Bắt đầu từ chỗ lúc trước nào!","vi-VN","compatibility","missing_exact_audio","","legacy_guide","lib/features/listening/domain/lesson_guide_flow.dart"
"Mình học tiếp bài “Play Together” nhé. Bắt đầu từ chỗ lúc trước nào!","vi-VN","compatibility","missing_exact_audio","","legacy_guide","lib/features/listening/domain/lesson_guide_flow.dart"
"Mình học tiếp bài “Polite Replies” nhé. Bắt đầu từ chỗ lúc trước nào!","vi-VN","compatibility","missing_exact_audio","","legacy_guide","lib/features/listening/domain/lesson_guide_flow.dart"
"Mình học tiếp bài “Price & Budget” nhé. Bắt đầu từ chỗ lúc trước nào!","vi-VN","compatibility","missing_exact_audio","","legacy_guide","lib/features/listening/domain/lesson_guide_flow.dart"
"Mình học tiếp bài “Private Info” nhé. Bắt đầu từ chỗ lúc trước nào!","vi-VN","compatibility","missing_exact_audio","","legacy_guide","lib/features/listening/domain/lesson_guide_flow.dart"
"Mình học tiếp bài “Problem Phrases” nhé. Bắt đầu từ chỗ lúc trước nào!","vi-VN","compatibility","missing_exact_audio","","legacy_guide","lib/features/listening/domain/lesson_guide_flow.dart"
"Mình học tiếp bài “S to Z Letters” nhé. Bắt đầu từ chỗ lúc trước nào!","vi-VN","compatibility","missing_exact_audio","","legacy_guide","lib/features/listening/domain/lesson_guide_flow.dart"
"Mình học tiếp bài “S to Z Words” nhé. Bắt đầu từ chỗ lúc trước nào!","vi-VN","compatibility","missing_exact_audio","","legacy_guide","lib/features/listening/domain/lesson_guide_flow.dart"
"Mình học tiếp bài “Save Resources” nhé. Bắt đầu từ chỗ lúc trước nào!","vi-VN","compatibility","missing_exact_audio","","legacy_guide","lib/features/listening/domain/lesson_guide_flow.dart"
"Mình học tiếp bài “School Subjects” nhé. Bắt đầu từ chỗ lúc trước nào!","vi-VN","compatibility","missing_exact_audio","","legacy_guide","lib/features/listening/domain/lesson_guide_flow.dart"
"Mình học tiếp bài “School Words” nhé. Bắt đầu từ chỗ lúc trước nào!","vi-VN","compatibility","missing_exact_audio","","legacy_guide","lib/features/listening/domain/lesson_guide_flow.dart"
"Mình học tiếp bài “Shape Words” nhé. Bắt đầu từ chỗ lúc trước nào!","vi-VN","compatibility","missing_exact_audio","","legacy_guide","lib/features/listening/domain/lesson_guide_flow.dart"
"Mình học tiếp bài “Shapes Around Me” nhé. Bắt đầu từ chỗ lúc trước nào!","vi-VN","compatibility","missing_exact_audio","","legacy_guide","lib/features/listening/domain/lesson_guide_flow.dart"
"Mình học tiếp bài “Shop Words” nhé. Bắt đầu từ chỗ lúc trước nào!","vi-VN","compatibility","missing_exact_audio","","legacy_guide","lib/features/listening/domain/lesson_guide_flow.dart"
"Mình học tiếp bài “Simple Directions” nhé. Bắt đầu từ chỗ lúc trước nào!","vi-VN","compatibility","missing_exact_audio","","legacy_guide","lib/features/listening/domain/lesson_guide_flow.dart"
"Mình học tiếp bài “Simple Solutions” nhé. Bắt đầu từ chỗ lúc trước nào!","vi-VN","compatibility","missing_exact_audio","","legacy_guide","lib/features/listening/domain/lesson_guide_flow.dart"
"Mình học tiếp bài “Small Steps” nhé. Bắt đầu từ chỗ lúc trước nào!","vi-VN","compatibility","missing_exact_audio","","legacy_guide","lib/features/listening/domain/lesson_guide_flow.dart"
"Mình học tiếp bài “Station Words” nhé. Bắt đầu từ chỗ lúc trước nào!","vi-VN","compatibility","missing_exact_audio","","legacy_guide","lib/features/listening/domain/lesson_guide_flow.dart"
"Mình học tiếp bài “Stay Clean” nhé. Bắt đầu từ chỗ lúc trước nào!","vi-VN","compatibility","missing_exact_audio","","legacy_guide","lib/features/listening/domain/lesson_guide_flow.dart"
"Mình học tiếp bài “Stay Private” nhé. Bắt đầu từ chỗ lúc trước nào!","vi-VN","compatibility","missing_exact_audio","","legacy_guide","lib/features/listening/domain/lesson_guide_flow.dart"
"Mình học tiếp bài “Stay Safe” nhé. Bắt đầu từ chỗ lúc trước nào!","vi-VN","compatibility","missing_exact_audio","","legacy_guide","lib/features/listening/domain/lesson_guide_flow.dart"
"Mình học tiếp bài “Stress Signs” nhé. Bắt đầu từ chỗ lúc trước nào!","vi-VN","compatibility","missing_exact_audio","","legacy_guide","lib/features/listening/domain/lesson_guide_flow.dart"
"Mình học tiếp bài “Study Actions” nhé. Bắt đầu từ chỗ lúc trước nào!","vi-VN","compatibility","missing_exact_audio","","legacy_guide","lib/features/listening/domain/lesson_guide_flow.dart"
"Mình học tiếp bài “Study Routine” nhé. Bắt đầu từ chỗ lúc trước nào!","vi-VN","compatibility","missing_exact_audio","","legacy_guide","lib/features/listening/domain/lesson_guide_flow.dart"
"Mình học tiếp bài “Tasty Foods” nhé. Bắt đầu từ chỗ lúc trước nào!","vi-VN","compatibility","missing_exact_audio","","legacy_guide","lib/features/listening/domain/lesson_guide_flow.dart"
"Mình học tiếp bài “Tell What Happened” nhé. Bắt đầu từ chỗ lúc trước nào!","vi-VN","compatibility","missing_exact_audio","","legacy_guide","lib/features/listening/domain/lesson_guide_flow.dart"
"Mình học tiếp bài “Time & Tasks” nhé. Bắt đầu từ chỗ lúc trước nào!","vi-VN","compatibility","missing_exact_audio","","legacy_guide","lib/features/listening/domain/lesson_guide_flow.dart"
"Mình học tiếp bài “Time Blocks” nhé. Bắt đầu từ chỗ lúc trước nào!","vi-VN","compatibility","missing_exact_audio","","legacy_guide","lib/features/listening/domain/lesson_guide_flow.dart"
"Mình học tiếp bài “Town Places” nhé. Bắt đầu từ chỗ lúc trước nào!","vi-VN","compatibility","missing_exact_audio","","legacy_guide","lib/features/listening/domain/lesson_guide_flow.dart"
"Mình học tiếp bài “Transport Words” nhé. Bắt đầu từ chỗ lúc trước nào!","vi-VN","compatibility","missing_exact_audio","","legacy_guide","lib/features/listening/domain/lesson_guide_flow.dart"
"Mình học tiếp bài “Weather Choices” nhé. Bắt đầu từ chỗ lúc trước nào!","vi-VN","compatibility","missing_exact_audio","","legacy_guide","lib/features/listening/domain/lesson_guide_flow.dart"
"Mình học tiếp bài “Weather Words” nhé. Bắt đầu từ chỗ lúc trước nào!","vi-VN","compatibility","missing_exact_audio","","legacy_guide","lib/features/listening/domain/lesson_guide_flow.dart"
"Mình học tiếp bài “Weekend Fun” nhé. Bắt đầu từ chỗ lúc trước nào!","vi-VN","compatibility","missing_exact_audio","","legacy_guide","lib/features/listening/domain/lesson_guide_flow.dart"
"Mình học tiếp bài “Weekend Words” nhé. Bắt đầu từ chỗ lúc trước nào!","vi-VN","compatibility","missing_exact_audio","","legacy_guide","lib/features/listening/domain/lesson_guide_flow.dart"
"Mình học tiếp bài “Weekly Activities” nhé. Bắt đầu từ chỗ lúc trước nào!","vi-VN","compatibility","missing_exact_audio","","legacy_guide","lib/features/listening/domain/lesson_guide_flow.dart"
"Mình học tiếp bài “What Color?” nhé. Bắt đầu từ chỗ lúc trước nào!","vi-VN","compatibility","missing_exact_audio","","legacy_guide","lib/features/listening/domain/lesson_guide_flow.dart"
"Mình học tiếp bài “What Shape?” nhé. Bắt đầu từ chỗ lúc trước nào!","vi-VN","compatibility","missing_exact_audio","","legacy_guide","lib/features/listening/domain/lesson_guide_flow.dart"
"Mình học tiếp bài “What to Wear?” nhé. Bắt đầu từ chỗ lúc trước nào!","vi-VN","compatibility","missing_exact_audio","","legacy_guide","lib/features/listening/domain/lesson_guide_flow.dart"
"Mình học tiếp bài “Where Are We?” nhé. Bắt đầu từ chỗ lúc trước nào!","vi-VN","compatibility","missing_exact_audio","","legacy_guide","lib/features/listening/domain/lesson_guide_flow.dart"
"Mình học tiếp bài “Which Animal?” nhé. Bắt đầu từ chỗ lúc trước nào!","vi-VN","compatibility","missing_exact_audio","","legacy_guide","lib/features/listening/domain/lesson_guide_flow.dart"
"Mình học tiếp bài “Yesterday Actions” nhé. Bắt đầu từ chỗ lúc trước nào!","vi-VN","compatibility","missing_exact_audio","","legacy_guide","lib/features/listening/domain/lesson_guide_flow.dart"
"Mình học tiếp bài A to I Letters nhé.","vi-VN","conditional","ready","assets/audio/CURRICULUM/415d3287d909ef8d056c64fa.vi.v1.mp3","resume_display_shadowed_by_uri","lib/features/listening/presentation/lesson_intro_screen.dart"
"Mình học tiếp bài A to I Words nhé.","vi-VN","conditional","ready","assets/audio/CURRICULUM/b7657f609893cb3115e5961b.vi.v1.mp3","resume_display_shadowed_by_uri","lib/features/listening/presentation/lesson_intro_screen.dart"
"Mình học tiếp bài Animal Abilities nhé.","vi-VN","conditional","ready","assets/audio/CURRICULUM/6e0aa9f7a9a714d65290d41a.vi.v1.mp3","resume_display_shadowed_by_uri","lib/features/listening/presentation/lesson_intro_screen.dart"
"Mình học tiếp bài Animal Names nhé.","vi-VN","conditional","ready","assets/audio/CURRICULUM/b5a59d49db258afa30b3e53a.vi.v1.mp3","resume_display_shadowed_by_uri","lib/features/listening/presentation/lesson_intro_screen.dart"
"Mình học tiếp bài Animal Words nhé.","vi-VN","conditional","ready","assets/audio/CURRICULUM/84e94b9848d76789006aa15c.vi.v1.mp3","resume_display_shadowed_by_uri","lib/features/listening/presentation/lesson_intro_screen.dart"
"Mình học tiếp bài Ask for Help nhé.","vi-VN","conditional","ready","assets/audio/CURRICULUM/cbec91bd22827c1b4b8292b3.vi.v1.mp3","resume_display_shadowed_by_uri","lib/features/listening/presentation/lesson_intro_screen.dart"
"Mình học tiếp bài Ask for Info nhé.","vi-VN","conditional","ready","assets/audio/CURRICULUM/4261330f7543cb0bbee8caf0.vi.v1.mp3","resume_display_shadowed_by_uri","lib/features/listening/presentation/lesson_intro_screen.dart"
"Mình học tiếp bài Ask the Price nhé.","vi-VN","conditional","ready","assets/audio/CURRICULUM/f58834860e72df29fdc5cb4a.vi.v1.mp3","resume_display_shadowed_by_uri","lib/features/listening/presentation/lesson_intro_screen.dart"
"Mình học tiếp bài Ask the Way nhé.","vi-VN","conditional","ready","assets/audio/CURRICULUM/55f4cb4197c3c6a739a795ff.vi.v1.mp3","resume_display_shadowed_by_uri","lib/features/listening/presentation/lesson_intro_screen.dart"
"Mình học tiếp bài Best Way nhé.","vi-VN","conditional","ready","assets/audio/CURRICULUM/7ea5113d38bfe234b1c61528.vi.v1.mp3","resume_display_shadowed_by_uri","lib/features/listening/presentation/lesson_intro_screen.dart"
"Mình học tiếp bài Body Moves nhé.","vi-VN","conditional","ready","assets/audio/CURRICULUM/80d89fd33341e522780e44e7.vi.v1.mp3","resume_display_shadowed_by_uri","lib/features/listening/presentation/lesson_intro_screen.dart"
"Mình học tiếp bài Body Words nhé.","vi-VN","conditional","ready","assets/audio/CURRICULUM/42fd359944c96ca047fbb209.vi.v1.mp3","resume_display_shadowed_by_uri","lib/features/listening/presentation/lesson_intro_screen.dart"
"Mình học tiếp bài Buy or Save? nhé.","vi-VN","conditional","ready","assets/audio/CURRICULUM/363f753b3f2bf1534818eff0.vi.v1.mp3","resume_display_shadowed_by_uri","lib/features/listening/presentation/lesson_intro_screen.dart"
"Mình học tiếp bài Choose One nhé.","vi-VN","conditional","ready","assets/audio/CURRICULUM/87df01dea210c61281b15165.vi.v1.mp3","resume_display_shadowed_by_uri","lib/features/listening/presentation/lesson_intro_screen.dart"
"Mình học tiếp bài Classroom Talk nhé.","vi-VN","conditional","ready","assets/audio/CURRICULUM/d4b3184c7bd26dff62222e2f.vi.v1.mp3","resume_display_shadowed_by_uri","lib/features/listening/presentation/lesson_intro_screen.dart"
"Mình học tiếp bài Color Words nhé.","vi-VN","conditional","ready","assets/audio/CURRICULUM/1187b3093d1565ff1b5d92e5.vi.v1.mp3","resume_display_shadowed_by_uri","lib/features/listening/presentation/lesson_intro_screen.dart"
"Mình học tiếp bài Colors on Things nhé.","vi-VN","conditional","ready","assets/audio/CURRICULUM/2bd6665c7d1b94e2d0cc609c.vi.v1.mp3","resume_display_shadowed_by_uri","lib/features/listening/presentation/lesson_intro_screen.dart"
"Mình học tiếp bài Compare Two nhé.","vi-VN","conditional","ready","assets/audio/CURRICULUM/1e76478594ba15c88cb2f36b.vi.v1.mp3","resume_display_shadowed_by_uri","lib/features/listening/presentation/lesson_intro_screen.dart"
"Mình học tiếp bài Count With Me nhé.","vi-VN","conditional","ready","assets/audio/CURRICULUM/5a6c2db3f11015f37420eaf1.vi.v1.mp3","resume_display_shadowed_by_uri","lib/features/listening/presentation/lesson_intro_screen.dart"
"Mình học tiếp bài Day Actions nhé.","vi-VN","conditional","ready","assets/audio/CURRICULUM/d77c08aba159bdb0930a0379.vi.v1.mp3","resume_display_shadowed_by_uri","lib/features/listening/presentation/lesson_intro_screen.dart"
"Mình học tiếp bài Device Uses nhé.","vi-VN","conditional","ready","assets/audio/CURRICULUM/0dee9e38dcd01930308e4ae3.vi.v1.mp3","resume_display_shadowed_by_uri","lib/features/listening/presentation/lesson_intro_screen.dart"
"Mình học tiếp bài Do You Like? nhé.","vi-VN","conditional","ready","assets/audio/CURRICULUM/7d121de90c844bf01897ab82.vi.v1.mp3","resume_display_shadowed_by_uri","lib/features/listening/presentation/lesson_intro_screen.dart"
"Mình học tiếp bài Family Words nhé.","vi-VN","conditional","ready","assets/audio/CURRICULUM/246a13e79b3b955e39b35b66.vi.v1.mp3","resume_display_shadowed_by_uri","lib/features/listening/presentation/lesson_intro_screen.dart"
"Mình học tiếp bài Feel Better nhé.","vi-VN","conditional","ready","assets/audio/CURRICULUM/07a2332747f1c2519873833f.vi.v1.mp3","resume_display_shadowed_by_uri","lib/features/listening/presentation/lesson_intro_screen.dart"
"Mình học tiếp bài Food Words nhé.","vi-VN","conditional","ready","assets/audio/CURRICULUM/c722d646563abe371dbd7a56.vi.v1.mp3","resume_display_shadowed_by_uri","lib/features/listening/presentation/lesson_intro_screen.dart"
"Mình học tiếp bài Food, Please nhé.","vi-VN","conditional","ready","assets/audio/CURRICULUM/4bd3c269e94e6f51d945b8bb.vi.v1.mp3","resume_display_shadowed_by_uri","lib/features/listening/presentation/lesson_intro_screen.dart"
"Mình học tiếp bài Getting There nhé.","vi-VN","conditional","ready","assets/audio/CURRICULUM/cb992b4cd846f256f10ea564.vi.v1.mp3","resume_display_shadowed_by_uri","lib/features/listening/presentation/lesson_intro_screen.dart"
"Mình học tiếp bài Give a Reason nhé.","vi-VN","conditional","ready","assets/audio/CURRICULUM/cd77195ca2354a6391ee2d8e.vi.v1.mp3","resume_display_shadowed_by_uri","lib/features/listening/presentation/lesson_intro_screen.dart"
"Mình học tiếp bài Go Green nhé.","vi-VN","conditional","ready","assets/audio/CURRICULUM/8143fff1fd6e4459ded6c534.vi.v1.mp3","resume_display_shadowed_by_uri","lib/features/listening/presentation/lesson_intro_screen.dart"
"Mình học tiếp bài Good At nhé.","vi-VN","conditional","ready","assets/audio/CURRICULUM/674ab25de4a2b068198f4f2b.vi.v1.mp3","resume_display_shadowed_by_uri","lib/features/listening/presentation/lesson_intro_screen.dart"
"Mình học tiếp bài Good Habits nhé.","vi-VN","conditional","ready","assets/audio/CURRICULUM/799e8e68cbe7788583daed39.vi.v1.mp3","resume_display_shadowed_by_uri","lib/features/listening/presentation/lesson_intro_screen.dart"
"Mình học tiếp bài Happy Day nhé.","vi-VN","conditional","ready","assets/audio/CURRICULUM/7dcfc4098eba6d8a919cf026.vi.v1.mp3","resume_display_shadowed_by_uri","lib/features/listening/presentation/lesson_intro_screen.dart"
"Mình học tiếp bài Healthy Actions nhé.","vi-VN","conditional","ready","assets/audio/CURRICULUM/fbe822155d83bddc946f78d4.vi.v1.mp3","resume_display_shadowed_by_uri","lib/features/listening/presentation/lesson_intro_screen.dart"
"Mình học tiếp bài Help a Friend nhé.","vi-VN","conditional","ready","assets/audio/CURRICULUM/1cbf30197f8b9b0c5fe476c4.vi.v1.mp3","resume_display_shadowed_by_uri","lib/features/listening/presentation/lesson_intro_screen.dart"
"Mình học tiếp bài Hobby Skills nhé.","vi-VN","conditional","ready","assets/audio/CURRICULUM/46560748d4ca419a6f53bd76.vi.v1.mp3","resume_display_shadowed_by_uri","lib/features/listening/presentation/lesson_intro_screen.dart"
"Mình học tiếp bài Hobby Time nhé.","vi-VN","conditional","ready","assets/audio/CURRICULUM/84817b34aef4ed9a1a146a75.vi.v1.mp3","resume_display_shadowed_by_uri","lib/features/listening/presentation/lesson_intro_screen.dart"
"Mình học tiếp bài How Do You Go? nhé.","vi-VN","conditional","ready","assets/audio/CURRICULUM/b4c473f25d1c6585c92d7026.vi.v1.mp3","resume_display_shadowed_by_uri","lib/features/listening/presentation/lesson_intro_screen.dart"
"Mình học tiếp bài How Much? nhé.","vi-VN","conditional","ready","assets/audio/CURRICULUM/2d0fb765a8c1d0dabc3a5f15.vi.v1.mp3","resume_display_shadowed_by_uri","lib/features/listening/presentation/lesson_intro_screen.dart"
"Mình học tiếp bài In Class nhé.","vi-VN","conditional","ready","assets/audio/CURRICULUM/125ba0303bf6ff2ea701d47e.vi.v1.mp3","resume_display_shadowed_by_uri","lib/features/listening/presentation/lesson_intro_screen.dart"
"Mình học tiếp bài J to R Letters nhé.","vi-VN","conditional","ready","assets/audio/CURRICULUM/50ea4f0ff4cd8649636d8383.vi.v1.mp3","resume_display_shadowed_by_uri","lib/features/listening/presentation/lesson_intro_screen.dart"
"Mình học tiếp bài J to R Words nhé.","vi-VN","conditional","ready","assets/audio/CURRICULUM/646669f2ef94c95721b0e7a5.vi.v1.mp3","resume_display_shadowed_by_uri","lib/features/listening/presentation/lesson_intro_screen.dart"
"Mình học tiếp bài Make a Plan nhé.","vi-VN","conditional","ready","assets/audio/CURRICULUM/173020f13483d5776ea56e0c.vi.v1.mp3","resume_display_shadowed_by_uri","lib/features/listening/presentation/lesson_intro_screen.dart"
"Mình học tiếp bài Meet My Family nhé.","vi-VN","conditional","ready","assets/audio/CURRICULUM/14db4db9d52ff91cc5054d5a.vi.v1.mp3","resume_display_shadowed_by_uri","lib/features/listening/presentation/lesson_intro_screen.dart"
"Mình học tiếp bài Menu Words nhé.","vi-VN","conditional","ready","assets/audio/CURRICULUM/5f56ff8fb743611ed2f12a65.vi.v1.mp3","resume_display_shadowed_by_uri","lib/features/listening/presentation/lesson_intro_screen.dart"
"Mình học tiếp bài Move With Me nhé.","vi-VN","conditional","ready","assets/audio/CURRICULUM/74570a25cfb9192b5f83eac6.vi.v1.mp3","resume_display_shadowed_by_uri","lib/features/listening/presentation/lesson_intro_screen.dart"
"Mình học tiếp bài My Choice nhé.","vi-VN","conditional","ready","assets/audio/CURRICULUM/e17025aa1be911e2308d9416.vi.v1.mp3","resume_display_shadowed_by_uri","lib/features/listening/presentation/lesson_intro_screen.dart"
"Mình học tiếp bài My Devices nhé.","vi-VN","conditional","ready","assets/audio/CURRICULUM/32b521fefa0816c3a0643107.vi.v1.mp3","resume_display_shadowed_by_uri","lib/features/listening/presentation/lesson_intro_screen.dart"
"Mình học tiếp bài My Feelings nhé.","vi-VN","conditional","ready","assets/audio/CURRICULUM/665d9b6ab892a0a23c6e7a83.vi.v1.mp3","resume_display_shadowed_by_uri","lib/features/listening/presentation/lesson_intro_screen.dart"
"Mình học tiếp bài My Goal nhé.","vi-VN","conditional","ready","assets/audio/CURRICULUM/369741828b9ddfdfbc78974d.vi.v1.mp3","resume_display_shadowed_by_uri","lib/features/listening/presentation/lesson_intro_screen.dart"
"Mình học tiếp bài My Opinion nhé.","vi-VN","conditional","ready","assets/audio/CURRICULUM/9cc8651802b5d84f73aff77c.vi.v1.mp3","resume_display_shadowed_by_uri","lib/features/listening/presentation/lesson_intro_screen.dart"
"Mình học tiếp bài My Order nhé.","vi-VN","conditional","ready","assets/audio/CURRICULUM/a38a7ae667d2214b8a82c638.vi.v1.mp3","resume_display_shadowed_by_uri","lib/features/listening/presentation/lesson_intro_screen.dart"
"Mình học tiếp bài My Plan nhé.","vi-VN","conditional","ready","assets/audio/CURRICULUM/f64939d169c3c7ec1ff5a62b.vi.v1.mp3","resume_display_shadowed_by_uri","lib/features/listening/presentation/lesson_intro_screen.dart"
"Mình học tiếp bài My Routine nhé.","vi-VN","conditional","ready","assets/audio/CURRICULUM/6f9707ae309d2eefd87cef23.vi.v1.mp3","resume_display_shadowed_by_uri","lib/features/listening/presentation/lesson_intro_screen.dart"
"Mình học tiếp bài My Skills nhé.","vi-VN","conditional","ready","assets/audio/CURRICULUM/d3ecd66df283579e33f682dc.vi.v1.mp3","resume_display_shadowed_by_uri","lib/features/listening/presentation/lesson_intro_screen.dart"
"Mình học tiếp bài My Turn nhé.","vi-VN","conditional","ready","assets/audio/CURRICULUM/7f21952efbd2d4a836ca2d44.vi.v1.mp3","resume_display_shadowed_by_uri","lib/features/listening/presentation/lesson_intro_screen.dart"
"Mình học tiếp bài My Week nhé.","vi-VN","conditional","ready","assets/audio/CURRICULUM/ec3b741c187647ab3a8ae2ff.vi.v1.mp3","resume_display_shadowed_by_uri","lib/features/listening/presentation/lesson_intro_screen.dart"
"Mình học tiếp bài Next Step nhé.","vi-VN","conditional","ready","assets/audio/CURRICULUM/5de7ca365f3c19cf4ca00c75.vi.v1.mp3","resume_display_shadowed_by_uri","lib/features/listening/presentation/lesson_intro_screen.dart"
"Mình học tiếp bài Numbers 1-10 nhé.","vi-VN","conditional","ready","assets/audio/CURRICULUM/52ea3cc829fc450f9464327d.vi.v1.mp3","resume_display_shadowed_by_uri","lib/features/listening/presentation/lesson_intro_screen.dart"
"Mình học tiếp bài Numbers 11-20 nhé.","vi-VN","conditional","ready","assets/audio/CURRICULUM/9683c288ab9c0731792d294e.vi.v1.mp3","resume_display_shadowed_by_uri","lib/features/listening/presentation/lesson_intro_screen.dart"
"Mình học tiếp bài Numbers in Life nhé.","vi-VN","conditional","ready","assets/audio/CURRICULUM/e970444722da684c412a8d03.vi.v1.mp3","resume_display_shadowed_by_uri","lib/features/listening/presentation/lesson_intro_screen.dart"
"Mình học tiếp bài One to Ten nhé.","vi-VN","conditional","ready","assets/audio/CURRICULUM/6a9a1cfffbdaa365f1f1f0ea.vi.v1.mp3","resume_display_shadowed_by_uri","lib/features/listening/presentation/lesson_intro_screen.dart"
"Mình học tiếp bài Online Words nhé.","vi-VN","conditional","ready","assets/audio/CURRICULUM/9dae29c09b3c60de320c6a32.vi.v1.mp3","resume_display_shadowed_by_uri","lib/features/listening/presentation/lesson_intro_screen.dart"
"Mình học tiếp bài Place Words nhé.","vi-VN","conditional","ready","assets/audio/CURRICULUM/bcf4adc02c306a948ad44672.vi.v1.mp3","resume_display_shadowed_by_uri","lib/features/listening/presentation/lesson_intro_screen.dart"
"Mình học tiếp bài Plan My Time nhé.","vi-VN","conditional","ready","assets/audio/CURRICULUM/156921a2e7522fa536ea5f55.vi.v1.mp3","resume_display_shadowed_by_uri","lib/features/listening/presentation/lesson_intro_screen.dart"
"Mình học tiếp bài Plan the Day nhé.","vi-VN","conditional","ready","assets/audio/CURRICULUM/b06cad1862d738d5510aed11.vi.v1.mp3","resume_display_shadowed_by_uri","lib/features/listening/presentation/lesson_intro_screen.dart"
"Mình học tiếp bài Plan Words nhé.","vi-VN","conditional","ready","assets/audio/CURRICULUM/f7699f4742799c6e82e3ab47.vi.v1.mp3","resume_display_shadowed_by_uri","lib/features/listening/presentation/lesson_intro_screen.dart"
"Mình học tiếp bài Play Together nhé.","vi-VN","conditional","ready","assets/audio/CURRICULUM/4f314de26715d2d38cf45780.vi.v1.mp3","resume_display_shadowed_by_uri","lib/features/listening/presentation/lesson_intro_screen.dart"
"Mình học tiếp bài Polite Replies nhé.","vi-VN","conditional","ready","assets/audio/CURRICULUM/0896a1fa6878b7c9f03467c0.vi.v1.mp3","resume_display_shadowed_by_uri","lib/features/listening/presentation/lesson_intro_screen.dart"
"Mình học tiếp bài Price & Budget nhé.","vi-VN","conditional","ready","assets/audio/CURRICULUM/15d6d5ae0c856da94b97cd97.vi.v1.mp3","resume_display_shadowed_by_uri","lib/features/listening/presentation/lesson_intro_screen.dart"
"Mình học tiếp bài Private Info nhé.","vi-VN","conditional","ready","assets/audio/CURRICULUM/e5590bd6f02f661e5a67f191.vi.v1.mp3","resume_display_shadowed_by_uri","lib/features/listening/presentation/lesson_intro_screen.dart"
"Mình học tiếp bài Problem Phrases nhé.","vi-VN","conditional","ready","assets/audio/CURRICULUM/9b3e74d32a01f06636f38914.vi.v1.mp3","resume_display_shadowed_by_uri","lib/features/listening/presentation/lesson_intro_screen.dart"
"Mình học tiếp bài S to Z Letters nhé.","vi-VN","conditional","ready","assets/audio/CURRICULUM/366c723f7e4d452788bc0297.vi.v1.mp3","resume_display_shadowed_by_uri","lib/features/listening/presentation/lesson_intro_screen.dart"
"Mình học tiếp bài S to Z Words nhé.","vi-VN","conditional","ready","assets/audio/CURRICULUM/cddb800e459aacbaa3ca708d.vi.v1.mp3","resume_display_shadowed_by_uri","lib/features/listening/presentation/lesson_intro_screen.dart"
"Mình học tiếp bài Save Resources nhé.","vi-VN","conditional","ready","assets/audio/CURRICULUM/e427280fd407c8b5a40677d2.vi.v1.mp3","resume_display_shadowed_by_uri","lib/features/listening/presentation/lesson_intro_screen.dart"
"Mình học tiếp bài School Subjects nhé.","vi-VN","conditional","ready","assets/audio/CURRICULUM/316ee39816cffbb242a0cb25.vi.v1.mp3","resume_display_shadowed_by_uri","lib/features/listening/presentation/lesson_intro_screen.dart"
"Mình học tiếp bài School Words nhé.","vi-VN","conditional","ready","assets/audio/CURRICULUM/f335913791d4d667cb81e365.vi.v1.mp3","resume_display_shadowed_by_uri","lib/features/listening/presentation/lesson_intro_screen.dart"
"Mình học tiếp bài Shape Words nhé.","vi-VN","conditional","ready","assets/audio/CURRICULUM/92698d989c53a160174103b1.vi.v1.mp3","resume_display_shadowed_by_uri","lib/features/listening/presentation/lesson_intro_screen.dart"
"Mình học tiếp bài Shapes Around Me nhé.","vi-VN","conditional","ready","assets/audio/CURRICULUM/4d106ffae65f72202a7add4e.vi.v1.mp3","resume_display_shadowed_by_uri","lib/features/listening/presentation/lesson_intro_screen.dart"
"Mình học tiếp bài Shop Words nhé.","vi-VN","conditional","ready","assets/audio/CURRICULUM/d2f18bb35e36ac3b33da271f.vi.v1.mp3","resume_display_shadowed_by_uri","lib/features/listening/presentation/lesson_intro_screen.dart"
"Mình học tiếp bài Simple Directions nhé.","vi-VN","conditional","ready","assets/audio/CURRICULUM/7f74f7640a872154e6c35d36.vi.v1.mp3","resume_display_shadowed_by_uri","lib/features/listening/presentation/lesson_intro_screen.dart"
"Mình học tiếp bài Simple Solutions nhé.","vi-VN","conditional","ready","assets/audio/CURRICULUM/bbab3a31724b8d3baa32d66d.vi.v1.mp3","resume_display_shadowed_by_uri","lib/features/listening/presentation/lesson_intro_screen.dart"
"Mình học tiếp bài Small Steps nhé.","vi-VN","conditional","ready","assets/audio/CURRICULUM/301d510dbbe317b96eb76995.vi.v1.mp3","resume_display_shadowed_by_uri","lib/features/listening/presentation/lesson_intro_screen.dart"
"Mình học tiếp bài Station Words nhé.","vi-VN","conditional","ready","assets/audio/CURRICULUM/a831f84a9168f195b69439d9.vi.v1.mp3","resume_display_shadowed_by_uri","lib/features/listening/presentation/lesson_intro_screen.dart"
"Mình học tiếp bài Stay Clean nhé.","vi-VN","conditional","ready","assets/audio/CURRICULUM/e6865237f837ebdd59ea1bae.vi.v1.mp3","resume_display_shadowed_by_uri","lib/features/listening/presentation/lesson_intro_screen.dart"
"Mình học tiếp bài Stay Private nhé.","vi-VN","conditional","ready","assets/audio/CURRICULUM/d806c36a54342962971ef5e4.vi.v1.mp3","resume_display_shadowed_by_uri","lib/features/listening/presentation/lesson_intro_screen.dart"
"Mình học tiếp bài Stay Safe nhé.","vi-VN","conditional","ready","assets/audio/CURRICULUM/e8fe439a275020913874ab74.vi.v1.mp3","resume_display_shadowed_by_uri","lib/features/listening/presentation/lesson_intro_screen.dart"
"Mình học tiếp bài Stress Signs nhé.","vi-VN","conditional","ready","assets/audio/CURRICULUM/c6030f3e8fe80b9cee7e5e64.vi.v1.mp3","resume_display_shadowed_by_uri","lib/features/listening/presentation/lesson_intro_screen.dart"
"Mình học tiếp bài Study Actions nhé.","vi-VN","conditional","ready","assets/audio/CURRICULUM/cf0f2fcdea40905fd7dec5fb.vi.v1.mp3","resume_display_shadowed_by_uri","lib/features/listening/presentation/lesson_intro_screen.dart"
"Mình học tiếp bài Study Routine nhé.","vi-VN","conditional","ready","assets/audio/CURRICULUM/6a8729e932fa3c763981b1f4.vi.v1.mp3","resume_display_shadowed_by_uri","lib/features/listening/presentation/lesson_intro_screen.dart"
"Mình học tiếp bài Tasty Foods nhé.","vi-VN","conditional","ready","assets/audio/CURRICULUM/49a49d904749abbc18285540.vi.v1.mp3","resume_display_shadowed_by_uri","lib/features/listening/presentation/lesson_intro_screen.dart"
"Mình học tiếp bài Tell What Happened nhé.","vi-VN","conditional","ready","assets/audio/CURRICULUM/fd6429ed0bd384ec2bccc4ee.vi.v1.mp3","resume_display_shadowed_by_uri","lib/features/listening/presentation/lesson_intro_screen.dart"
"Mình học tiếp bài Time & Tasks nhé.","vi-VN","conditional","ready","assets/audio/CURRICULUM/f9250578e7280d3653e6a2aa.vi.v1.mp3","resume_display_shadowed_by_uri","lib/features/listening/presentation/lesson_intro_screen.dart"
"Mình học tiếp bài Time Blocks nhé.","vi-VN","conditional","ready","assets/audio/CURRICULUM/fc7ccf0f7299415c2731052c.vi.v1.mp3","resume_display_shadowed_by_uri","lib/features/listening/presentation/lesson_intro_screen.dart"
"Mình học tiếp bài Town Places nhé.","vi-VN","conditional","ready","assets/audio/CURRICULUM/443c7e7c8aca4b196c46cd1e.vi.v1.mp3","resume_display_shadowed_by_uri","lib/features/listening/presentation/lesson_intro_screen.dart"
"Mình học tiếp bài Transport Words nhé.","vi-VN","conditional","ready","assets/audio/CURRICULUM/835a0ae9b3bf170ce9ae70b9.vi.v1.mp3","resume_display_shadowed_by_uri","lib/features/listening/presentation/lesson_intro_screen.dart"
"Mình học tiếp bài Weather Choices nhé.","vi-VN","conditional","ready","assets/audio/CURRICULUM/b4e49cf1b6cd154e3fe0bb0b.vi.v1.mp3","resume_display_shadowed_by_uri","lib/features/listening/presentation/lesson_intro_screen.dart"
"Mình học tiếp bài Weather Words nhé.","vi-VN","conditional","ready","assets/audio/CURRICULUM/e5ea48467c5ab53b6b592f28.vi.v1.mp3","resume_display_shadowed_by_uri","lib/features/listening/presentation/lesson_intro_screen.dart"
"Mình học tiếp bài Weekend Fun nhé.","vi-VN","conditional","ready","assets/audio/CURRICULUM/85dbe58d35071ab78f327552.vi.v1.mp3","resume_display_shadowed_by_uri","lib/features/listening/presentation/lesson_intro_screen.dart"
"Mình học tiếp bài Weekend Words nhé.","vi-VN","conditional","ready","assets/audio/CURRICULUM/533ccb5f5496dfa466d07742.vi.v1.mp3","resume_display_shadowed_by_uri","lib/features/listening/presentation/lesson_intro_screen.dart"
"Mình học tiếp bài Weekly Activities nhé.","vi-VN","conditional","ready","assets/audio/CURRICULUM/16a8874df6b3e22e736364ed.vi.v1.mp3","resume_display_shadowed_by_uri","lib/features/listening/presentation/lesson_intro_screen.dart"
"Mình học tiếp bài What Color? nhé.","vi-VN","conditional","ready","assets/audio/CURRICULUM/c4028c7779bd98ed78f2c3e2.vi.v1.mp3","resume_display_shadowed_by_uri","lib/features/listening/presentation/lesson_intro_screen.dart"
"Mình học tiếp bài What Shape? nhé.","vi-VN","conditional","ready","assets/audio/CURRICULUM/74ed885526d9732fbfefea22.vi.v1.mp3","resume_display_shadowed_by_uri","lib/features/listening/presentation/lesson_intro_screen.dart"
"Mình học tiếp bài What to Wear? nhé.","vi-VN","conditional","ready","assets/audio/CURRICULUM/d419149d6cad38bd7dedcc23.vi.v1.mp3","resume_display_shadowed_by_uri","lib/features/listening/presentation/lesson_intro_screen.dart"
"Mình học tiếp bài Where Are We? nhé.","vi-VN","conditional","ready","assets/audio/CURRICULUM/a10a3919b8c617a483e05f66.vi.v1.mp3","resume_display_shadowed_by_uri","lib/features/listening/presentation/lesson_intro_screen.dart"
"Mình học tiếp bài Which Animal? nhé.","vi-VN","conditional","ready","assets/audio/CURRICULUM/e6deff6a7650dfa40e68e94e.vi.v1.mp3","resume_display_shadowed_by_uri","lib/features/listening/presentation/lesson_intro_screen.dart"
"Mình học tiếp bài Yesterday Actions nhé.","vi-VN","conditional","ready","assets/audio/CURRICULUM/99ba1a378b7b44b69e2be0e5.vi.v1.mp3","resume_display_shadowed_by_uri","lib/features/listening/presentation/lesson_intro_screen.dart"
"Mình học tiếp Chủ đề 1 nhé.","vi-VN","current","ready","assets/audio/MAIN/GAP28-019.vi.v1.mp3","topic_resume","lib/features/listening/presentation/topic_listening_screen.dart:827"
"Mình học tiếp Chủ đề 10 nhé.","vi-VN","current","ready","assets/audio/MAIN/GAP28-028.vi.v1.mp3","topic_resume","lib/features/listening/presentation/topic_listening_screen.dart:827"
"Mình học tiếp Chủ đề 2 nhé.","vi-VN","current","ready","assets/audio/MAIN/GAP28-020.vi.v1.mp3","topic_resume","lib/features/listening/presentation/topic_listening_screen.dart:827"
"Mình học tiếp Chủ đề 3 nhé.","vi-VN","current","ready","assets/audio/MAIN/GAP28-021.vi.v1.mp3","topic_resume","lib/features/listening/presentation/topic_listening_screen.dart:827"
"Mình học tiếp Chủ đề 4 nhé.","vi-VN","current","ready","assets/audio/MAIN/GAP28-022.vi.v1.mp3","topic_resume","lib/features/listening/presentation/topic_listening_screen.dart:827"
"Mình học tiếp Chủ đề 5 nhé.","vi-VN","current","ready","assets/audio/MAIN/GAP28-023.vi.v1.mp3","topic_resume","lib/features/listening/presentation/topic_listening_screen.dart:827"
"Mình học tiếp Chủ đề 6 nhé.","vi-VN","current","ready","assets/audio/MAIN/GAP28-024.vi.v1.mp3","topic_resume","lib/features/listening/presentation/topic_listening_screen.dart:827"
"Mình học tiếp Chủ đề 7 nhé.","vi-VN","current","ready","assets/audio/MAIN/GAP28-025.vi.v1.mp3","topic_resume","lib/features/listening/presentation/topic_listening_screen.dart:827"
"Mình học tiếp Chủ đề 8 nhé.","vi-VN","current","ready","assets/audio/MAIN/GAP28-026.vi.v1.mp3","topic_resume","lib/features/listening/presentation/topic_listening_screen.dart:827"
"Mình học tiếp Chủ đề 9 nhé.","vi-VN","current","ready","assets/audio/MAIN/GAP28-027.vi.v1.mp3","topic_resume","lib/features/listening/presentation/topic_listening_screen.dart:827"
"Mình học tiếp Danh sách hôm nay nhé.","vi-VN","current","ready","assets/audio/MAIN/RUN-045.vi.v1.mp3","vocabulary_guidance","lib/features/vocabulary/domain/vocabulary_flow_v3.dart"
"Mình học tiếp thôi.","vi-VN","catalog_only","ready","assets/audio/MAIN/AI-038.vi.v1.mp3","assistant_catalog","lib/features/voice_navigation/domain/homi_fallback_catalog.dart"
"Mình học xong bài hát này trước rồi chuyển phần khác.","vi-VN","catalog_only","ready","assets/audio/MAIN/AI-068.vi.v1.mp3","assistant_catalog","lib/features/voice_navigation/domain/homi_fallback_catalog.dart"
"Mình học xong lượt này trước nhé.","vi-VN","current","ready","assets/audio/MAIN/RUN-048.vi.v1.mp3","vocabulary_guidance;module_reply","lib/features/vocabulary/domain/vocabulary_flow_v3.dart;lib/features/vocabulary/presentation/vocabulary_practice_screen.dart:862"
"Mình hy vọng được đi du lịch: I plan to exercise more hay I hope to travel?","vi-VN","current","ready","assets/audio/CURRICULUM/4dbdb203060542508b7d7d81.vi.v1.mp3","challenge_question","lib/features/listening/presentation/lesson_challenge_screen.dart"
"Mình hy vọng được đi du lịch.","vi-VN","current;catalog_only","ready","assets/audio/CURRICULUM/234e091c22ee4523501878e8.vi.v1.mp3","core_vi;challenge_answer_vi","lib/features/listening/presentation/lesson_practice_screen.dart;assets/data/listening_lessons.json"
"Mình kết thúc bài học nhé","vi-VN","audio_catalog_only","ready","assets/audio/MAIN/RUN-031.vi.v1.mp3","audio_not_traced","assets/data/main_assistant_audio.json"
"Mình kết thúc bài học ở đây nhé.","vi-VN","catalog_only","ready","assets/audio/MAIN/AI-046.vi.v1.mp3","assistant_catalog","lib/features/voice_navigation/domain/homi_fallback_catalog.dart"
"Mình không cần nó: I'll save my money hay I don't need it?","vi-VN","current","ready","assets/audio/CURRICULUM/5496d75ea595402a011f6fe9.vi.v1.mp3","challenge_question","lib/features/listening/presentation/lesson_challenge_screen.dart"
"Mình không cần nó.","vi-VN","current;catalog_only","ready","assets/audio/CURRICULUM/9131edaf5893b520d46e6861.vi.v1.mp3","core_vi;challenge_answer_vi","lib/features/listening/presentation/lesson_practice_screen.dart;assets/data/listening_lessons.json"
"Mình không đồng ý: I don't agree hay I'm not sure?","vi-VN","current","ready","assets/audio/CURRICULUM/9fa17ad30e2e7a917a8618f4.vi.v1.mp3","challenge_question","lib/features/listening/presentation/lesson_challenge_screen.dart"
"Mình không đồng ý.","vi-VN","current;catalog_only","ready","assets/audio/CURRICULUM/304fc1f1d9d9e19ec119b504.vi.v1.mp3","core_vi;challenge_answer_vi","lib/features/listening/presentation/lesson_practice_screen.dart;assets/data/listening_lessons.json"
"Mình không tập trung được.","vi-VN","current;catalog_only","ready","assets/audio/CURRICULUM/4752f731585d228bf6bb953b.vi.v1.mp3","core_vi;challenge_answer_vi","lib/features/listening/presentation/lesson_practice_screen.dart;assets/data/listening_lessons.json"
"Mình không thích chuối: Do you like noodles? hay I don't like bananas?","vi-VN","current","ready","assets/audio/CURRICULUM/d580681d75a5ab88aec3fafc.vi.v1.mp3","challenge_question","lib/features/listening/presentation/lesson_challenge_screen.dart"
"Mình không thích chuối.","vi-VN","current;catalog_only","ready","assets/audio/CURRICULUM/8c557281657dbd69db1ec653.vi.v1.mp3","core_vi;challenge_answer_vi","lib/features/listening/presentation/lesson_practice_screen.dart;assets/data/listening_lessons.json"
"Mình kiểm tra bài làm: I check my work hay I review my notes?","vi-VN","current","ready","assets/audio/CURRICULUM/63a1c818ef84fe53e9c59875.vi.v1.mp3","challenge_question","lib/features/listening/presentation/lesson_challenge_screen.dart"
"Mình kiểm tra bài làm.","vi-VN","current;catalog_only","ready","assets/audio/CURRICULUM/b432caa234e0a466dd8153de.vi.v1.mp3","core_vi;challenge_answer_vi","lib/features/listening/presentation/lesson_practice_screen.dart;assets/data/listening_lessons.json"
"Mình làm lại phần thử thách nhé.","vi-VN","audio_catalog_only","ready","assets/audio/CURRICULUM/55f08c63325b91c2e71cda64.vi.v1.mp3","audio_not_traced","assets/data/curriculum_audio.json"
"Mình làm mất chìa khóa: I lost my key hay I forgot my homework?","vi-VN","audio_catalog_only","ready","assets/audio/CURRICULUM/601b2b6856e550eb49de8298.vi.v1.mp3","audio_not_traced","assets/data/curriculum_audio.json"
"Mình làm mất chìa khóa.","vi-VN","current;catalog_only","ready","assets/audio/CURRICULUM/8cada81ae45201de1da1c7b6.vi.v1.mp3","core_vi;challenge_answer_vi","lib/features/listening/presentation/lesson_practice_screen.dart;assets/data/listening_lessons.json"
"Mình làm việc nhóm tốt: I work well in teams hay I'm good at drawing?","vi-VN","current","ready","assets/audio/CURRICULUM/e641f8e7523608cc99d9cbb8.vi.v1.mp3","challenge_question","lib/features/listening/presentation/lesson_challenge_screen.dart"
"Mình làm việc nhóm tốt.","vi-VN","current;catalog_only","ready","assets/audio/CURRICULUM/cc9ae613d66ba300aabeba6a.vi.v1.mp3","core_vi;challenge_answer_vi","lib/features/listening/presentation/lesson_practice_screen.dart;assets/data/listening_lessons.json"
"Mình lập kế hoạch học: I practice English daily hay I make a study plan?","vi-VN","current","ready","assets/audio/CURRICULUM/dc143902897e76d4a3b30c5f.vi.v1.mp3","challenge_question","lib/features/listening/presentation/lesson_challenge_screen.dart"
"Mình lập kế hoạch học.","vi-VN","current;catalog_only","ready","assets/audio/CURRICULUM/2db48e9f0933f4220002b92f.vi.v1.mp3","core_vi;challenge_answer_vi","lib/features/listening/presentation/lesson_practice_screen.dart;assets/data/listening_lessons.json"
"Mình lấy cái này: I'll take this one hay This one is cheaper?","vi-VN","current","ready","assets/audio/CURRICULUM/1c9742dedf236b47d12df211.vi.v1.mp3","challenge_question","lib/features/listening/presentation/lesson_challenge_screen.dart"
"Mình lấy cái này.","vi-VN","current;catalog_only","ready","assets/audio/CURRICULUM/5c9a31f50945e02a4a61e1d5.vi.v1.mp3","core_vi;challenge_answer_vi","lib/features/listening/presentation/lesson_practice_screen.dart;assets/data/listening_lessons.json"
"Mình lên kế hoạch vào Chủ nhật.","vi-VN","current;catalog_only","ready","assets/audio/CURRICULUM/3257bf15ecec24ba3ecf6340.vi.v1.mp3","core_vi;challenge_answer_vi","lib/features/listening/presentation/lesson_practice_screen.dart;assets/data/listening_lessons.json"
"Mình lo lắng: I'm worried hay I can't focus?","vi-VN","current","ready","assets/audio/CURRICULUM/271bdc741394d0ab0eb1d1a3.vi.v1.mp3","challenge_question","lib/features/listening/presentation/lesson_challenge_screen.dart"
"Mình lo lắng: I'm worried hay I'm happy?","vi-VN","current","ready","assets/audio/CURRICULUM/0226d6a95a7690e933d87957.vi.v1.mp3","challenge_question","lib/features/listening/presentation/lesson_challenge_screen.dart"
"Mình lo lắng.","vi-VN","current;catalog_only","ready","assets/audio/CURRICULUM/f3f4683134174de946f11b91.vi.v1.mp3","core_vi;challenge_answer_vi","lib/features/listening/presentation/lesson_practice_screen.dart;assets/data/listening_lessons.json"
"Mình lỡ xe buýt: I missed the bus hay My phone is dead?","vi-VN","current","ready","assets/audio/CURRICULUM/4773025b220315cb320dde95.vi.v1.mp3","challenge_question","lib/features/listening/presentation/lesson_challenge_screen.dart"
"Mình lỡ xe buýt.","vi-VN","current;catalog_only","ready","assets/audio/CURRICULUM/19aee7c7ac76deea579da3fd.vi.v1.mp3","core_vi;challenge_answer_vi","lib/features/listening/presentation/lesson_practice_screen.dart;assets/data/listening_lessons.json"
"Mình luyện các hành động thân thiện môi trường.","vi-VN","current","ready","assets/audio/CURRICULUM/94624060e747367b3e77e4cf.vi.v1.mp3","lesson_intro_clip","lib/features/listening/presentation/lesson_intro_screen.dart"
"Mình luyện cách an toàn khi dùng mạng.","vi-VN","current","ready","assets/audio/CURRICULUM/21a7b1f22114ef123074424a.vi.v1.mp3","lesson_intro_clip","lib/features/listening/presentation/lesson_intro_screen.dart"
"Mình luyện cách bảo vệ thông tin cá nhân.","vi-VN","current","ready","assets/audio/CURRICULUM/f8a88b9a5d9780fe81d313d2.vi.v1.mp3","lesson_intro_clip","lib/features/listening/presentation/lesson_intro_screen.dart"
"Mình luyện cách cân nhắc chi tiêu.","vi-VN","current","ready","assets/audio/CURRICULUM/dca12de06c96e84da99185d2.vi.v1.mp3","lesson_intro_clip","lib/features/listening/presentation/lesson_intro_screen.dart"
"Mình luyện cách di chuyển và so sánh phương tiện.","vi-VN","current","ready","assets/audio/CURRICULUM/cd17d3f5eb6938fe83f6f586.vi.v1.mp3","lesson_intro_clip","lib/features/listening/presentation/lesson_intro_screen.dart"
"Mình luyện cách gọi món.","vi-VN","current","ready","assets/audio/CURRICULUM/0760b3cddf15977e5267ec2f.vi.v1.mp3","lesson_intro_clip","lib/features/listening/presentation/lesson_intro_screen.dart"
"Mình luyện cách hẹn và phản hồi lịch sự.","vi-VN","current","ready","assets/audio/CURRICULUM/fcc884934019cb41ef219feb.vi.v1.mp3","lesson_intro_clip","lib/features/listening/presentation/lesson_intro_screen.dart"
"Mình luyện cách hỏi giá và chọn mua.","vi-VN","current","ready","assets/audio/CURRICULUM/5cb12f409336af4b64fc5a17.vi.v1.mp3","lesson_intro_clip","lib/features/listening/presentation/lesson_intro_screen.dart"
"Mình luyện cách hỏi thông tin ở nhà ga.","vi-VN","current","ready","assets/audio/CURRICULUM/ff4fab8e9458b937b5d5b44f.vi.v1.mp3","lesson_intro_clip","lib/features/listening/presentation/lesson_intro_screen.dart"
"Mình luyện cách nêu ý kiến và lý do.","vi-VN","current","ready","assets/audio/CURRICULUM/a339d9604fa5ba583b1b1739.vi.v1.mp3","lesson_intro_clip","lib/features/listening/presentation/lesson_intro_screen.dart"
"Mình luyện cách nhận biết và xử lý căng thẳng.","vi-VN","current","ready","assets/audio/CURRICULUM/bb9f493563ad2fddd867089f.vi.v1.mp3","lesson_intro_clip","lib/features/listening/presentation/lesson_intro_screen.dart"
"Mình luyện cách nói vấn đề nhỏ và xin giúp đỡ.","vi-VN","current","ready","assets/audio/CURRICULUM/327bc2fa42bc22c084fc2767.vi.v1.mp3","lesson_intro_clip","lib/features/listening/presentation/lesson_intro_screen.dart"
"Mình luyện cách nói về điểm mạnh.","vi-VN","current","ready","assets/audio/CURRICULUM/41b33bbd97792e960aa3c957.vi.v1.mp3","lesson_intro_clip","lib/features/listening/presentation/lesson_intro_screen.dart"
"Mình luyện cách nói về lịch trong tuần.","vi-VN","current","ready","assets/audio/CURRICULUM/06cbf6a5af2afe704dfd10e3.vi.v1.mp3","lesson_intro_clip","lib/features/listening/presentation/lesson_intro_screen.dart"
"Mình luyện cách sắp xếp thời gian.","vi-VN","current","ready","assets/audio/CURRICULUM/913b99219e6c383750b032ad.vi.v1.mp3","lesson_intro_clip","lib/features/listening/presentation/lesson_intro_screen.dart"
"Mình luyện cách so sánh và lựa chọn.","vi-VN","current","ready","assets/audio/CURRICULUM/ce002bb9edf8b994f830d79c.vi.v1.mp3","lesson_intro_clip","lib/features/listening/presentation/lesson_intro_screen.dart"
"Mình luyện kế hoạch tương lai và bước tiếp theo.","vi-VN","current","ready","assets/audio/CURRICULUM/3f1d832e7346ea72495774ce.vi.v1.mp3","lesson_intro_clip","lib/features/listening/presentation/lesson_intro_screen.dart"
"Mình luyện mục tiêu học tập và bước thực hiện.","vi-VN","current","ready","assets/audio/CURRICULUM/6b669ec507488d299764dd6b.vi.v1.mp3","lesson_intro_clip","lib/features/listening/presentation/lesson_intro_screen.dart"
"Mình luyện nhanh vài phần rồi thử lại nhé.","vi-VN","audio_catalog_only","ready","assets/audio/CURRICULUM/ca9aea52e38a6261f087e2f5.vi.v1.mp3","audio_not_traced","assets/data/curriculum_audio.json"
"Mình luyện thói quen học tập hiệu quả.","vi-VN","current","ready","assets/audio/CURRICULUM/d56d66f399c4f8aaf866d15e.vi.v1.mp3","lesson_intro_clip","lib/features/listening/presentation/lesson_intro_screen.dart"
"Mình luyện thói quen tốt cho sức khỏe.","vi-VN","current","ready","assets/audio/CURRICULUM/bb05634f02b729441d9fdce1.vi.v1.mp3","lesson_intro_clip","lib/features/listening/presentation/lesson_intro_screen.dart"
"Mình luyện tiếng Anh mỗi ngày: I practice English daily hay I take short breaks?","vi-VN","audio_catalog_only","ready","assets/audio/CURRICULUM/7daddc32df744bc2a476b21b.vi.v1.mp3","audio_not_traced","assets/data/curriculum_audio.json"
"Mình luyện tiếng Anh mỗi ngày.","vi-VN","current;catalog_only","ready","assets/audio/CURRICULUM/5f05812d4acac9e67b94964e.vi.v1.mp3","core_vi;challenge_answer_vi","lib/features/listening/presentation/lesson_practice_screen.dart;assets/data/listening_lessons.json"
"Mình luyện tiếp nhé.","vi-VN","current","ready","assets/audio/MAIN/RUN-064.vi.v1.mp3","vocabulary_guidance","lib/features/vocabulary/domain/vocabulary_flow_v3.dart"
"Mình mệt: I'm tired hay I'm stressed?","vi-VN","current","ready","assets/audio/CURRICULUM/ba0934ca0f55cb8321c49c69.vi.v1.mp3","challenge_question","lib/features/listening/presentation/lesson_challenge_screen.dart"
"Mình mệt: I'm worried hay I'm tired?","vi-VN","current","ready","assets/audio/CURRICULUM/27021124d486417c225760df.vi.v1.mp3","challenge_question","lib/features/listening/presentation/lesson_challenge_screen.dart"
"Mình mệt.","vi-VN","current;catalog_only","ready","assets/audio/CURRICULUM/910e1fa30366ed4e33f982ca.vi.v1.mp3","core_vi;challenge_answer_vi","lib/features/listening/presentation/lesson_practice_screen.dart;assets/data/listening_lessons.json"
"Mình muốn cái này: I'll take this one hay I want this one?","vi-VN","current","ready","assets/audio/CURRICULUM/c33da5306537dc4a6d32a3b0.vi.v1.mp3","challenge_question","lib/features/listening/presentation/lesson_challenge_screen.dart"
"Mình muốn cái này.","vi-VN","current;catalog_only","ready","assets/audio/CURRICULUM/3450db99e6de295978e45b0c.vi.v1.mp3","core_vi;challenge_answer_vi","lib/features/listening/presentation/lesson_practice_screen.dart;assets/data/listening_lessons.json"
"Mình muốn gọi mì: Anything to drink? hay I'd like noodles?","vi-VN","current","ready","assets/audio/CURRICULUM/e62385eca6e57cde9e2f63e4.vi.v1.mp3","challenge_question","lib/features/listening/presentation/lesson_challenge_screen.dart"
"Mình muốn gọi mì.","vi-VN","current;catalog_only","ready","assets/audio/CURRICULUM/16f042dd26bd712ebe5b44e2.vi.v1.mp3","core_vi;challenge_answer_vi","lib/features/listening/presentation/lesson_practice_screen.dart;assets/data/listening_lessons.json"
"Mình muốn học lập trình: I want to join a club hay I want to learn coding?","vi-VN","current","ready","assets/audio/CURRICULUM/5f84335999ed1156b1d7d3f0.vi.v1.mp3","challenge_question","lib/features/listening/presentation/lesson_challenge_screen.dart"
"Mình muốn học lập trình.","vi-VN","current;catalog_only","ready","assets/audio/CURRICULUM/93f583302916bcd4f1925b82.vi.v1.mp3","core_vi;challenge_answer_vi","lib/features/listening/presentation/lesson_practice_screen.dart;assets/data/listening_lessons.json"
"Mình muốn tham gia câu lạc bộ.","vi-VN","current;catalog_only","ready","assets/audio/CURRICULUM/1c756ffb9e29fb872f781464.vi.v1.mp3","core_vi;challenge_answer_vi","lib/features/listening/presentation/lesson_practice_screen.dart;assets/data/listening_lessons.json"
"Mình muốn tiết kiệm tiền.","vi-VN","current;catalog_only","ready","assets/audio/CURRICULUM/4824044dc980d762ae9b75c8.vi.v1.mp3","core_vi;challenge_answer_vi","lib/features/listening/presentation/lesson_practice_screen.dart;assets/data/listening_lessons.json"
"Mình nên làm gì: What should I do? hay Take a break?","vi-VN","current","ready","assets/audio/CURRICULUM/a2390a330ef215829f609748.vi.v1.mp3","challenge_question","lib/features/listening/presentation/lesson_challenge_screen.dart"
"Mình nên làm gì?","vi-VN","current;catalog_only","ready","assets/audio/CURRICULUM/b1a9d68ae85d9edf0b564a85.vi.v1.mp3","core_vi;challenge_answer_vi","lib/features/listening/presentation/lesson_practice_screen.dart;assets/data/listening_lessons.json"
"Mình nghe câu đúng nhé.","vi-VN","current","ready","assets/audio/MAIN/RUN-078.vi.v1.mp3","age_feedback","lib/features/listening/domain/lesson_guide_flow.dart"
"Mình nghe lại bài hát Count with Me nhé.","vi-VN","conditional","ready","assets/audio/CURRICULUM/77d2e271fe95cb5910c5d060.vi.v1.mp3","song_resume_shadowed_by_uri","lib/features/listening/presentation/lesson_intro_screen.dart"
"Mình nghe lại bài hát Let's Play Together nhé.","vi-VN","conditional","ready","assets/audio/CURRICULUM/3a4ac8aa2186b0d06ede876b.vi.v1.mp3","song_resume_shadowed_by_uri","lib/features/listening/presentation/lesson_intro_screen.dart"
"Mình nghe lại bài hát My Busy Day nhé.","vi-VN","conditional","ready","assets/audio/CURRICULUM/2c360d890be493a7cbd3adcd.vi.v1.mp3","song_resume_shadowed_by_uri","lib/features/listening/presentation/lesson_intro_screen.dart"
"Mình nghe lại bài hát My Happy Day nhé.","vi-VN","conditional","ready","assets/audio/CURRICULUM/b4df4a8796b2cd3906b13eff.vi.v1.mp3","song_resume_shadowed_by_uri","lib/features/listening/presentation/lesson_intro_screen.dart"
"Mình nghe lại bài hát What Should I Wear? nhé.","vi-VN","conditional","ready","assets/audio/CURRICULUM/b87be19d1c4769d1ad51a26b.vi.v1.mp3","song_resume_shadowed_by_uri","lib/features/listening/presentation/lesson_intro_screen.dart"
"Mình nghe lại câu này nhé","vi-VN","current","ready","assets/audio/MAIN/RUN-024.vi.v1.mp3","main_flow","lib/features/voice_navigation/application/main_voice_assistant_flow.dart"
"Mình nghe lại câu này nhé.","vi-VN","catalog_only","ready","assets/audio/MAIN/AI-039.vi.v1.mp3","assistant_catalog","lib/features/voice_navigation/domain/homi_fallback_catalog.dart"
"Mình nghe lại câu trước nhé","vi-VN","current","ready","assets/audio/MAIN/RUN-026.vi.v1.mp3","main_flow","lib/features/voice_navigation/application/main_voice_assistant_flow.dart"
"Mình nghe tiếp nhé.","vi-VN","current","ready","assets/audio/MAIN/RUN-058.vi.v1.mp3","vocabulary_guidance","lib/features/vocabulary/domain/vocabulary_flow_v3.dart"
"Mình nghỉ giải lao ngắn: I check my work hay I take short breaks?","vi-VN","current","ready","assets/audio/CURRICULUM/090ccdde525b18e1029f1e7a.vi.v1.mp3","challenge_question","lib/features/listening/presentation/lesson_challenge_screen.dart"
"Mình nghỉ giải lao ngắn.","vi-VN","current;catalog_only","ready","assets/audio/CURRICULUM/9a012a95b8b4bbe8fa55387f.vi.v1.mp3","core_vi;challenge_answer_vi","lib/features/listening/presentation/lesson_practice_screen.dart;assets/data/listening_lessons.json"
"Mình nghĩ nó hữu ích: I prefer this one hay I think it's useful?","vi-VN","current","ready","assets/audio/CURRICULUM/a5be3a2fab60578e04db375e.vi.v1.mp3","challenge_question","lib/features/listening/presentation/lesson_challenge_screen.dart"
"Mình nghĩ nó hữu ích.","vi-VN","current;catalog_only","ready","assets/audio/CURRICULUM/bac77ff03fae88cbd42ede69.vi.v1.mp3","core_vi;challenge_answer_vi","lib/features/listening/presentation/lesson_practice_screen.dart;assets/data/listening_lessons.json"
"Mình ngủ trước 11 giờ: I sleep before eleven hay I plan on Sundays?","vi-VN","current","ready","assets/audio/CURRICULUM/3075f258cd4712d133cd1118.vi.v1.mp3","challenge_question","lib/features/listening/presentation/lesson_challenge_screen.dart"
"Mình ngủ trước 11 giờ.","vi-VN","current;catalog_only","ready","assets/audio/CURRICULUM/55a1232648b85caa1570f37d.vi.v1.mp3","core_vi;challenge_answer_vi","lib/features/listening/presentation/lesson_practice_screen.dart;assets/data/listening_lessons.json"
"Mình qua câu khác nha!","vi-VN","catalog_only","ready","assets/audio/MAIN/AI-055.vi.v1.mp3","assistant_catalog","lib/features/voice_navigation/domain/homi_fallback_catalog.dart"
"Mình qua phần luyện lại và ngôi sao nha.","vi-VN","catalog_only","ready","assets/audio/MAIN/AI-032.vi.v1.mp3","assistant_catalog","lib/features/voice_navigation/domain/homi_fallback_catalog.dart"
"Mình quay lại bài trước nhé","vi-VN","current","ready","assets/audio/MAIN/RUN-028.vi.v1.mp3","main_flow","lib/features/voice_navigation/application/main_voice_assistant_flow.dart"
"Mình quay lại bài trước nhé.","vi-VN","catalog_only","ready","assets/audio/MAIN/AI-043.vi.v1.mp3","assistant_catalog","lib/features/voice_navigation/domain/homi_fallback_catalog.dart"
"Mình quay lại câu trước nha.","vi-VN","catalog_only","ready","assets/audio/MAIN/AI-041.vi.v1.mp3","assistant_catalog","lib/features/voice_navigation/domain/homi_fallback_catalog.dart"
"Mình quên bài tập: I missed the bus hay I forgot my homework?","vi-VN","current","ready","assets/audio/CURRICULUM/bce6b2da830e77fbe79a0754.vi.v1.mp3","challenge_question","lib/features/listening/presentation/lesson_challenge_screen.dart"
"Mình quên bài tập.","vi-VN","current;catalog_only","ready","assets/audio/CURRICULUM/e56202f80132a45146734990.vi.v1.mp3","core_vi;challenge_answer_vi","lib/features/listening/presentation/lesson_practice_screen.dart;assets/data/listening_lessons.json"
"Mình rất muốn: Sorry, I'm busy hay I'd love to?","vi-VN","audio_catalog_only","ready","assets/audio/CURRICULUM/3b6afe52dab7d04f71c54f22.vi.v1.mp3","audio_not_traced","assets/data/curriculum_audio.json"
"Mình rất muốn.","vi-VN","current;catalog_only","ready","assets/audio/CURRICULUM/8dda601124bec8efe12ef89b.vi.v1.mp3","core_vi;challenge_answer_vi","lib/features/listening/presentation/lesson_practice_screen.dart;assets/data/listening_lessons.json"
"Mình sẽ bắt đầu tuần này: I'll make a plan hay I'll start this week?","vi-VN","audio_catalog_only","ready","assets/audio/CURRICULUM/29716fa36848bb863814caa1.vi.v1.mp3","audio_not_traced","assets/data/curriculum_audio.json"
"Mình sẽ bắt đầu tuần này.","vi-VN","current;catalog_only","ready","assets/audio/CURRICULUM/60ba53881fa77a46aab2b28e.vi.v1.mp3","core_vi;challenge_answer_vi","lib/features/listening/presentation/lesson_practice_screen.dart;assets/data/listening_lessons.json"
"Mình sẽ chọn cái này.","vi-VN","current;catalog_only","ready","assets/audio/CURRICULUM/2e33f9f1d351c543f51f3659.vi.v1.mp3","core_vi;challenge_answer_vi","lib/features/listening/presentation/lesson_practice_screen.dart;assets/data/listening_lessons.json"
"Mình sẽ lập kế hoạch.","vi-VN","current;catalog_only","ready","assets/audio/CURRICULUM/4d4e52dc605da54c928856d2.vi.v1.mp3","core_vi;challenge_answer_vi","lib/features/listening/presentation/lesson_practice_screen.dart;assets/data/listening_lessons.json"
"Mình sẽ luyện tập mỗi ngày.","vi-VN","current;catalog_only","ready","assets/audio/CURRICULUM/f11a10ac73532f89bae0a18b.vi.v1.mp3","core_vi;challenge_answer_vi","lib/features/listening/presentation/lesson_practice_screen.dart;assets/data/listening_lessons.json"
"Mình sẽ suy nghĩ thêm.","vi-VN","current;catalog_only","ready","assets/audio/CURRICULUM/d60709ec62f010254f5e6061.vi.v1.mp3","core_vi;challenge_answer_vi","lib/features/listening/presentation/lesson_practice_screen.dart;assets/data/listening_lessons.json"
"Mình sẽ tham gia một lớp: I'll ask for advice hay I'll join a class?","vi-VN","current","ready","assets/audio/CURRICULUM/7455f6f1cf675f2283f17de0.vi.v1.mp3","challenge_question","lib/features/listening/presentation/lesson_challenge_screen.dart"
"Mình sẽ tham gia một lớp.","vi-VN","current;catalog_only","ready","assets/audio/CURRICULUM/2e134dc2fe82f9115d2d0155.vi.v1.mp3","core_vi;challenge_answer_vi","lib/features/listening/presentation/lesson_practice_screen.dart;assets/data/listening_lessons.json"
"Mình sẽ tiết kiệm tiền: I'll save my money hay I'll think about it?","vi-VN","current","ready","assets/audio/CURRICULUM/d6163747bce5b3af857cf73e.vi.v1.mp3","challenge_question","lib/features/listening/presentation/lesson_challenge_screen.dart"
"Mình sẽ tiết kiệm tiền.","vi-VN","current;catalog_only","ready","assets/audio/CURRICULUM/3e21d99ed123483058f0b922.vi.v1.mp3","core_vi;challenge_answer_vi","lib/features/listening/presentation/lesson_practice_screen.dart;assets/data/listening_lessons.json"
"Mình sẽ xin lời khuyên: I'll ask for advice hay I'll practice every day?","vi-VN","current","ready","assets/audio/CURRICULUM/770f6fed13a40a84f800d5da.vi.v1.mp3","challenge_question","lib/features/listening/presentation/lesson_challenge_screen.dart"
"Mình sẽ xin lời khuyên.","vi-VN","current;catalog_only","ready","assets/audio/CURRICULUM/5a1cf305b2e4e2bc37449df4.vi.v1.mp3","core_vi;challenge_answer_vi","lib/features/listening/presentation/lesson_practice_screen.dart;assets/data/listening_lessons.json"
"Mình tạm dừng học bộ từ vựng. Khi sẵn sàng, bạn nhấn nút gọi HOMI nhé.","vi-VN","catalog_only","ready","assets/audio/MAIN/FB-008-2.vi.v1.mp3","assistant_catalog","lib/features/voice_navigation/domain/homi_fallback_catalog.dart"
"Mình tạm dừng nhé.","vi-VN","current","ready","assets/audio/MAIN/RUN-049.vi.v1.mp3","vocabulary_guidance;master_navigation_contract;literal_speech_call;local_guide","lib/features/vocabulary/domain/vocabulary_flow_v3.dart;lib/features/voice_navigation/domain/master_navigation_contract.dart:20;lib/features/listening/presentation/lesson_challenge_screen.dart:718;lib/features/listening/presentation/lesson_practice_screen.dart:1687"
"Mình tập thể dục trước bữa tối: I relax in the evening hay I exercise before dinner?","vi-VN","current","ready","assets/audio/CURRICULUM/2a4672d8b31e19b0909b456c.vi.v1.mp3","challenge_question","lib/features/listening/presentation/lesson_challenge_screen.dart"
"Mình tập thể dục trước bữa tối.","vi-VN","current;catalog_only","ready","assets/audio/CURRICULUM/9140ca171ceac27c83b8c87f.vi.v1.mp3","core_vi;challenge_answer_vi","lib/features/listening/presentation/lesson_practice_screen.dart;assets/data/listening_lessons.json"
"Mình thích cái này hơn: I prefer this one hay I agree?","vi-VN","current","ready","assets/audio/CURRICULUM/9ac4b0a768cd6518e18719c4.vi.v1.mp3","challenge_question","lib/features/listening/presentation/lesson_challenge_screen.dart"
"Mình thích cái này hơn: Why? hay I prefer this one?","vi-VN","audio_catalog_only","ready","assets/audio/CURRICULUM/acb9a00c634940369a2dfdfd.vi.v1.mp3","audio_not_traced","assets/data/curriculum_audio.json"
"Mình thích cái này hơn.","vi-VN","current;catalog_only","ready","assets/audio/CURRICULUM/5250c2014a5e26be7595b224.vi.v1.mp3","core_vi;challenge_answer_vi","lib/features/listening/presentation/lesson_practice_screen.dart;assets/data/listening_lessons.json"
"Mình thích cái này: I like this hay This one, please?","vi-VN","current","ready","assets/audio/CURRICULUM/cdcd9eb0ca4b8108eaa1b14e.vi.v1.mp3","challenge_question","lib/features/listening/presentation/lesson_challenge_screen.dart"
"Mình thích cái này: I like this one hay I want this one?","vi-VN","current","ready","assets/audio/CURRICULUM/0999c11e2669ac79360f573d.vi.v1.mp3","challenge_question","lib/features/listening/presentation/lesson_challenge_screen.dart"
"Mình thích cái này.","vi-VN","current;catalog_only","ready","assets/audio/CURRICULUM/f64dfe41522d09dafcff2dd0.vi.v1.mp3","core_vi;challenge_answer_vi","lib/features/listening/presentation/lesson_practice_screen.dart;assets/data/listening_lessons.json"
"Mình thích táo: I like apples hay I don't like bananas?","vi-VN","current","ready","assets/audio/CURRICULUM/7fd4cda268c375e57198c88e.vi.v1.mp3","challenge_question","lib/features/listening/presentation/lesson_challenge_screen.dart"
"Mình thích táo.","vi-VN","current;catalog_only","ready","assets/audio/CURRICULUM/4888a95a9c8820c42674bc61.vi.v1.mp3","core_vi;challenge_answer_vi","lib/features/listening/presentation/lesson_practice_screen.dart;assets/data/listening_lessons.json"
"Mình thư giãn buổi tối.","vi-VN","current;catalog_only","ready","assets/audio/CURRICULUM/c38651f50117b7d4ec21d3ce.vi.v1.mp3","core_vi;challenge_answer_vi","lib/features/listening/presentation/lesson_practice_screen.dart;assets/data/listening_lessons.json"
"Mình thử lại nhé.","vi-VN","current","ready","assets/audio/MAIN/RUN-075.vi.v1.mp3","age_feedback","lib/features/listening/domain/lesson_guide_flow.dart"
"Mình thử một lần nhé.","vi-VN","current","ready","assets/audio/MAIN/RUN-080.vi.v1.mp3","age_feedback","lib/features/listening/domain/lesson_guide_flow.dart"
"Mình tiếp tục câu thử thách nhé.","vi-VN","conditional;current","ready","assets/audio/CURRICULUM/fc1c2ddb2a4ebab846ecc075.vi.v1.mp3","challenge_resume_shadowed_by_uri;literal_speech_call","lib/features/listening/presentation/lesson_intro_screen.dart;lib/features/listening/presentation/lesson_challenge_screen.dart:312"
"Mình tiếp tục đoạn hội thoại nhé.","vi-VN","audio_catalog_only","ready","assets/audio/CURRICULUM/e16880a055eff913e492e9be.vi.v1.mp3","audio_not_traced","assets/data/curriculum_audio.json"
"Mình tiếp tục nhé.","vi-VN","current","ready","assets/audio/MAIN/RUNTIME-TRANSLATION-CONTROL-002.vi.v1.mp3","master_navigation_contract","lib/features/voice_navigation/domain/master_navigation_contract.dart:17"
"Mình tiếp tục Nhiệm vụ cuối Level nhé.","vi-VN","audio_catalog_only","ready","assets/audio/CURRICULUM/349950e8ae8327049c08fe55.vi.v1.mp3","audio_not_traced","assets/data/curriculum_audio.json"
"Mình tức giận: I'm angry hay I'm tired?","vi-VN","current","ready","assets/audio/CURRICULUM/408c73630e6c9c943def3ede.vi.v1.mp3","challenge_question","lib/features/listening/presentation/lesson_challenge_screen.dart"
"Mình tức giận.","vi-VN","current;catalog_only","ready","assets/audio/CURRICULUM/b2d29aa285442ebb6be6c334.vi.v1.mp3","core_vi;challenge_answer_vi","lib/features/listening/presentation/lesson_practice_screen.dart;assets/data/listening_lessons.json"
"Mình vào lớp được không: Can I come in? hay Yes, come in?","vi-VN","audio_catalog_only","ready","assets/audio/CURRICULUM/2e54192846b6e09d4fbf8dd8.vi.v1.mp3","audio_not_traced","assets/data/curriculum_audio.json"
"Mình vào lớp được không?","vi-VN","current;catalog_only","ready","assets/audio/CURRICULUM/b8a099250c9b6eae51ceb737.vi.v1.mp3","core_vi;challenge_answer_vi","lib/features/listening/presentation/lesson_practice_screen.dart;assets/data/listening_lessons.json"
"Mình vui: I'm happy hay I'm sad?","vi-VN","current","ready","assets/audio/CURRICULUM/7dec538beb63bf891f3b4b16.vi.v1.mp3","challenge_question","lib/features/listening/presentation/lesson_challenge_screen.dart"
"Mình vui.","vi-VN","current;catalog_only","ready","assets/audio/CURRICULUM/65b8063dd51db268a4bb580e.vi.v1.mp3","core_vi;challenge_answer_vi","lib/features/listening/presentation/lesson_practice_screen.dart;assets/data/listening_lessons.json"
"Mình xem lại ghi chú: I review my notes hay I make a study plan?","vi-VN","current","ready","assets/audio/CURRICULUM/a237decd7fa4f24d29fb8631.vi.v1.mp3","challenge_question","lib/features/listening/presentation/lesson_challenge_screen.dart"
"Mình xem lại ghi chú.","vi-VN","current;catalog_only","ready","assets/audio/CURRICULUM/15cf251d69c9e73f8c5baf55.vi.v1.mp3","core_vi;challenge_answer_vi","lib/features/listening/presentation/lesson_practice_screen.dart;assets/data/listening_lessons.json"
"Mom.","en-US","current","ready","assets/audio/CURRICULUM/0ff56440bc52b65903330206.en.v1.mp3","core_en;challenge_answer_en","lib/features/listening/presentation/lesson_practice_screen.dart;lib/features/listening/presentation/lesson_challenge_screen.dart"
"Món ăn kèm: Dessert hay Side dish?","vi-VN","current","ready","assets/audio/CURRICULUM/38a99219ade69dd55e6672dc.vi.v1.mp3","challenge_question","lib/features/listening/presentation/lesson_challenge_screen.dart"
"Món ăn kèm.","vi-VN","current;catalog_only","ready","assets/audio/CURRICULUM/978bdf21b7eb0b3a3b8bd0c7.vi.v1.mp3","core_vi;challenge_answer_vi","lib/features/listening/presentation/lesson_practice_screen.dart;assets/data/listening_lessons.json"
"Món chính: Main dish hay Side dish?","vi-VN","current","ready","assets/audio/CURRICULUM/f5ea559d7d1370fd9d62ea6f.vi.v1.mp3","challenge_question","lib/features/listening/presentation/lesson_challenge_screen.dart"
"Món chính.","vi-VN","current;catalog_only","ready","assets/audio/CURRICULUM/d0b1f406736f3ad3b86460c2.vi.v1.mp3","core_vi;challenge_answer_vi","lib/features/listening/presentation/lesson_practice_screen.dart;assets/data/listening_lessons.json"
"Món tráng miệng: Dessert hay Bill?","vi-VN","current","ready","assets/audio/CURRICULUM/25a01d8d9eb8acb47f0afbd9.vi.v1.mp3","challenge_question","lib/features/listening/presentation/lesson_challenge_screen.dart"
"Món tráng miệng.","vi-VN","current;catalog_only","ready","assets/audio/CURRICULUM/2c1e20ad584d3ffb412aba08.vi.v1.mp3","core_vi;challenge_answer_vi","lib/features/listening/presentation/lesson_practice_screen.dart;assets/data/listening_lessons.json"
"Money.","en-US","current","ready","assets/audio/CURRICULUM/91fb317203b74f4c71cbe820.en.v1.mp3","core_en;challenge_answer_en","lib/features/listening/presentation/lesson_practice_screen.dart;lib/features/listening/presentation/lesson_challenge_screen.dart"
"Monkey.","en-US","current","ready","assets/audio/CURRICULUM/7b0eb04c3f0d4650b18752d8.en.v1.mp3","core_en;challenge_answer_en","lib/features/listening/presentation/lesson_practice_screen.dart;lib/features/listening/presentation/lesson_challenge_screen.dart"
"Monkeys can climb.","en-US","current","ready","assets/audio/CURRICULUM/0aa05d8c25fcad4bc84147eb.en.v1.mp3","core_en;challenge_answer_en","lib/features/listening/presentation/lesson_practice_screen.dart;lib/features/listening/presentation/lesson_challenge_screen.dart"
"Moon.","en-US","current","ready","assets/audio/CURRICULUM/5cc787bcd8b2c1e952ee28d8.en.v1.mp3","challenge_answer_en","lib/features/listening/presentation/lesson_challenge_screen.dart"
"More useful.","en-US","current","ready","assets/audio/CURRICULUM/1751ce84e6f1af0d01e5aef6.en.v1.mp3","core_en;challenge_answer_en","lib/features/listening/presentation/lesson_practice_screen.dart;lib/features/listening/presentation/lesson_challenge_screen.dart"
"Mouse.","en-US","current","ready","assets/audio/CURRICULUM/8fbf23a8acb65a3f622e8bc9.en.v1.mp3","core_en;challenge_answer_en","lib/features/listening/presentation/lesson_practice_screen.dart;lib/features/listening/presentation/lesson_challenge_screen.dart"
"Môn Âm nhạc: Music hay Math?","vi-VN","current","ready","assets/audio/CURRICULUM/d9ae5d7d88434e0a221382f2.vi.v1.mp3","challenge_question","lib/features/listening/presentation/lesson_challenge_screen.dart"
"Môn Âm nhạc.","vi-VN","current;catalog_only","ready","assets/audio/CURRICULUM/4e4b64988eda659b8d269dfa.vi.v1.mp3","core_vi;challenge_answer_vi","lib/features/listening/presentation/lesson_practice_screen.dart;assets/data/listening_lessons.json"
"Môn Khoa học: Science hay Art?","vi-VN","audio_catalog_only","ready","assets/audio/CURRICULUM/e978fc9599d51b47e15128fb.vi.v1.mp3","audio_not_traced","assets/data/curriculum_audio.json"
"Môn Khoa học.","vi-VN","current;catalog_only","ready","assets/audio/CURRICULUM/8c71f0d4e907f13bb106a2cd.vi.v1.mp3","core_vi;challenge_answer_vi","lib/features/listening/presentation/lesson_practice_screen.dart;assets/data/listening_lessons.json"
"Môn Mỹ thuật: Music hay Art?","vi-VN","current","ready","assets/audio/CURRICULUM/11d099b804f30b1e6cab87df.vi.v1.mp3","challenge_question","lib/features/listening/presentation/lesson_challenge_screen.dart"
"Môn Mỹ thuật.","vi-VN","current;catalog_only","ready","assets/audio/CURRICULUM/e32f02727c33a5fa70ec1490.vi.v1.mp3","core_vi;challenge_answer_vi","lib/features/listening/presentation/lesson_practice_screen.dart;assets/data/listening_lessons.json"
"Môn tiếng Anh: Science hay English?","vi-VN","audio_catalog_only","ready","assets/audio/CURRICULUM/4a66c2cf79c0679b0cad2573.vi.v1.mp3","audio_not_traced","assets/data/curriculum_audio.json"
"Môn tiếng Anh.","vi-VN","current;catalog_only","ready","assets/audio/CURRICULUM/33235fc097bd1509f273cd1a.vi.v1.mp3","core_vi;challenge_answer_vi","lib/features/listening/presentation/lesson_practice_screen.dart;assets/data/listening_lessons.json"
"Môn Toán: Math hay English?","vi-VN","audio_catalog_only","ready","assets/audio/CURRICULUM/a1ea8cabf96273986c3c1ced.vi.v1.mp3","audio_not_traced","assets/data/curriculum_audio.json"
"Môn Toán.","vi-VN","current;catalog_only","ready","assets/audio/CURRICULUM/d05064e58414b00d5e7e31a5.vi.v1.mp3","core_vi;challenge_answer_vi","lib/features/listening/presentation/lesson_practice_screen.dart;assets/data/listening_lessons.json"
"Một ngày mới bắt đầu rồi!","vi-VN","current","ready","assets/audio/CURRICULUM/7d59818f641a1f69d6f9fe6a.vi.v1.mp3","lesson_intro_clip","lib/features/listening/presentation/lesson_intro_screen.dart"
"Một tiếng vỗ tay: One clap hay Two claps?","vi-VN","current","ready","assets/audio/CURRICULUM/1e4220385d26bc6f12ea117c.vi.v1.mp3","challenge_question","lib/features/listening/presentation/lesson_challenge_screen.dart"
"Một tiếng vỗ tay.","vi-VN","current;catalog_only","ready","assets/audio/CURRICULUM/ed03ab9379e348f68c7aab91.vi.v1.mp3","core_vi;challenge_answer_vi","lib/features/listening/presentation/lesson_practice_screen.dart;assets/data/listening_lessons.json"
"Một: One hay Two?","vi-VN","current","ready","assets/audio/CURRICULUM/b837308a26bbeae6b216f4e3.vi.v1.mp3","challenge_question","lib/features/listening/presentation/lesson_challenge_screen.dart"
"Một.","vi-VN","current;catalog_only","ready","assets/audio/CURRICULUM/3fcdc9f459583960b3c489b2.vi.v1.mp3","core_vi;challenge_answer_vi","lib/features/listening/presentation/lesson_practice_screen.dart;assets/data/listening_lessons.json"
"Mở miệng: Open your mouth hay Raise your hands?","vi-VN","audio_catalog_only","ready","assets/audio/CURRICULUM/e31888a6489ac4afd36714b4.vi.v1.mp3","audio_not_traced","assets/data/curriculum_audio.json"
"Mở miệng: Raise your hands hay Open your mouth?","vi-VN","current","ready","assets/audio/CURRICULUM/f4d4ac87fdb57a1903701cef.vi.v1.mp3","challenge_question","lib/features/listening/presentation/lesson_challenge_screen.dart"
"Mở miệng.","vi-VN","current;catalog_only","ready","assets/audio/CURRICULUM/f6e67c928c2d4cc28f4913e9.vi.v1.mp3","core_vi;challenge_answer_vi","lib/features/listening/presentation/lesson_practice_screen.dart;assets/data/listening_lessons.json"
"Mở sách ra: Open your book hay Take your pencil?","vi-VN","current","ready","assets/audio/CURRICULUM/8462a8708d2ae3e3f643b6bd.vi.v1.mp3","challenge_question","lib/features/listening/presentation/lesson_challenge_screen.dart"
"Mở sách ra.","vi-VN","current;catalog_only","ready","assets/audio/CURRICULUM/913f12ffda1758260adc89c9.vi.v1.mp3","core_vi;challenge_answer_vi","lib/features/listening/presentation/lesson_practice_screen.dart;assets/data/listening_lessons.json"
"Mũi: Nose hay Hands?","vi-VN","current","ready","assets/audio/CURRICULUM/05b9799d56c07e49b9d97c71.vi.v1.mp3","challenge_question","lib/features/listening/presentation/lesson_challenge_screen.dart"
"Mũi.","vi-VN","current;catalog_only","ready","assets/audio/CURRICULUM/44379af5dce17790b717eda9.vi.v1.mp3","core_vi;challenge_answer_vi","lib/features/listening/presentation/lesson_practice_screen.dart;assets/data/listening_lessons.json"
"Music.","en-US","current","ready","assets/audio/CURRICULUM/a53adaf20b949e26a03b98ca.en.v1.mp3","core_en;challenge_answer_en","lib/features/listening/presentation/lesson_practice_screen.dart;lib/features/listening/presentation/lesson_challenge_screen.dart"
"Mưa rồi. Mặc gì nhỉ?","vi-VN","current","ready","assets/audio/CURRICULUM/67aea0a01a60589a145c5fe3.vi.v1.mp3","lesson_intro_clip","lib/features/listening/presentation/lesson_intro_screen.dart"
"Mười ba: Thirteen hay Fourteen?","vi-VN","current","ready","assets/audio/CURRICULUM/dba39bd3ea67f73114b5b6a0.vi.v1.mp3","challenge_question","lib/features/listening/presentation/lesson_challenge_screen.dart"
"Mười ba.","vi-VN","current;catalog_only","ready","assets/audio/CURRICULUM/fe6309fe75e72792f41a289d.vi.v1.mp3","core_vi;challenge_answer_vi","lib/features/listening/presentation/lesson_practice_screen.dart;assets/data/listening_lessons.json"
"Mười bảy: Eighteen hay Seventeen?","vi-VN","current","ready","assets/audio/CURRICULUM/dafff6147e5860b0e112ab1f.vi.v1.mp3","challenge_question","lib/features/listening/presentation/lesson_challenge_screen.dart"
"Mười bảy.","vi-VN","current;catalog_only","ready","assets/audio/CURRICULUM/b40f7cb00418d92e05f59843.vi.v1.mp3","core_vi;challenge_answer_vi","lib/features/listening/presentation/lesson_practice_screen.dart;assets/data/listening_lessons.json"
"Mười bốn: Fourteen hay Fifteen?","vi-VN","current","ready","assets/audio/CURRICULUM/5a3afde1fb322e7cbad43fb4.vi.v1.mp3","challenge_question","lib/features/listening/presentation/lesson_challenge_screen.dart"
"Mười bốn.","vi-VN","current;catalog_only","ready","assets/audio/CURRICULUM/4552ef1cd2b9526a9fe4963d.vi.v1.mp3","core_vi;challenge_answer_vi","lib/features/listening/presentation/lesson_practice_screen.dart;assets/data/listening_lessons.json"
"Mười cây bút màu: Twenty stars hay Ten crayons?","vi-VN","current","ready","assets/audio/CURRICULUM/661c8bb4a69a63166f3c2d16.vi.v1.mp3","challenge_question","lib/features/listening/presentation/lesson_challenge_screen.dart"
"Mười cây bút màu.","vi-VN","current;catalog_only","ready","assets/audio/CURRICULUM/fb599206e7c9c1ea4044475f.vi.v1.mp3","core_vi;challenge_answer_vi","lib/features/listening/presentation/lesson_practice_screen.dart;assets/data/listening_lessons.json"
"Mười chín: Nineteen hay Twenty?","vi-VN","current","ready","assets/audio/CURRICULUM/c376f3c62600190092709457.vi.v1.mp3","challenge_question","lib/features/listening/presentation/lesson_challenge_screen.dart"
"Mười chín.","vi-VN","current;catalog_only","ready","assets/audio/CURRICULUM/1c81e8c0bb2680e03559dc64.vi.v1.mp3","core_vi;challenge_answer_vi","lib/features/listening/presentation/lesson_practice_screen.dart;assets/data/listening_lessons.json"
"Mười đô-la: Ten dollars hay It's cheap?","vi-VN","current","ready","assets/audio/CURRICULUM/b2abbd312655d88c8fe85238.vi.v1.mp3","challenge_question","lib/features/listening/presentation/lesson_challenge_screen.dart"
"Mười đô-la.","vi-VN","current;catalog_only","ready","assets/audio/CURRICULUM/7de4b5cff76878d65d4a10ff.vi.v1.mp3","core_vi;challenge_answer_vi","lib/features/listening/presentation/lesson_practice_screen.dart;assets/data/listening_lessons.json"
"Mười hai: Thirteen hay Twelve?","vi-VN","current","ready","assets/audio/CURRICULUM/58511d7576f0b5a4107b3f2a.vi.v1.mp3","challenge_question","lib/features/listening/presentation/lesson_challenge_screen.dart"
"Mười hai.","vi-VN","current;catalog_only","ready","assets/audio/CURRICULUM/44e2e0ae1ee4dbb7cf324b3a.vi.v1.mp3","core_vi;challenge_answer_vi","lib/features/listening/presentation/lesson_practice_screen.dart;assets/data/listening_lessons.json"
"Mười lăm: Sixteen hay Fifteen?","vi-VN","current","ready","assets/audio/CURRICULUM/4bd848dbb57e8d4063734f91.vi.v1.mp3","challenge_question","lib/features/listening/presentation/lesson_challenge_screen.dart"
"Mười lăm.","vi-VN","current;catalog_only","ready","assets/audio/CURRICULUM/3495a10928c378d62dbf9fa8.vi.v1.mp3","core_vi;challenge_answer_vi","lib/features/listening/presentation/lesson_practice_screen.dart;assets/data/listening_lessons.json"
"Mười một: Eleven hay Twelve?","vi-VN","current","ready","assets/audio/CURRICULUM/d4f09a3491a8c4a2c3ff3415.vi.v1.mp3","challenge_question","lib/features/listening/presentation/lesson_challenge_screen.dart"
"Mười một.","vi-VN","current;catalog_only","ready","assets/audio/CURRICULUM/481fd73979c1f919d0266143.vi.v1.mp3","core_vi;challenge_answer_vi","lib/features/listening/presentation/lesson_practice_screen.dart;assets/data/listening_lessons.json"
"Mười sáu: Sixteen hay Seventeen?","vi-VN","current","ready","assets/audio/CURRICULUM/3f02a5cc3f68e9936243dc7b.vi.v1.mp3","challenge_question","lib/features/listening/presentation/lesson_challenge_screen.dart"
"Mười sáu.","vi-VN","current;catalog_only","ready","assets/audio/CURRICULUM/8f9d010034fc682805925261.vi.v1.mp3","core_vi;challenge_answer_vi","lib/features/listening/presentation/lesson_practice_screen.dart;assets/data/listening_lessons.json"
"Mười tám: Eighteen hay Seventeen?","vi-VN","current","ready","assets/audio/CURRICULUM/54859d1bf8788082084dd423.vi.v1.mp3","challenge_question","lib/features/listening/presentation/lesson_challenge_screen.dart"
"Mười tám.","vi-VN","current;catalog_only","ready","assets/audio/CURRICULUM/237ce4fb5e00e7f9d376fdca.vi.v1.mp3","core_vi;challenge_answer_vi","lib/features/listening/presentation/lesson_practice_screen.dart;assets/data/listening_lessons.json"
"Mười: Ten hay Nine?","vi-VN","current","ready","assets/audio/CURRICULUM/4eb8679e8851a95d70521981.vi.v1.mp3","challenge_question","lib/features/listening/presentation/lesson_challenge_screen.dart"
"Mười.","vi-VN","current;catalog_only","ready","assets/audio/CURRICULUM/5ff711683f6fb77874a80d2c.vi.v1.mp3","core_vi;challenge_answer_vi","lib/features/listening/presentation/lesson_practice_screen.dart;assets/data/listening_lessons.json"
"My account.","en-US","current","ready","assets/audio/CURRICULUM/56fab18bcb5e1413c1176aad.en.v1.mp3","core_en;challenge_answer_en","lib/features/listening/presentation/lesson_practice_screen.dart;lib/features/listening/presentation/lesson_challenge_screen.dart"
"My brother.","en-US","current","ready","assets/audio/CURRICULUM/8f2eb585ef08f1913a9ebb13.en.v1.mp3","core_en;challenge_answer_en","lib/features/listening/presentation/lesson_practice_screen.dart;lib/features/listening/presentation/lesson_challenge_screen.dart"
"My budget.","en-US","current","ready","assets/audio/CURRICULUM/aec641792ff951f2f5946cce.en.v1.mp3","core_en;challenge_answer_en","lib/features/listening/presentation/lesson_practice_screen.dart;lib/features/listening/presentation/lesson_challenge_screen.dart"
"My dad.","en-US","current","ready","assets/audio/CURRICULUM/808f2a7ab0865fd1dedab9b8.en.v1.mp3","core_en;challenge_answer_en","lib/features/listening/presentation/lesson_practice_screen.dart;lib/features/listening/presentation/lesson_challenge_screen.dart"
"My family.","en-US","current","ready","assets/audio/CURRICULUM/916101c23e14df84e7639d0e.en.v1.mp3","core_en;challenge_answer_en","lib/features/listening/presentation/lesson_practice_screen.dart;lib/features/listening/presentation/lesson_challenge_screen.dart"
"My location.","en-US","current","ready","assets/audio/CURRICULUM/f107d3934877b70fbf552ee7.en.v1.mp3","core_en;challenge_answer_en","lib/features/listening/presentation/lesson_practice_screen.dart;lib/features/listening/presentation/lesson_challenge_screen.dart"
"My mom.","en-US","current","ready","assets/audio/CURRICULUM/c911e6db25fec841bd804cb7.en.v1.mp3","core_en;challenge_answer_en","lib/features/listening/presentation/lesson_practice_screen.dart;lib/features/listening/presentation/lesson_challenge_screen.dart"
"My phone is dead.","en-US","current","ready","assets/audio/CURRICULUM/cb95acf8a7eacbbfb091570d.en.v1.mp3","core_en;challenge_answer_en","lib/features/listening/presentation/lesson_practice_screen.dart;lib/features/listening/presentation/lesson_challenge_screen.dart"
"My sister.","en-US","current","ready","assets/audio/CURRICULUM/f737c604aff2ba4807c9ebce.en.v1.mp3","core_en;challenge_answer_en","lib/features/listening/presentation/lesson_practice_screen.dart;lib/features/listening/presentation/lesson_challenge_screen.dart"
"My turn.","en-US","current","ready","assets/audio/CURRICULUM/166f84087040749ccc9406bf.en.v1.mp3","core_en;challenge_answer_en","lib/features/listening/presentation/lesson_practice_screen.dart;lib/features/listening/presentation/lesson_challenge_screen.dart"
"N. Nose.","en-US","current","ready","assets/audio/CURRICULUM/34d9cf5d685a1c9a9ca0113c.en.v1.mp3","core_en","lib/features/listening/presentation/lesson_practice_screen.dart"
"N. Notebook.","en-US","current","ready","assets/audio/CURRICULUM/08f502f372b216dd9bb2faa6.en.v1.mp3","core_en","lib/features/listening/presentation/lesson_practice_screen.dart"
"Năm đô-la: Ten dollars hay Five dollars?","vi-VN","audio_catalog_only","ready","assets/audio/CURRICULUM/d0360d10995d8b879f46266f.vi.v1.mp3","audio_not_traced","assets/data/curriculum_audio.json"
"Năm đô-la.","vi-VN","current;catalog_only","ready","assets/audio/CURRICULUM/e30102fa92cf607b098c40f8.vi.v1.mp3","core_vi;challenge_answer_vi","lib/features/listening/presentation/lesson_practice_screen.dart;assets/data/listening_lessons.json"
"Năm quả táo: Five apples hay Ten crayons?","vi-VN","current","ready","assets/audio/CURRICULUM/9af7f96cbe06cb2f8e76e8ee.vi.v1.mp3","challenge_question","lib/features/listening/presentation/lesson_challenge_screen.dart"
"Năm quả táo.","vi-VN","current;catalog_only","ready","assets/audio/CURRICULUM/084c52caaa8fe99418afc371.vi.v1.mp3","core_vi;challenge_answer_vi","lib/features/listening/presentation/lesson_practice_screen.dart;assets/data/listening_lessons.json"
"Năm tiếng vỗ tay: Five claps hay One clap?","vi-VN","current","ready","assets/audio/CURRICULUM/7bbc18824b95905168474c7f.vi.v1.mp3","challenge_question","lib/features/listening/presentation/lesson_challenge_screen.dart"
"Năm tiếng vỗ tay.","vi-VN","current;catalog_only","ready","assets/audio/CURRICULUM/1aa89497b0fc1cd93ad8fc94.vi.v1.mp3","core_vi;challenge_answer_vi","lib/features/listening/presentation/lesson_practice_screen.dart;assets/data/listening_lessons.json"
"Năm: Six hay Five?","vi-VN","current","ready","assets/audio/CURRICULUM/dda6ac774104e2d3328858eb.vi.v1.mp3","challenge_question","lib/features/listening/presentation/lesson_challenge_screen.dart"
"Năm.","vi-VN","current;catalog_only","ready","assets/audio/CURRICULUM/4f77c0d0ab048d2e3f0ee8f3.vi.v1.mp3","core_vi;challenge_answer_vi","lib/features/listening/presentation/lesson_practice_screen.dart;assets/data/listening_lessons.json"
"Near the park.","en-US","current","ready","assets/audio/CURRICULUM/4dab25d110585f6c54986a29.en.v1.mp3","core_en;challenge_answer_en","lib/features/listening/presentation/lesson_practice_screen.dart;lib/features/listening/presentation/lesson_challenge_screen.dart"
"Next to school.","en-US","current","ready","assets/audio/CURRICULUM/72927dc6daaa71ca35d52af5.en.v1.mp3","core_en;challenge_answer_en","lib/features/listening/presentation/lesson_practice_screen.dart;lib/features/listening/presentation/lesson_challenge_screen.dart"
"Ngân sách của mình: Good price hay My budget?","vi-VN","audio_catalog_only","ready","assets/audio/CURRICULUM/2c70eff0d15a9c4c7f8a298e.vi.v1.mp3","audio_not_traced","assets/data/curriculum_audio.json"
"Ngân sách của mình.","vi-VN","current;catalog_only","ready","assets/audio/CURRICULUM/8849999e9bb89cc895a1c4e9.vi.v1.mp3","core_vi;challenge_answer_vi","lib/features/listening/presentation/lesson_practice_screen.dart;assets/data/listening_lessons.json"
"Nghe câu đúng nhé.","vi-VN","current","ready","assets/audio/MAIN/RUN-098.vi.v1.mp3","age_feedback","lib/features/listening/domain/lesson_guide_flow.dart"
"Nghe được đó: Sounds good hay I'd love to?","vi-VN","audio_catalog_only","ready","assets/audio/CURRICULUM/f77d22734a1c694adf38d071.vi.v1.mp3","audio_not_traced","assets/data/curriculum_audio.json"
"Nghe được đó.","vi-VN","current;catalog_only","ready","assets/audio/CURRICULUM/7a79fe253a8670561d8fd0e6.vi.v1.mp3","core_vi;challenge_answer_vi","lib/features/listening/presentation/lesson_practice_screen.dart;assets/data/listening_lessons.json"
"Nghe HOMI trước, rồi bạn nói lại sau nha.","vi-VN","catalog_only","ready","assets/audio/MAIN/AI-047.vi.v1.mp3","assistant_catalog","lib/features/voice_navigation/domain/homi_fallback_catalog.dart"
"Nghe lại rồi thử nhé.","vi-VN","current","ready","assets/audio/MAIN/RUN-076.vi.v1.mp3","age_feedback","lib/features/listening/domain/lesson_guide_flow.dart"
"Nghe nhạc: Listen to music hay Make calls?","vi-VN","audio_catalog_only","ready","assets/audio/CURRICULUM/e2d3bbbaa6c8e86461e59347.vi.v1.mp3","audio_not_traced","assets/data/curriculum_audio.json"
"Nghe nhạc.","vi-VN","current;catalog_only","ready","assets/audio/CURRICULUM/857160401442d51f478784a4.vi.v1.mp3","core_vi;challenge_answer_vi","lib/features/listening/presentation/lesson_practice_screen.dart;assets/data/listening_lessons.json"
"Nghe thật kỹ nhé.","vi-VN","current","ready","assets/audio/CURRICULUM/89c9b6d37348fd2c867aff32.vi.v1.mp3","lesson_intro_clip","lib/features/listening/presentation/lesson_intro_screen.dart"
"Nghỉ giải lao: Check my work hay Take breaks?","vi-VN","current","ready","assets/audio/CURRICULUM/254c8f3356bf111cf39c845a.vi.v1.mp3","challenge_question","lib/features/listening/presentation/lesson_challenge_screen.dart"
"Nghỉ giải lao: Take breaks hay Drink water?","vi-VN","current","ready","assets/audio/CURRICULUM/9da0b1a7d9ed4e8b236dc249.vi.v1.mp3","challenge_question","lib/features/listening/presentation/lesson_challenge_screen.dart"
"Nghỉ giải lao.","vi-VN","current;catalog_only","ready","assets/audio/CURRICULUM/33d14dfdae3d9e4c66356490.vi.v1.mp3","core_vi;challenge_answer_vi","lib/features/listening/presentation/lesson_practice_screen.dart;assets/data/listening_lessons.json"
"Nghỉ một chút: Get some sleep hay Take a break?","vi-VN","audio_catalog_only","ready","assets/audio/CURRICULUM/00c2e17d0ffff3563359fafc.vi.v1.mp3","audio_not_traced","assets/data/curriculum_audio.json"
"Nghỉ một chút.","vi-VN","current;catalog_only","ready","assets/audio/CURRICULUM/da6d1b0507603d122ee434f8.vi.v1.mp3","core_vi;challenge_answer_vi","lib/features/listening/presentation/lesson_practice_screen.dart;assets/data/listening_lessons.json"
"Nghỉ ngơi vào Chủ nhật: Relax on Sunday hay Homework after school?","vi-VN","current","ready","assets/audio/CURRICULUM/57cce471e6f2f005249098e7.vi.v1.mp3","challenge_question","lib/features/listening/presentation/lesson_challenge_screen.dart"
"Nghỉ ngơi vào Chủ nhật.","vi-VN","current;catalog_only","ready","assets/audio/CURRICULUM/e21b8a57de65ddb3a0bc781a.vi.v1.mp3","core_vi;challenge_answer_vi","lib/features/listening/presentation/lesson_practice_screen.dart;assets/data/listening_lessons.json"
"Nghỉ ngơi: Relax hay Do homework?","vi-VN","current","ready","assets/audio/CURRICULUM/c818eb2c9966a925f1c78ecc.vi.v1.mp3","challenge_question","lib/features/listening/presentation/lesson_challenge_screen.dart"
"Nghỉ ngơi.","vi-VN","current;catalog_only","ready","assets/audio/CURRICULUM/09c9c34f19ea4d736d386b4d.vi.v1.mp3","core_vi;challenge_answer_vi","lib/features/listening/presentation/lesson_practice_screen.dart;assets/data/listening_lessons.json"
"Ngôi nhà: House hay Insect?","vi-VN","current","ready","assets/audio/CURRICULUM/f3e19ac5a6b48fd525c12af6.vi.v1.mp3","challenge_question","lib/features/listening/presentation/lesson_challenge_screen.dart"
"Ngôi nhà.","vi-VN","current;catalog_only","ready","assets/audio/CURRICULUM/9d6bff623a533b9e48de58ab.vi.v1.mp3","core_vi;challenge_answer_vi","lib/features/listening/presentation/lesson_practice_screen.dart;assets/data/listening_lessons.json"
"Ngồi xuống: Sit down hay Listen, please?","vi-VN","current","ready","assets/audio/CURRICULUM/b64a7983899532dda56d702c.vi.v1.mp3","challenge_question","lib/features/listening/presentation/lesson_challenge_screen.dart"
"Ngồi xuống.","vi-VN","current;catalog_only","ready","assets/audio/CURRICULUM/38ddd279348c0ac7096d540f.vi.v1.mp3","core_vi;challenge_answer_vi","lib/features/listening/presentation/lesson_practice_screen.dart;assets/data/listening_lessons.json"
"Ngủ sớm: Sleep early hay Exercise daily?","vi-VN","audio_catalog_only","ready","assets/audio/CURRICULUM/a9afe64ba2c5d570ba545c4d.vi.v1.mp3","audio_not_traced","assets/data/curriculum_audio.json"
"Ngủ sớm.","vi-VN","current;catalog_only","ready","assets/audio/CURRICULUM/fcdcb3a25aaea61ff47bf958.vi.v1.mp3","core_vi;challenge_answer_vi","lib/features/listening/presentation/lesson_practice_screen.dart;assets/data/listening_lessons.json"
"Ngủ thêm: Get some sleep hay Go for a walk?","vi-VN","audio_catalog_only","ready","assets/audio/CURRICULUM/ae2a37b44bc6a39638ab7ce8.vi.v1.mp3","audio_not_traced","assets/data/curriculum_audio.json"
"Ngủ thêm.","vi-VN","current;catalog_only","ready","assets/audio/CURRICULUM/ef1aaeb623b9cda58bbbbe95.vi.v1.mp3","core_vi;challenge_answer_vi","lib/features/listening/presentation/lesson_practice_screen.dart;assets/data/listening_lessons.json"
"Ngủ vào buổi tối: Sleep at night hay Wake up at seven?","vi-VN","current","ready","assets/audio/CURRICULUM/19a72b54f525037989489e33.vi.v1.mp3","challenge_question","lib/features/listening/presentation/lesson_challenge_screen.dart"
"Ngủ vào buổi tối.","vi-VN","current;catalog_only","ready","assets/audio/CURRICULUM/cc1344b31aae98d30604a21f.vi.v1.mp3","core_vi;challenge_answer_vi","lib/features/listening/presentation/lesson_practice_screen.dart;assets/data/listening_lessons.json"
"Ngủ: Sleep hay Wake up?","vi-VN","current","ready","assets/audio/CURRICULUM/29578926932d9ef84af01f94.vi.v1.mp3","challenge_question","lib/features/listening/presentation/lesson_challenge_screen.dart"
"Ngủ.","vi-VN","current;catalog_only","ready","assets/audio/CURRICULUM/cb050ed849089515de11d466.vi.v1.mp3","core_vi;challenge_answer_vi","lib/features/listening/presentation/lesson_practice_screen.dart;assets/data/listening_lessons.json"
"Ngựa vằn: Zebra hay Sun?","vi-VN","current","ready","assets/audio/CURRICULUM/5b8a4c149532180f5d7ec33b.vi.v1.mp3","challenge_question","lib/features/listening/presentation/lesson_challenge_screen.dart"
"Ngựa vằn.","vi-VN","current;catalog_only","ready","assets/audio/CURRICULUM/64a46cad0d12653276e7cfca.vi.v1.mp3","core_vi;challenge_answer_vi","lib/features/listening/presentation/lesson_practice_screen.dart;assets/data/listening_lessons.json"
"Người lạ: Stranger hay Password?","vi-VN","current","ready","assets/audio/CURRICULUM/138ef089ca3704a643b19f30.vi.v1.mp3","challenge_question","lib/features/listening/presentation/lesson_challenge_screen.dart"
"Người lạ.","vi-VN","current;catalog_only","ready","assets/audio/CURRICULUM/a9b5cbde422ca79fd51ec8a1.vi.v1.mp3","core_vi;challenge_answer_vi","lib/features/listening/presentation/lesson_practice_screen.dart;assets/data/listening_lessons.json"
"Nhà ga: Exit hay Station?","vi-VN","current","ready","assets/audio/CURRICULUM/c9a74d4987b32d059b58b286.vi.v1.mp3","challenge_question","lib/features/listening/presentation/lesson_challenge_screen.dart"
"Nhà ga.","vi-VN","current;catalog_only","ready","assets/audio/CURRICULUM/997b6eed500b9b3aae958715.vi.v1.mp3","core_vi;challenge_answer_vi","lib/features/listening/presentation/lesson_practice_screen.dart;assets/data/listening_lessons.json"
"Nhanh hơn: Easier hay Faster?","vi-VN","audio_catalog_only","ready","assets/audio/CURRICULUM/86dd129cd8ef726d65412f45.vi.v1.mp3","audio_not_traced","assets/data/curriculum_audio.json"
"Nhanh hơn.","vi-VN","current;catalog_only","ready","assets/audio/CURRICULUM/20e11cebd0ae9d944fd61173.vi.v1.mp3","core_vi;challenge_answer_vi","lib/features/listening/presentation/lesson_practice_screen.dart;assets/data/listening_lessons.json"
"Nhắm mắt lại: Touch your nose hay Close your eyes?","vi-VN","current","ready","assets/audio/CURRICULUM/860f8fc80103d4fc523ef698.vi.v1.mp3","challenge_question","lib/features/listening/presentation/lesson_challenge_screen.dart"
"Nhắm mắt lại.","vi-VN","current;catalog_only","ready","assets/audio/CURRICULUM/3191648e50e62f07c2c55695.vi.v1.mp3","core_vi;challenge_answer_vi","lib/features/listening/presentation/lesson_practice_screen.dart;assets/data/listening_lessons.json"
"Nhặt rác: Pick up litter hay Walk short distances?","vi-VN","audio_catalog_only","ready","assets/audio/CURRICULUM/39e1bb19e380d277bcf8de2d.vi.v1.mp3","audio_not_traced","assets/data/curriculum_audio.json"
"Nhặt rác.","vi-VN","current;catalog_only","ready","assets/audio/CURRICULUM/9f4a5cb17353fc7be61a4462.vi.v1.mp3","core_vi;challenge_answer_vi","lib/features/listening/presentation/lesson_practice_screen.dart;assets/data/listening_lessons.json"
"Nhẹ hơn: Lighter hay More useful?","vi-VN","current","ready","assets/audio/CURRICULUM/45fc63e46431e07ef4a75648.vi.v1.mp3","challenge_question","lib/features/listening/presentation/lesson_challenge_screen.dart"
"Nhẹ hơn.","vi-VN","current;catalog_only","ready","assets/audio/CURRICULUM/8e0f956051655c7c3f0ec122.vi.v1.mp3","core_vi;challenge_answer_vi","lib/features/listening/presentation/lesson_practice_screen.dart;assets/data/listening_lessons.json"
"Nhớ từ: Work in teams hay Remember words?","vi-VN","current","ready","assets/audio/CURRICULUM/ecc66560f894346341ae2946.vi.v1.mp3","challenge_question","lib/features/listening/presentation/lesson_challenge_screen.dart"
"Nhớ từ.","vi-VN","current;catalog_only","ready","assets/audio/CURRICULUM/ad76b056407063456fa59d08.vi.v1.mp3","core_vi;challenge_answer_vi","lib/features/listening/presentation/lesson_practice_screen.dart;assets/data/listening_lessons.json"
"Những ngôi sao của con.","vi-VN","audio_catalog_only","ready","assets/audio/MAIN/RUN-018.vi.v1.mp3","audio_not_traced","assets/data/main_assistant_audio.json"
"Nice.","en-US","audio_catalog_only","ready","assets/audio/MAIN/RUN-104.en.v1.mp3","audio_not_traced","assets/data/main_assistant_audio.json"
"Nice.","vi-VN","current","ready","assets/audio/MAIN/RUN-104.en.v1.mp3","age_feedback","lib/features/listening/domain/lesson_guide_flow.dart"
"Nine.","en-US","current","ready","assets/audio/CURRICULUM/beb678f1b13086c4a817018a.en.v1.mp3","core_en;challenge_answer_en","lib/features/listening/presentation/lesson_practice_screen.dart;lib/features/listening/presentation/lesson_challenge_screen.dart"
"Nineteen.","en-US","current","ready","assets/audio/CURRICULUM/ffe650e3ada90810b128580e.en.v1.mp3","core_en;challenge_answer_en","lib/features/listening/presentation/lesson_practice_screen.dart;lib/features/listening/presentation/lesson_challenge_screen.dart"
"Nó có đáng không: Is it worth it? hay It's too expensive?","vi-VN","audio_catalog_only","ready","assets/audio/CURRICULUM/6c3682b1fd6c3bff600e1c24.vi.v1.mp3","audio_not_traced","assets/data/curriculum_audio.json"
"Nó có đáng không?","vi-VN","current;catalog_only","ready","assets/audio/CURRICULUM/3f04d5c8d2c51609388cbe8d.vi.v1.mp3","core_vi;challenge_answer_vi","lib/features/listening/presentation/lesson_practice_screen.dart;assets/data/listening_lessons.json"
"Nó có thể làm gì nhỉ?","vi-VN","current","ready","assets/audio/CURRICULUM/0825cf5a4e432e8cfc82b97f.vi.v1.mp3","lesson_intro_clip","lib/features/listening/presentation/lesson_intro_screen.dart"
"Nó đắt: It's expensive hay How much?","vi-VN","audio_catalog_only","ready","assets/audio/CURRICULUM/788d607ec58b8c74ff1f99a1.vi.v1.mp3","audio_not_traced","assets/data/curriculum_audio.json"
"Nó đắt.","vi-VN","current;catalog_only","ready","assets/audio/CURRICULUM/aa11d001995d68c7b5e996ff.vi.v1.mp3","core_vi;challenge_answer_vi","lib/features/listening/presentation/lesson_practice_screen.dart;assets/data/listening_lessons.json"
"Nó giá hai mươi đô-la: That's cheap hay It's twenty dollars?","vi-VN","current","ready","assets/audio/CURRICULUM/f23b955c4c22c8d4a9c25598.vi.v1.mp3","challenge_question","lib/features/listening/presentation/lesson_challenge_screen.dart"
"Nó giá hai mươi đô-la.","vi-VN","current;catalog_only","ready","assets/audio/CURRICULUM/f4b75005390e2a7b1b1b338b.vi.v1.mp3","core_vi;challenge_answer_vi","lib/features/listening/presentation/lesson_practice_screen.dart;assets/data/listening_lessons.json"
"Nó hợp ngân sách: It fits my budget hay I don't need it?","vi-VN","current","ready","assets/audio/CURRICULUM/6e094cd6f68d9a99348d91f0.vi.v1.mp3","challenge_question","lib/features/listening/presentation/lesson_challenge_screen.dart"
"Nó hợp ngân sách.","vi-VN","current;catalog_only","ready","assets/audio/CURRICULUM/046f16323489152cc9e38756.vi.v1.mp3","core_vi;challenge_answer_vi","lib/features/listening/presentation/lesson_practice_screen.dart;assets/data/listening_lessons.json"
"Nó hữu ích hơn: This works better for me hay It's more useful?","vi-VN","audio_catalog_only","ready","assets/audio/CURRICULUM/86a1f4708f028a7eba625d85.vi.v1.mp3","audio_not_traced","assets/data/curriculum_audio.json"
"Nó hữu ích hơn.","vi-VN","current;catalog_only","ready","assets/audio/CURRICULUM/010b4d08690b25ecbc863f0f.vi.v1.mp3","core_vi;challenge_answer_vi","lib/features/listening/presentation/lesson_practice_screen.dart;assets/data/listening_lessons.json"
"Nó là hình ngôi sao: It's a circle hay It's a star?","vi-VN","current","ready","assets/audio/CURRICULUM/8071dd63582a1b0b0a43f65a.vi.v1.mp3","challenge_question","lib/features/listening/presentation/lesson_challenge_screen.dart"
"Nó là hình ngôi sao.","vi-VN","current;catalog_only","ready","assets/audio/CURRICULUM/6764143e0b207bd170b984b8.vi.v1.mp3","core_vi;challenge_answer_vi","lib/features/listening/presentation/lesson_practice_screen.dart;assets/data/listening_lessons.json"
"Nó là hình tam giác: It's a triangle hay It's a star?","vi-VN","current","ready","assets/audio/CURRICULUM/6e55377a5770798e630bb7fc.vi.v1.mp3","challenge_question","lib/features/listening/presentation/lesson_challenge_screen.dart"
"Nó là hình tam giác.","vi-VN","current;catalog_only","ready","assets/audio/CURRICULUM/73abb3f88ec8b7ce9540f24e.vi.v1.mp3","core_vi;challenge_answer_vi","lib/features/listening/presentation/lesson_practice_screen.dart;assets/data/listening_lessons.json"
"Nó là hình tròn: It's a circle hay It's a square?","vi-VN","current","ready","assets/audio/CURRICULUM/cfc755c690ebd1ebf3459209.vi.v1.mp3","challenge_question","lib/features/listening/presentation/lesson_challenge_screen.dart"
"Nó là hình tròn.","vi-VN","current;catalog_only","ready","assets/audio/CURRICULUM/d44903fd1cc39fabeefd162c.vi.v1.mp3","core_vi;challenge_answer_vi","lib/features/listening/presentation/lesson_practice_screen.dart;assets/data/listening_lessons.json"
"Nó là hình vuông: It's a triangle hay It's a square?","vi-VN","current","ready","assets/audio/CURRICULUM/e27593bc42004b2b47d23171.vi.v1.mp3","challenge_question","lib/features/listening/presentation/lesson_challenge_screen.dart"
"Nó là hình vuông.","vi-VN","current;catalog_only","ready","assets/audio/CURRICULUM/cbcb520c2eded8ab6f4f51c9.vi.v1.mp3","core_vi;challenge_answer_vi","lib/features/listening/presentation/lesson_practice_screen.dart;assets/data/listening_lessons.json"
"Nó màu đen: It's black hay It's white?","vi-VN","current","ready","assets/audio/CURRICULUM/d24698eaa56590da50e47823.vi.v1.mp3","challenge_question","lib/features/listening/presentation/lesson_challenge_screen.dart"
"Nó màu đen.","vi-VN","current;catalog_only","ready","assets/audio/CURRICULUM/cfc877b4fb036d8f26029b4f.vi.v1.mp3","core_vi;challenge_answer_vi","lib/features/listening/presentation/lesson_practice_screen.dart;assets/data/listening_lessons.json"
"Nó màu đỏ: It's red hay It's blue?","vi-VN","current","ready","assets/audio/CURRICULUM/7291a2973c52a7caf7dba080.vi.v1.mp3","challenge_question","lib/features/listening/presentation/lesson_challenge_screen.dart"
"Nó màu đỏ.","vi-VN","current;catalog_only","ready","assets/audio/CURRICULUM/937737d9b0f020e3a010cf50.vi.v1.mp3","core_vi;challenge_answer_vi","lib/features/listening/presentation/lesson_practice_screen.dart;assets/data/listening_lessons.json"
"Nó màu trắng: It's white hay It's red?","vi-VN","current","ready","assets/audio/CURRICULUM/2747ea512f59dea5f357e9be.vi.v1.mp3","challenge_question","lib/features/listening/presentation/lesson_challenge_screen.dart"
"Nó màu trắng.","vi-VN","current;catalog_only","ready","assets/audio/CURRICULUM/8baa6ebc608027f5f18d98c3.vi.v1.mp3","core_vi;challenge_answer_vi","lib/features/listening/presentation/lesson_practice_screen.dart;assets/data/listening_lessons.json"
"Nó màu vàng: It's yellow hay It's green?","vi-VN","current","ready","assets/audio/CURRICULUM/d477e70b2a40517a9cc26a6d.vi.v1.mp3","challenge_question","lib/features/listening/presentation/lesson_challenge_screen.dart"
"Nó màu vàng.","vi-VN","current;catalog_only","ready","assets/audio/CURRICULUM/c8c1ae47bdf7a5d0d51ed16c.vi.v1.mp3","core_vi;challenge_answer_vi","lib/features/listening/presentation/lesson_practice_screen.dart;assets/data/listening_lessons.json"
"Nó màu xanh dương: It's yellow hay It's blue?","vi-VN","current","ready","assets/audio/CURRICULUM/5d25290e0d96605e69844c78.vi.v1.mp3","challenge_question","lib/features/listening/presentation/lesson_challenge_screen.dart"
"Nó màu xanh dương.","vi-VN","current;catalog_only","ready","assets/audio/CURRICULUM/9e96e1a892a1ae54ac4f4115.vi.v1.mp3","core_vi;challenge_answer_vi","lib/features/listening/presentation/lesson_practice_screen.dart;assets/data/listening_lessons.json"
"Nó màu xanh lá: It's black hay It's green?","vi-VN","current","ready","assets/audio/CURRICULUM/e7f4e0b98d21d26ed48332cc.vi.v1.mp3","challenge_question","lib/features/listening/presentation/lesson_challenge_screen.dart"
"Nó màu xanh lá.","vi-VN","current;catalog_only","ready","assets/audio/CURRICULUM/66b0b41a70547df71a2a420c.vi.v1.mp3","core_vi;challenge_answer_vi","lib/features/listening/presentation/lesson_practice_screen.dart;assets/data/listening_lessons.json"
"Nó quá đắt: It fits my budget hay It's too expensive?","vi-VN","current","ready","assets/audio/CURRICULUM/17e50b4bdcb56270d6ddef0a.vi.v1.mp3","challenge_question","lib/features/listening/presentation/lesson_challenge_screen.dart"
"Nó quá đắt.","vi-VN","current;catalog_only","ready","assets/audio/CURRICULUM/0e18f417f8025f2c4e0495ba.vi.v1.mp3","core_vi;challenge_answer_vi","lib/features/listening/presentation/lesson_practice_screen.dart;assets/data/listening_lessons.json"
"Nó rẻ: It's expensive hay It's cheap?","vi-VN","current","ready","assets/audio/CURRICULUM/e577ab2a62267116c8a4abf1.vi.v1.mp3","challenge_question","lib/features/listening/presentation/lesson_challenge_screen.dart"
"Nó rẻ.","vi-VN","current;catalog_only","ready","assets/audio/CURRICULUM/8590fe3db69ab71317c64997.vi.v1.mp3","core_vi;challenge_answer_vi","lib/features/listening/presentation/lesson_practice_screen.dart;assets/data/listening_lessons.json"
"No, I don't.","en-US","current","ready","assets/audio/CURRICULUM/4989f19ba168ca36defa28f6.en.v1.mp3","core_en;challenge_answer_en","lib/features/listening/presentation/lesson_practice_screen.dart;lib/features/listening/presentation/lesson_challenge_screen.dart"
"No, thank you.","en-US","current","ready","assets/audio/CURRICULUM/2c2c7e45c63cb10c0f956e9c.en.v1.mp3","core_en;challenge_answer_en","lib/features/listening/presentation/lesson_practice_screen.dart;lib/features/listening/presentation/lesson_challenge_screen.dart"
"Nói chuyện với ai đó: Talk to someone hay Put your phone away?","vi-VN","current","ready","assets/audio/CURRICULUM/db0a287d92020839c948ea50.vi.v1.mp3","challenge_question","lib/features/listening/presentation/lesson_challenge_screen.dart"
"Nói chuyện với ai đó.","vi-VN","current;catalog_only","ready","assets/audio/CURRICULUM/e072b4927ae0bdc41b68b783.vi.v1.mp3","core_vi;challenge_answer_vi","lib/features/listening/presentation/lesson_practice_screen.dart;assets/data/listening_lessons.json"
"Nói lại câu này nhé.","vi-VN","audio_catalog_only","ready","assets/audio/CURRICULUM/427ce8dfed0cb514d247ff21.vi.v1.mp3","audio_not_traced","assets/data/curriculum_audio.json"
"Nói lại câu này.","vi-VN","current","ready","assets/audio/MAIN/RUN-128.vi.v1.mp3","core_speak_cue","lib/features/listening/domain/lesson_guide_flow.dart"
"Nói lại lựa chọn của con nhé","vi-VN","audio_catalog_only","ready","assets/audio/MAIN/RUN-131.vi.v1.mp3","audio_not_traced","assets/data/main_assistant_audio.json"
"Nói theo cô nhé.","vi-VN","audio_catalog_only","ready","assets/audio/MAIN/RUN-123.vi.v1.mp3","audio_not_traced","assets/data/main_assistant_audio.json"
"Nói tự tin hơn: Learn more words hay Speak more confidently?","vi-VN","current","ready","assets/audio/CURRICULUM/966a90c72134965ae7c1edef.vi.v1.mp3","challenge_question","lib/features/listening/presentation/lesson_challenge_screen.dart"
"Nói tự tin hơn.","vi-VN","current;catalog_only","ready","assets/audio/CURRICULUM/5540d006bf53fe52e846e022.vi.v1.mp3","core_vi;challenge_answer_vi","lib/features/listening/presentation/lesson_practice_screen.dart;assets/data/listening_lessons.json"
"Nói với người lớn: Tell an adult hay Keep passwords private?","vi-VN","audio_catalog_only","ready","assets/audio/CURRICULUM/d91c4e4f697eee55a06a3854.vi.v1.mp3","audio_not_traced","assets/data/curriculum_audio.json"
"Nói với người lớn.","vi-VN","current;catalog_only","ready","assets/audio/CURRICULUM/b07bd63640475eebfdbae397.vi.v1.mp3","core_vi;challenge_answer_vi","lib/features/listening/presentation/lesson_practice_screen.dart;assets/data/listening_lessons.json"
"Nóng: Hot hay Cold?","vi-VN","current","ready","assets/audio/CURRICULUM/115028ad061af01407a22a95.vi.v1.mp3","challenge_question","lib/features/listening/presentation/lesson_challenge_screen.dart"
"Nóng.","vi-VN","current;catalog_only","ready","assets/audio/CURRICULUM/1b7fc6116bd0446bc7daac5e.vi.v1.mp3","core_vi;challenge_answer_vi","lib/features/listening/presentation/lesson_practice_screen.dart;assets/data/listening_lessons.json"
"Noodles.","en-US","current","ready","assets/audio/CURRICULUM/7115aee76073dd5c07f8b1ec.en.v1.mp3","core_en;challenge_answer_en","lib/features/listening/presentation/lesson_practice_screen.dart;lib/features/listening/presentation/lesson_challenge_screen.dart"
"Nose.","en-US","current","ready","assets/audio/CURRICULUM/ddddd3b96da64270b97daf89.en.v1.mp3","challenge_answer_en;core_en","lib/features/listening/presentation/lesson_challenge_screen.dart;lib/features/listening/presentation/lesson_practice_screen.dart"
"Notebook.","en-US","current","ready","assets/audio/CURRICULUM/088e9c518a4185abce9b3d0d.en.v1.mp3","challenge_answer_en","lib/features/listening/presentation/lesson_challenge_screen.dart"
"Nữ hoàng: Queen hay Rabbit?","vi-VN","current","ready","assets/audio/CURRICULUM/42ded0173212f7c7327a389f.vi.v1.mp3","challenge_question","lib/features/listening/presentation/lesson_challenge_screen.dart"
"Nữ hoàng.","vi-VN","current;catalog_only","ready","assets/audio/CURRICULUM/116b80c4ce99405ddb0c00a2.vi.v1.mp3","core_vi;challenge_answer_vi","lib/features/listening/presentation/lesson_practice_screen.dart;assets/data/listening_lessons.json"
"Nước ép: Juice hay Kite?","vi-VN","current","ready","assets/audio/CURRICULUM/905092da8be7ebedfa2c72bf.vi.v1.mp3","challenge_question","lib/features/listening/presentation/lesson_challenge_screen.dart"
"Nước ép.","vi-VN","current;catalog_only","ready","assets/audio/CURRICULUM/30dfb0fdc7a9cd56ba567c0b.vi.v1.mp3","core_vi;challenge_answer_vi","lib/features/listening/presentation/lesson_practice_screen.dart;assets/data/listening_lessons.json"
"Nước: Water hay Apple?","vi-VN","current","ready","assets/audio/CURRICULUM/01462dddd828de6ba9e8c5ee.vi.v1.mp3","challenge_question","lib/features/listening/presentation/lesson_challenge_screen.dart"
"Nước: Water hay X-ray?","vi-VN","current","ready","assets/audio/CURRICULUM/e2a8dabe1360b7ea09e2d304.vi.v1.mp3","challenge_question","lib/features/listening/presentation/lesson_challenge_screen.dart"
"Nước.","vi-VN","current;catalog_only","ready","assets/audio/CURRICULUM/a57fd13cb885fa698be65051.vi.v1.mp3","core_vi;challenge_answer_vi","lib/features/listening/presentation/lesson_practice_screen.dart;assets/data/listening_lessons.json"
"O. Octopus.","en-US","current","ready","assets/audio/CURRICULUM/07267dfe785c8c072fb742b1.en.v1.mp3","core_en","lib/features/listening/presentation/lesson_practice_screen.dart"
"O. Orange.","en-US","current","ready","assets/audio/CURRICULUM/7d49be5f3ee566c741bedc03.en.v1.mp3","core_en","lib/features/listening/presentation/lesson_practice_screen.dart"
"Octopus.","en-US","current","ready","assets/audio/CURRICULUM/6244eddf078d8d076baf58fb.en.v1.mp3","challenge_answer_en","lib/features/listening/presentation/lesson_challenge_screen.dart"
"On weekends.","en-US","current","ready","assets/audio/CURRICULUM/0ac450bbb212216be05d21e2.en.v1.mp3","core_en;challenge_answer_en","lib/features/listening/presentation/lesson_practice_screen.dart;lib/features/listening/presentation/lesson_challenge_screen.dart"
"One clap.","en-US","current","ready","assets/audio/CURRICULUM/e3d880eef2ba0c4cd95c5dc2.en.v1.mp3","core_en;challenge_answer_en","lib/features/listening/presentation/lesson_practice_screen.dart;lib/features/listening/presentation/lesson_challenge_screen.dart"
"One more time.","en-US","audio_catalog_only","ready","assets/audio/MAIN/RUN-115.en.v1.mp3","audio_not_traced","assets/data/main_assistant_audio.json"
"One more time.","vi-VN","current","ready","assets/audio/MAIN/RUN-115.en.v1.mp3","age_feedback","lib/features/listening/domain/lesson_guide_flow.dart"
"One ticket, please.","en-US","current","ready","assets/audio/CURRICULUM/75360ce1391fd5cd1f4dfb78.en.v1.mp3","core_en;challenge_answer_en","lib/features/listening/presentation/lesson_practice_screen.dart;lib/features/listening/presentation/lesson_challenge_screen.dart"
"One.","en-US","current","ready","assets/audio/CURRICULUM/437b45442292c65be7e453bb.en.v1.mp3","core_en;challenge_answer_en","lib/features/listening/presentation/lesson_practice_screen.dart;lib/features/listening/presentation/lesson_challenge_screen.dart"
"Open your book.","en-US","current","ready","assets/audio/CURRICULUM/3da8655e4b2bca491f2701a5.en.v1.mp3","core_en;challenge_answer_en","lib/features/listening/presentation/lesson_practice_screen.dart;lib/features/listening/presentation/lesson_challenge_screen.dart"
"Open your mouth.","en-US","current","ready","assets/audio/CURRICULUM/7060a38ba13bce1a874ab045.en.v1.mp3","core_en;challenge_answer_en","lib/features/listening/presentation/lesson_practice_screen.dart;lib/features/listening/presentation/lesson_challenge_screen.dart"
"Orange.","en-US","current","ready","assets/audio/CURRICULUM/96f057ac2eda4ce345288785.en.v1.mp3","challenge_answer_en","lib/features/listening/presentation/lesson_challenge_screen.dart"
"Ở công viên: At the shop hay At the park?","vi-VN","current","ready","assets/audio/CURRICULUM/005c9d86cc5a863615deca88.vi.v1.mp3","challenge_question","lib/features/listening/presentation/lesson_challenge_screen.dart"
"Ở công viên: Meet there hay At the park?","vi-VN","current","ready","assets/audio/CURRICULUM/314ed97122c6546060ad9698.vi.v1.mp3","challenge_question","lib/features/listening/presentation/lesson_challenge_screen.dart"
"Ở công viên.","vi-VN","current;catalog_only","ready","assets/audio/CURRICULUM/9bb5f76cce45b289940f71c0.vi.v1.mp3","core_vi;challenge_answer_vi","lib/features/listening/presentation/lesson_practice_screen.dart;assets/data/listening_lessons.json"
"Ở cửa hàng: At the shop hay At the library?","vi-VN","current","ready","assets/audio/CURRICULUM/680d83aebe96a31904e6452c.vi.v1.mp3","challenge_question","lib/features/listening/presentation/lesson_challenge_screen.dart"
"Ở cửa hàng.","vi-VN","current;catalog_only","ready","assets/audio/CURRICULUM/6e9b4b8161d8f5fd42aac05b.vi.v1.mp3","core_vi;challenge_answer_vi","lib/features/listening/presentation/lesson_practice_screen.dart;assets/data/listening_lessons.json"
"Ở đây hơi ồn. Bạn đưa micro lại gần, tránh hướng quạt hoặc chuyển sang chỗ yên hơn rồi thử lại nha.","vi-VN","catalog_only","ready","assets/audio/MAIN/SIL-006.vi.v1.mp3","assistant_catalog","lib/features/voice_navigation/domain/homi_fallback_catalog.dart"
"Ở đây hơi ồn. Bạn đưa micro lại gần, tránh hướng quạt hoặc chuyển sang chỗ yên hơn rồi thử lại nhé.","vi-VN","catalog_only","ready","assets/audio/MAIN/AI-026.vi.v1.mp3","assistant_catalog","lib/features/voice_navigation/domain/homi_fallback_catalog.dart"
"Ở sân chơi: At the playground hay At school?","vi-VN","current","ready","assets/audio/CURRICULUM/91f54bb1fe63db9ce3889000.vi.v1.mp3","challenge_question","lib/features/listening/presentation/lesson_challenge_screen.dart"
"Ở sân chơi.","vi-VN","current;catalog_only","ready","assets/audio/CURRICULUM/8dc006353e9302517bc43fb9.vi.v1.mp3","core_vi;challenge_answer_vi","lib/features/listening/presentation/lesson_practice_screen.dart;assets/data/listening_lessons.json"
"Ở thư viện: At the playground hay At the library?","vi-VN","current","ready","assets/audio/CURRICULUM/e19d29d774a001199dca46c4.vi.v1.mp3","challenge_question","lib/features/listening/presentation/lesson_challenge_screen.dart"
"Ở thư viện.","vi-VN","current;catalog_only","ready","assets/audio/CURRICULUM/9edac1e338248ec1cfb0c6b8.vi.v1.mp3","core_vi;challenge_answer_vi","lib/features/listening/presentation/lesson_practice_screen.dart;assets/data/listening_lessons.json"
"Ở trong nhà: Fly a kite hay Stay inside?","vi-VN","audio_catalog_only","ready","assets/audio/CURRICULUM/55cc8e557648ac064dc54e91.vi.v1.mp3","audio_not_traced","assets/data/curriculum_audio.json"
"Ở trong nhà.","vi-VN","current;catalog_only","ready","assets/audio/CURRICULUM/39cb28e3511e2e8394da9f7e.vi.v1.mp3","core_vi;challenge_answer_vi","lib/features/listening/presentation/lesson_practice_screen.dart;assets/data/listening_lessons.json"
"Ở trường: At school hay At the park?","vi-VN","current","ready","assets/audio/CURRICULUM/0bfcf2a241f39e06157eab29.vi.v1.mp3","challenge_question","lib/features/listening/presentation/lesson_challenge_screen.dart"
"Ở trường.","vi-VN","current;catalog_only","ready","assets/audio/CURRICULUM/e54980d75c2d733158d9a2d3.vi.v1.mp3","core_vi;challenge_answer_vi","lib/features/listening/presentation/lesson_practice_screen.dart;assets/data/listening_lessons.json"
"P. Pencil.","en-US","current","ready","assets/audio/CURRICULUM/7bbd449e30feefb603b11c93.en.v1.mp3","core_en","lib/features/listening/presentation/lesson_practice_screen.dart"
"P. Pig.","en-US","current","ready","assets/audio/CURRICULUM/1a7f13183d47cb874f70ac73.en.v1.mp3","core_en","lib/features/listening/presentation/lesson_practice_screen.dart"
"Park.","en-US","current","ready","assets/audio/CURRICULUM/ff63b79afb693f5cd415593b.en.v1.mp3","core_en;challenge_answer_en","lib/features/listening/presentation/lesson_practice_screen.dart;lib/features/listening/presentation/lesson_challenge_screen.dart"
"Password.","en-US","current","ready","assets/audio/CURRICULUM/1ca71bf5656152ee56009951.en.v1.mp3","core_en;challenge_answer_en","lib/features/listening/presentation/lesson_practice_screen.dart;lib/features/listening/presentation/lesson_challenge_screen.dart"
"Pencil.","en-US","current","ready","assets/audio/CURRICULUM/3bf24d5ab14a1a278c9ffb04.en.v1.mp3","challenge_answer_en;core_en","lib/features/listening/presentation/lesson_challenge_screen.dart;lib/features/listening/presentation/lesson_practice_screen.dart"
"Personal photos.","en-US","current","ready","assets/audio/CURRICULUM/d35a39179a3b4922d25f2dd6.en.v1.mp3","core_en;challenge_answer_en","lib/features/listening/presentation/lesson_practice_screen.dart;lib/features/listening/presentation/lesson_challenge_screen.dart"
"Phần Ba mẹ đã thêm.","vi-VN","audio_catalog_only","ready","assets/audio/MAIN/RUN-016.vi.v1.mp3","audio_not_traced","assets/data/main_assistant_audio.json"
"Phần luyện lại chưa có từ nào.","vi-VN","catalog_only","ready","assets/audio/MAIN/AI-034.vi.v1.mp3","assistant_catalog","lib/features/voice_navigation/domain/homi_fallback_catalog.dart"
"Phần luyện lại.","vi-VN","catalog_only","ready","assets/audio/MAIN/AI-033.vi.v1.mp3","assistant_catalog","lib/features/voice_navigation/domain/homi_fallback_catalog.dart"
"Phone number.","en-US","current","ready","assets/audio/CURRICULUM/6eda587dbad6d2fbe3227a11.en.v1.mp3","core_en;challenge_answer_en","lib/features/listening/presentation/lesson_practice_screen.dart;lib/features/listening/presentation/lesson_challenge_screen.dart"
"Phone.","en-US","current","ready","assets/audio/CURRICULUM/1b0bf454dcb8daf984e49b2d.en.v1.mp3","core_en;challenge_answer_en","lib/features/listening/presentation/lesson_practice_screen.dart;lib/features/listening/presentation/lesson_challenge_screen.dart"
"Photo.","en-US","current","ready","assets/audio/CURRICULUM/7ea0b65859cbfe8f144a8e61.en.v1.mp3","core_en;challenge_answer_en","lib/features/listening/presentation/lesson_practice_screen.dart;lib/features/listening/presentation/lesson_challenge_screen.dart"
"Phụ giúp ở nhà: Relax hay Help at home?","vi-VN","current","ready","assets/audio/CURRICULUM/90f1c2c86ef29cf6db1a441e.vi.v1.mp3","challenge_question","lib/features/listening/presentation/lesson_challenge_screen.dart"
"Phụ giúp ở nhà: Relax on Sunday hay Help at home?","vi-VN","current","ready","assets/audio/CURRICULUM/fea55a92a744b423df5565a4.vi.v1.mp3","challenge_question","lib/features/listening/presentation/lesson_challenge_screen.dart"
"Phụ giúp ở nhà.","vi-VN","current;catalog_only","ready","assets/audio/CURRICULUM/a1bf5fae68748ae980e1f8e8.vi.v1.mp3","core_vi;challenge_answer_vi","lib/features/listening/presentation/lesson_practice_screen.dart;assets/data/listening_lessons.json"
"Pick up litter.","en-US","current","ready","assets/audio/CURRICULUM/87c42b94a980ea6e313c911a.en.v1.mp3","core_en;challenge_answer_en","lib/features/listening/presentation/lesson_practice_screen.dart;lib/features/listening/presentation/lesson_challenge_screen.dart"
"Pig.","en-US","current","ready","assets/audio/CURRICULUM/58ced45e6aa0ca2950253fa8.en.v1.mp3","challenge_answer_en","lib/features/listening/presentation/lesson_challenge_screen.dart"
"Plant a tree.","en-US","current","ready","assets/audio/CURRICULUM/54bd7168b284d45a10270033.en.v1.mp3","core_en;challenge_answer_en","lib/features/listening/presentation/lesson_practice_screen.dart;lib/features/listening/presentation/lesson_challenge_screen.dart"
"Platform three.","en-US","current","ready","assets/audio/CURRICULUM/47fb7b7bdd8ff9418d7fb4a8.en.v1.mp3","core_en;challenge_answer_en","lib/features/listening/presentation/lesson_practice_screen.dart;lib/features/listening/presentation/lesson_challenge_screen.dart"
"Platform.","en-US","current","ready","assets/audio/CURRICULUM/ef1b01e613ff54fca6a62bbe.en.v1.mp3","core_en;challenge_answer_en","lib/features/listening/presentation/lesson_practice_screen.dart;lib/features/listening/presentation/lesson_challenge_screen.dart"
"Play after school.","en-US","current","ready","assets/audio/CURRICULUM/afe6b543059e3b81a9e5782c.en.v1.mp3","core_en;challenge_answer_en","lib/features/listening/presentation/lesson_practice_screen.dart;lib/features/listening/presentation/lesson_challenge_screen.dart"
"Play chess.","en-US","current","ready","assets/audio/CURRICULUM/6059c3aa2a7b29c04667e1d2.en.v1.mp3","core_en;challenge_answer_en","lib/features/listening/presentation/lesson_practice_screen.dart;lib/features/listening/presentation/lesson_challenge_screen.dart"
"Play outside.","en-US","current","ready","assets/audio/CURRICULUM/8b68456704985360bb80721e.en.v1.mp3","core_en;challenge_answer_en","lib/features/listening/presentation/lesson_practice_screen.dart;lib/features/listening/presentation/lesson_challenge_screen.dart"
"Play soccer.","en-US","current","ready","assets/audio/CURRICULUM/e22702cd9c0f6218a0822476.en.v1.mp3","core_en;challenge_answer_en","lib/features/listening/presentation/lesson_practice_screen.dart;lib/features/listening/presentation/lesson_challenge_screen.dart"
"Play sports.","en-US","current","ready","assets/audio/CURRICULUM/38662e4efe2799daaf31233b.en.v1.mp3","core_en;challenge_answer_en","lib/features/listening/presentation/lesson_practice_screen.dart;lib/features/listening/presentation/lesson_challenge_screen.dart"
"Play with me.","en-US","current","ready","assets/audio/CURRICULUM/8785e727a6a0dfeac69a9337.en.v1.mp3","core_en;challenge_answer_en","lib/features/listening/presentation/lesson_practice_screen.dart;lib/features/listening/presentation/lesson_challenge_screen.dart"
"Play.","en-US","current","ready","assets/audio/CURRICULUM/edcddeb2e750c6831220f425.en.v1.mp3","core_en;challenge_answer_en","lib/features/listening/presentation/lesson_practice_screen.dart;lib/features/listening/presentation/lesson_challenge_screen.dart"
"Played soccer.","en-US","current","ready","assets/audio/CURRICULUM/2b74af7f86a6dbdd1981a7d7.en.v1.mp3","core_en;challenge_answer_en","lib/features/listening/presentation/lesson_practice_screen.dart;lib/features/listening/presentation/lesson_challenge_screen.dart"
"Playground.","en-US","current","ready","assets/audio/CURRICULUM/c01a8f7d59eca311a5e49bc3.en.v1.mp3","core_en;challenge_answer_en","lib/features/listening/presentation/lesson_practice_screen.dart;lib/features/listening/presentation/lesson_challenge_screen.dart"
"Please call my Dad.","en-US","current","ready","assets/audio/CURRICULUM/f7a59d2951e8f8ae8649e13d.en.v1.mp3","core_en;challenge_answer_en","lib/features/listening/presentation/lesson_practice_screen.dart;lib/features/listening/presentation/lesson_challenge_screen.dart"
"Please wait here.","en-US","current","ready","assets/audio/CURRICULUM/0249f28b23f9939ffeb5731c.en.v1.mp3","core_en;challenge_answer_en","lib/features/listening/presentation/lesson_practice_screen.dart;lib/features/listening/presentation/lesson_challenge_screen.dart"
"Practice English.","en-US","current","ready","assets/audio/CURRICULUM/d79a9fc8ce8af27a1d1b9b22.en.v1.mp3","core_en;challenge_answer_en","lib/features/listening/presentation/lesson_practice_screen.dart;lib/features/listening/presentation/lesson_challenge_screen.dart"
"Practice every day.","en-US","current","ready","assets/audio/CURRICULUM/ad799609ccd60166dfcdffb0.en.v1.mp3","core_en;challenge_answer_en","lib/features/listening/presentation/lesson_practice_screen.dart;lib/features/listening/presentation/lesson_challenge_screen.dart"
"Practice speaking daily.","en-US","current","ready","assets/audio/CURRICULUM/49a9c17f7ac47b56e8d95d30.en.v1.mp3","core_en;challenge_answer_en","lib/features/listening/presentation/lesson_practice_screen.dart;lib/features/listening/presentation/lesson_challenge_screen.dart"
"Price.","en-US","current","ready","assets/audio/CURRICULUM/f39f0e5d5e6d047ccf00d5ac.en.v1.mp3","core_en;challenge_answer_en","lib/features/listening/presentation/lesson_practice_screen.dart;lib/features/listening/presentation/lesson_challenge_screen.dart"
"Put your phone away.","en-US","current","ready","assets/audio/CURRICULUM/a8a3afc9e4a9478a327ebfd4.en.v1.mp3","core_en;challenge_answer_en","lib/features/listening/presentation/lesson_practice_screen.dart;lib/features/listening/presentation/lesson_challenge_screen.dart"
"Q. Queen.","en-US","current","ready","assets/audio/CURRICULUM/0c2de6f05eab77e422ca9b66.en.v1.mp3","core_en","lib/features/listening/presentation/lesson_practice_screen.dart"
"Q. Quiz.","en-US","current","ready","assets/audio/CURRICULUM/8f9116a51ab0d6c090fb88b8.en.v1.mp3","core_en","lib/features/listening/presentation/lesson_practice_screen.dart"
"Quả bóng tròn: Square box hay Round ball?","vi-VN","current","ready","assets/audio/CURRICULUM/221230aa3374cb55d377807e.vi.v1.mp3","challenge_question","lib/features/listening/presentation/lesson_challenge_screen.dart"
"Quả bóng tròn.","vi-VN","current;catalog_only","ready","assets/audio/CURRICULUM/55d8a8da1b73eaab65fb60bf.vi.v1.mp3","core_vi;challenge_answer_vi","lib/features/listening/presentation/lesson_practice_screen.dart;assets/data/listening_lessons.json"
"Quả bóng: Ball hay Cat?","vi-VN","current","ready","assets/audio/CURRICULUM/639d6a7b7e2bbbee1cba543f.vi.v1.mp3","challenge_question","lib/features/listening/presentation/lesson_challenge_screen.dart"
"Quả bóng.","vi-VN","current;catalog_only","ready","assets/audio/CURRICULUM/5bd2bf4aa727a5941a09e4db.vi.v1.mp3","core_vi;challenge_answer_vi","lib/features/listening/presentation/lesson_practice_screen.dart;assets/data/listening_lessons.json"
"Quả cam: Orange hay Pig?","vi-VN","current","ready","assets/audio/CURRICULUM/0e1fa8956d614bfa80c7af9a.vi.v1.mp3","challenge_question","lib/features/listening/presentation/lesson_challenge_screen.dart"
"Quả cam.","vi-VN","current;catalog_only","ready","assets/audio/CURRICULUM/f60da914493cbe27c9c78e38.vi.v1.mp3","core_vi;challenge_answer_vi","lib/features/listening/presentation/lesson_practice_screen.dart;assets/data/listening_lessons.json"
"Quả chuối: Banana hay Rice?","vi-VN","audio_catalog_only","ready","assets/audio/CURRICULUM/e79aa60dcd2657c73ca37e45.vi.v1.mp3","audio_not_traced","assets/data/curriculum_audio.json"
"Quả chuối: Rice hay Banana?","vi-VN","current","ready","assets/audio/CURRICULUM/13adfa7f3bf5a7b28bb8ad91.vi.v1.mp3","challenge_question","lib/features/listening/presentation/lesson_challenge_screen.dart"
"Quả chuối.","vi-VN","current;catalog_only","ready","assets/audio/CURRICULUM/267bfe016434bf01d17d93da.vi.v1.mp3","core_vi;challenge_answer_vi","lib/features/listening/presentation/lesson_practice_screen.dart;assets/data/listening_lessons.json"
"Quá đắt: Save money hay Too expensive?","vi-VN","current","ready","assets/audio/CURRICULUM/62218289fcfd90cc5f9c5198.vi.v1.mp3","challenge_question","lib/features/listening/presentation/lesson_challenge_screen.dart"
"Quá đắt.","vi-VN","current;catalog_only","ready","assets/audio/CURRICULUM/a2e3572d73bec107d0a9d829.vi.v1.mp3","core_vi;challenge_answer_vi","lib/features/listening/presentation/lesson_practice_screen.dart;assets/data/listening_lessons.json"
"Quả nho: Grape hay Hat?","vi-VN","current","ready","assets/audio/CURRICULUM/84206cf787aad2e224c70657.vi.v1.mp3","challenge_question","lib/features/listening/presentation/lesson_challenge_screen.dart"
"Quả nho.","vi-VN","current;catalog_only","ready","assets/audio/CURRICULUM/d4a0877d185eef1b8efba62a.vi.v1.mp3","core_vi;challenge_answer_vi","lib/features/listening/presentation/lesson_practice_screen.dart;assets/data/listening_lessons.json"
"Quả táo: Apple hay Ball?","vi-VN","current","ready","assets/audio/CURRICULUM/4694de6812986f9f096f7a8e.vi.v1.mp3","challenge_question","lib/features/listening/presentation/lesson_challenge_screen.dart"
"Quả táo: Apple hay Banana?","vi-VN","current","ready","assets/audio/CURRICULUM/850a9f172417f0d81e2f69d1.vi.v1.mp3","challenge_question","lib/features/listening/presentation/lesson_challenge_screen.dart"
"Quả táo.","vi-VN","current;catalog_only","ready","assets/audio/CURRICULUM/a16828af3e9e57413288a367.vi.v1.mp3","core_vi;challenge_answer_vi","lib/features/listening/presentation/lesson_practice_screen.dart;assets/data/listening_lessons.json"
"Quả trứng: Egg hay Fish?","vi-VN","current","ready","assets/audio/CURRICULUM/7de73f1b3034e7326358f70f.vi.v1.mp3","challenge_question","lib/features/listening/presentation/lesson_challenge_screen.dart"
"Quả trứng.","vi-VN","current;catalog_only","ready","assets/audio/CURRICULUM/1f1f2ce6a14b1fe9a76fbe14.vi.v1.mp3","core_vi;challenge_answer_vi","lib/features/listening/presentation/lesson_practice_screen.dart;assets/data/listening_lessons.json"
"Queen.","en-US","current","ready","assets/audio/CURRICULUM/cf688b50c5a873a85a9656d7.en.v1.mp3","challenge_answer_en","lib/features/listening/presentation/lesson_challenge_screen.dart"
"Quiz.","en-US","current","ready","assets/audio/CURRICULUM/b8a8e32a61e83fc22ca0e6fc.en.v1.mp3","challenge_answer_en","lib/features/listening/presentation/lesson_challenge_screen.dart"
"Quyển sách: Book hay Cake?","vi-VN","current","ready","assets/audio/CURRICULUM/4659d797e2785c55ee94b4e4.vi.v1.mp3","challenge_question","lib/features/listening/presentation/lesson_challenge_screen.dart"
"Quyển sách.","vi-VN","current;catalog_only","ready","assets/audio/CURRICULUM/93483a67bbf568ef3a934464.vi.v1.mp3","core_vi;challenge_answer_vi","lib/features/listening/presentation/lesson_practice_screen.dart;assets/data/listening_lessons.json"
"Quyển vở: Notebook hay Pencil?","vi-VN","current","ready","assets/audio/CURRICULUM/b3c27a235d0d65c6de98e9d9.vi.v1.mp3","challenge_question","lib/features/listening/presentation/lesson_challenge_screen.dart"
"Quyển vở.","vi-VN","current;catalog_only","ready","assets/audio/CURRICULUM/2fd9b476ccc25573fb02c944.vi.v1.mp3","core_vi;challenge_answer_vi","lib/features/listening/presentation/lesson_practice_screen.dart;assets/data/listening_lessons.json"
"R. Rabbit.","en-US","current","ready","assets/audio/CURRICULUM/71d5c8657aad3051eb15a2c9.en.v1.mp3","core_en","lib/features/listening/presentation/lesson_practice_screen.dart"
"R. Robot.","en-US","current","ready","assets/audio/CURRICULUM/ec787322ce9321ef4bcce976.en.v1.mp3","core_en","lib/features/listening/presentation/lesson_practice_screen.dart"
"Rabbit.","en-US","current","ready","assets/audio/CURRICULUM/9e84328d092d9cd05676dbee.en.v1.mp3","challenge_answer_en;core_en","lib/features/listening/presentation/lesson_challenge_screen.dart;lib/features/listening/presentation/lesson_practice_screen.dart"
"Rabbits can jump.","en-US","current","ready","assets/audio/CURRICULUM/f8a2923750aaac04eae2720b.en.v1.mp3","core_en;challenge_answer_en","lib/features/listening/presentation/lesson_practice_screen.dart;lib/features/listening/presentation/lesson_challenge_screen.dart"
"Raincoat.","en-US","current","ready","assets/audio/CURRICULUM/499a993cd7d7b12f357dce3a.en.v1.mp3","core_en;challenge_answer_en","lib/features/listening/presentation/lesson_practice_screen.dart;lib/features/listening/presentation/lesson_challenge_screen.dart"
"Rainy hay Sunny?","vi-VN","audio_catalog_only","ready","assets/audio/CURRICULUM/69eb63e4770f726dab2111ec.vi.v1.mp3","audio_not_traced","assets/data/curriculum_audio.json"
"Rainy today hay Sunny today?","vi-VN","current","ready","assets/audio/CURRICULUM/7e633307af987b318a7c3412.vi.v1.mp3","challenge_question","lib/features/listening/presentation/lesson_challenge_screen.dart"
"Rainy today.","en-US","current","ready","assets/audio/CURRICULUM/f403357c1acf24cfa22a4d46.en.v1.mp3","core_en;challenge_answer_en","lib/features/listening/presentation/lesson_practice_screen.dart;lib/features/listening/presentation/lesson_challenge_screen.dart"
"Rainy.","en-US","current","ready","assets/audio/CURRICULUM/a13c7a079e865f576e36295f.en.v1.mp3","core_en;challenge_answer_en","lib/features/listening/presentation/lesson_practice_screen.dart;lib/features/listening/presentation/lesson_challenge_screen.dart"
"Raise your hand.","en-US","current","ready","assets/audio/CURRICULUM/27b24a8325d402a511dcf52a.en.v1.mp3","core_en;challenge_answer_en","lib/features/listening/presentation/lesson_practice_screen.dart;lib/features/listening/presentation/lesson_challenge_screen.dart"
"Raise your hands.","en-US","current","ready","assets/audio/CURRICULUM/6ff29ff252a0d6aec840ba81.en.v1.mp3","core_en;challenge_answer_en","lib/features/listening/presentation/lesson_practice_screen.dart;lib/features/listening/presentation/lesson_challenge_screen.dart"
"Rảnh thứ Bảy: Free Saturday hay Busy Sunday?","vi-VN","audio_catalog_only","ready","assets/audio/CURRICULUM/17e083e483b7975e11bc1609.vi.v1.mp3","audio_not_traced","assets/data/curriculum_audio.json"
"Rảnh thứ Bảy.","vi-VN","current;catalog_only","ready","assets/audio/CURRICULUM/45ea9a3d1480200ee8fbe482.vi.v1.mp3","core_vi;challenge_answer_vi","lib/features/listening/presentation/lesson_practice_screen.dart;assets/data/listening_lessons.json"
"Rẻ hơn: Cheaper hay Faster?","vi-VN","audio_catalog_only","ready","assets/audio/CURRICULUM/801edc901a053e7b1e6e4a89.vi.v1.mp3","audio_not_traced","assets/data/curriculum_audio.json"
"Rẻ hơn.","vi-VN","current;catalog_only","ready","assets/audio/CURRICULUM/52b20e60cb0c5c82961bf0e3.vi.v1.mp3","core_vi;challenge_answer_vi","lib/features/listening/presentation/lesson_practice_screen.dart;assets/data/listening_lessons.json"
"Rẽ phải: Turn right hay Near the park?","vi-VN","current","ready","assets/audio/CURRICULUM/178d40c8fa9b50cb0ec4b13a.vi.v1.mp3","challenge_question","lib/features/listening/presentation/lesson_challenge_screen.dart"
"Rẽ phải.","vi-VN","current;catalog_only","ready","assets/audio/CURRICULUM/e8f8abc8fb1067c371f2ace7.vi.v1.mp3","core_vi;challenge_answer_vi","lib/features/listening/presentation/lesson_practice_screen.dart;assets/data/listening_lessons.json"
"Rẽ trái: Thank you hay Turn left?","vi-VN","current","ready","assets/audio/CURRICULUM/a1f79927f14d3916b55fc29d.vi.v1.mp3","challenge_question","lib/features/listening/presentation/lesson_challenge_screen.dart"
"Rẽ trái: Turn right hay Turn left?","vi-VN","audio_catalog_only","ready","assets/audio/CURRICULUM/900817f1063472befdaf03a6.vi.v1.mp3","audio_not_traced","assets/data/curriculum_audio.json"
"Rẽ trái.","vi-VN","current;catalog_only","ready","assets/audio/CURRICULUM/da30a008a30fa3203c827927.vi.v1.mp3","core_vi;challenge_answer_vi","lib/features/listening/presentation/lesson_practice_screen.dart;assets/data/listening_lessons.json"
"Rẻ: Expensive hay Cheap?","vi-VN","current","ready","assets/audio/CURRICULUM/9c37a15e75e2dfb06028cadb.vi.v1.mp3","challenge_question","lib/features/listening/presentation/lesson_challenge_screen.dart"
"Rẻ.","vi-VN","current;catalog_only","ready","assets/audio/CURRICULUM/85bee8e95d5d9ab16c882101.vi.v1.mp3","core_vi;challenge_answer_vi","lib/features/listening/presentation/lesson_practice_screen.dart;assets/data/listening_lessons.json"
"Read books.","en-US","current","ready","assets/audio/CURRICULUM/14c4e5ed3726f2513a1bc904.en.v1.mp3","core_en;challenge_answer_en","lib/features/listening/presentation/lesson_practice_screen.dart;lib/features/listening/presentation/lesson_challenge_screen.dart"
"Read comics.","en-US","current","ready","assets/audio/CURRICULUM/914cb780058e134b3b7d02a0.en.v1.mp3","core_en;challenge_answer_en","lib/features/listening/presentation/lesson_practice_screen.dart;lib/features/listening/presentation/lesson_challenge_screen.dart"
"Read more books.","en-US","current","ready","assets/audio/CURRICULUM/44c81567184b2b95a0c6f61c.en.v1.mp3","core_en;challenge_answer_en","lib/features/listening/presentation/lesson_practice_screen.dart;lib/features/listening/presentation/lesson_challenge_screen.dart"
"Reading at night.","en-US","current","ready","assets/audio/CURRICULUM/9dcb8d2ce06392596029b0dc.en.v1.mp3","core_en;challenge_answer_en","lib/features/listening/presentation/lesson_practice_screen.dart;lib/features/listening/presentation/lesson_challenge_screen.dart"
"Ready to order?","en-US","current","ready","assets/audio/CURRICULUM/f4685d1cc99e0dce702d58e5.en.v1.mp3","core_en;challenge_answer_en","lib/features/listening/presentation/lesson_practice_screen.dart;lib/features/listening/presentation/lesson_challenge_screen.dart"
"Recycle paper.","en-US","current","ready","assets/audio/CURRICULUM/c3a903b35f0a7341b7c11da5.en.v1.mp3","core_en;challenge_answer_en","lib/features/listening/presentation/lesson_practice_screen.dart;lib/features/listening/presentation/lesson_challenge_screen.dart"
"Red bag.","en-US","current","ready","assets/audio/CURRICULUM/ad49e8327ac4faeb1942b3e1.en.v1.mp3","core_en;challenge_answer_en","lib/features/listening/presentation/lesson_practice_screen.dart;lib/features/listening/presentation/lesson_challenge_screen.dart"
"Red.","en-US","current","ready","assets/audio/CURRICULUM/1bdab88390dc82a0c5ed7451.en.v1.mp3","core_en;challenge_answer_en","lib/features/listening/presentation/lesson_practice_screen.dart;lib/features/listening/presentation/lesson_challenge_screen.dart"
"Relax on Sunday.","en-US","current","ready","assets/audio/CURRICULUM/708c1d538a09e4ddc7f5d231.en.v1.mp3","core_en;challenge_answer_en","lib/features/listening/presentation/lesson_practice_screen.dart;lib/features/listening/presentation/lesson_challenge_screen.dart"
"Relax.","en-US","current","ready","assets/audio/CURRICULUM/7dfd1614fc6a8264b0bc3f5b.en.v1.mp3","core_en;challenge_answer_en","lib/features/listening/presentation/lesson_practice_screen.dart;lib/features/listening/presentation/lesson_challenge_screen.dart"
"Remember words.","en-US","current","ready","assets/audio/CURRICULUM/b80865b8eadbe30fee5b040f.en.v1.mp3","core_en;challenge_answer_en","lib/features/listening/presentation/lesson_practice_screen.dart;lib/features/listening/presentation/lesson_challenge_screen.dart"
"Reuse your bag.","en-US","current","ready","assets/audio/CURRICULUM/8285d43d39b7d14517dfd680.en.v1.mp3","core_en;challenge_answer_en","lib/features/listening/presentation/lesson_practice_screen.dart;lib/features/listening/presentation/lesson_challenge_screen.dart"
"Review my notes.","en-US","current","ready","assets/audio/CURRICULUM/db33dd98f1a9d167dd51c34a.en.v1.mp3","core_en;challenge_answer_en","lib/features/listening/presentation/lesson_practice_screen.dart;lib/features/listening/presentation/lesson_challenge_screen.dart"
"Review notes.","en-US","current","ready","assets/audio/CURRICULUM/9447895cf16fce0c23fd221f.en.v1.mp3","core_en;challenge_answer_en","lib/features/listening/presentation/lesson_practice_screen.dart;lib/features/listening/presentation/lesson_challenge_screen.dart"
"Rice, please.","en-US","current","ready","assets/audio/CURRICULUM/de5ba3de50d9e38fe44bd017.en.v1.mp3","core_en;challenge_answer_en","lib/features/listening/presentation/lesson_practice_screen.dart;lib/features/listening/presentation/lesson_challenge_screen.dart"
"Rice.","en-US","current","ready","assets/audio/CURRICULUM/e970a69bd14f2cb571af9c40.en.v1.mp3","core_en;challenge_answer_en","lib/features/listening/presentation/lesson_practice_screen.dart;lib/features/listening/presentation/lesson_challenge_screen.dart"
"Ride a bike.","en-US","current","ready","assets/audio/CURRICULUM/7044fb5365e772acbb302df3.en.v1.mp3","core_en;challenge_answer_en","lib/features/listening/presentation/lesson_practice_screen.dart;lib/features/listening/presentation/lesson_challenge_screen.dart"
"Robot.","en-US","current","ready","assets/audio/CURRICULUM/10093daa3d0e24ceaafa8e3f.en.v1.mp3","challenge_answer_en","lib/features/listening/presentation/lesson_challenge_screen.dart"
"Round ball.","en-US","current","ready","assets/audio/CURRICULUM/dc2d5ab8d3ac9810579b44b1.en.v1.mp3","core_en;challenge_answer_en","lib/features/listening/presentation/lesson_practice_screen.dart;lib/features/listening/presentation/lesson_challenge_screen.dart"
"Round clock.","en-US","current","ready","assets/audio/CURRICULUM/5cba52699c415d48b712e04a.en.v1.mp3","core_en;challenge_answer_en","lib/features/listening/presentation/lesson_practice_screen.dart;lib/features/listening/presentation/lesson_challenge_screen.dart"
"Rô-bốt: Robot hay Jacket?","vi-VN","current","ready","assets/audio/CURRICULUM/21af0f4e5c9b04042f03b024.vi.v1.mp3","challenge_question","lib/features/listening/presentation/lesson_challenge_screen.dart"
"Rô-bốt.","vi-VN","current;catalog_only","ready","assets/audio/CURRICULUM/8639342cd3fdd24dc9c5345c.vi.v1.mp3","core_vi;challenge_answer_vi","lib/features/listening/presentation/lesson_practice_screen.dart;assets/data/listening_lessons.json"
"Rửa mặt: Wash your face hay Take a bath?","vi-VN","current","ready","assets/audio/CURRICULUM/aea29e2cc2cdf260e7a9e878.vi.v1.mp3","challenge_question","lib/features/listening/presentation/lesson_challenge_screen.dart"
"Rửa mặt.","vi-VN","current;catalog_only","ready","assets/audio/CURRICULUM/f89e36eca918dc0681d26716.vi.v1.mp3","core_vi;challenge_answer_vi","lib/features/listening/presentation/lesson_practice_screen.dart;assets/data/listening_lessons.json"
"Rửa tay: Wash your hands hay Brush your teeth?","vi-VN","current","ready","assets/audio/CURRICULUM/c41a35f10767353c5916eb22.vi.v1.mp3","challenge_question","lib/features/listening/presentation/lesson_challenge_screen.dart"
"Rửa tay.","vi-VN","current;catalog_only","ready","assets/audio/CURRICULUM/50feb768661e9a5bacd13168.vi.v1.mp3","core_vi;challenge_answer_vi","lib/features/listening/presentation/lesson_practice_screen.dart;assets/data/listening_lessons.json"
"S. School.","en-US","current","ready","assets/audio/CURRICULUM/1dabb9bd075b662d553aad92.en.v1.mp3","core_en","lib/features/listening/presentation/lesson_practice_screen.dart"
"S. Sun.","en-US","current","ready","assets/audio/CURRICULUM/af4016de195f65133d2aaa94.en.v1.mp3","core_en","lib/features/listening/presentation/lesson_practice_screen.dart"
"Sạc điện thoại đi: Set an alarm hay Charge your phone?","vi-VN","audio_catalog_only","ready","assets/audio/CURRICULUM/3aa4c8094b0fdfb31eb0e9e1.vi.v1.mp3","audio_not_traced","assets/data/curriculum_audio.json"
"Sạc điện thoại đi.","vi-VN","current;catalog_only","ready","assets/audio/CURRICULUM/e700d9816bb92a611e6d9608.vi.v1.mp3","core_vi;challenge_answer_vi","lib/features/listening/presentation/lesson_practice_screen.dart;assets/data/listening_lessons.json"
"Sách xanh dương: Blue book hay Green pencil?","vi-VN","audio_catalog_only","ready","assets/audio/CURRICULUM/409005998d3e6643b05b7fc7.vi.v1.mp3","audio_not_traced","assets/data/curriculum_audio.json"
"Sách xanh dương: Green pencil hay Blue book?","vi-VN","current","ready","assets/audio/CURRICULUM/7a5033de18544d6823230e31.vi.v1.mp3","challenge_question","lib/features/listening/presentation/lesson_challenge_screen.dart"
"Sách xanh dương.","vi-VN","current;catalog_only","ready","assets/audio/CURRICULUM/103898ae02473efc6c8abc19.vi.v1.mp3","core_vi;challenge_answer_vi","lib/features/listening/presentation/lesson_practice_screen.dart;assets/data/listening_lessons.json"
"Sách: Book hay Pencil?","vi-VN","current","ready","assets/audio/CURRICULUM/f8403b596dfdf2658afdbc09.vi.v1.mp3","challenge_question","lib/features/listening/presentation/lesson_challenge_screen.dart"
"Sách: Park hay Books?","vi-VN","current","ready","assets/audio/CURRICULUM/cfc59556a538f2ce4395a943.vi.v1.mp3","challenge_question","lib/features/listening/presentation/lesson_challenge_screen.dart"
"Sách.","vi-VN","current;catalog_only","ready","assets/audio/CURRICULUM/83f1be23ced418162bea330f.vi.v1.mp3","core_vi;challenge_answer_vi","lib/features/listening/presentation/lesson_practice_screen.dart;assets/data/listening_lessons.json"
"Safer.","en-US","current","ready","assets/audio/CURRICULUM/8a6655d1b834a891469f3805.en.v1.mp3","core_en;challenge_answer_en","lib/features/listening/presentation/lesson_practice_screen.dart;lib/features/listening/presentation/lesson_challenge_screen.dart"
"Sau giờ học: At night hay After school?","vi-VN","current","ready","assets/audio/CURRICULUM/d45e9f2b65c54b8a1e8ef648.vi.v1.mp3","challenge_question","lib/features/listening/presentation/lesson_challenge_screen.dart"
"Sau giờ học: Before dinner hay After school?","vi-VN","current","ready","assets/audio/CURRICULUM/c904f03c241a4f9e9af55def.vi.v1.mp3","challenge_question","lib/features/listening/presentation/lesson_challenge_screen.dart"
"Sau giờ học.","vi-VN","current;catalog_only","ready","assets/audio/CURRICULUM/40ff21da836a1e049d4828df.vi.v1.mp3","core_vi;challenge_answer_vi","lib/features/listening/presentation/lesson_practice_screen.dart;assets/data/listening_lessons.json"
"Sáu: Six hay Seven?","vi-VN","current","ready","assets/audio/CURRICULUM/2531c8ddc890bac7c0475626.vi.v1.mp3","challenge_question","lib/features/listening/presentation/lesson_challenge_screen.dart"
"Sáu.","vi-VN","current;catalog_only","ready","assets/audio/CURRICULUM/2fd0e838e8fcabcebabccdc3.vi.v1.mp3","core_vi;challenge_answer_vi","lib/features/listening/presentation/lesson_practice_screen.dart;assets/data/listening_lessons.json"
"Save money.","en-US","current","ready","assets/audio/CURRICULUM/945d4231280fa9adea105232.en.v1.mp3","core_en;challenge_answer_en","lib/features/listening/presentation/lesson_practice_screen.dart;lib/features/listening/presentation/lesson_challenge_screen.dart"
"Save water.","en-US","current","ready","assets/audio/CURRICULUM/639f470ada3f94b080ee3d16.en.v1.mp3","core_en;challenge_answer_en","lib/features/listening/presentation/lesson_practice_screen.dart;lib/features/listening/presentation/lesson_challenge_screen.dart"
"Sắp đến giờ tàu chạy.","vi-VN","current","ready","assets/audio/CURRICULUM/0610c56206c766cf0a2ef6ec.vi.v1.mp3","lesson_intro_clip","lib/features/listening/presentation/lesson_intro_screen.dart"
"Sân chơi: Playground hay School?","vi-VN","current","ready","assets/audio/CURRICULUM/b822797ddb2bdb2a2ada1b1c.vi.v1.mp3","challenge_question","lib/features/listening/presentation/lesson_challenge_screen.dart"
"Sân chơi.","vi-VN","current;catalog_only","ready","assets/audio/CURRICULUM/fdcb3e34ba9c91512f8bb6b0.vi.v1.mp3","core_vi;challenge_answer_vi","lib/features/listening/presentation/lesson_practice_screen.dart;assets/data/listening_lessons.json"
"Sân ga nào: Platform three hay Which platform?","vi-VN","current","ready","assets/audio/CURRICULUM/f49c6e96463703dfcd114075.vi.v1.mp3","challenge_question","lib/features/listening/presentation/lesson_challenge_screen.dart"
"Sân ga nào?","vi-VN","current;catalog_only","ready","assets/audio/CURRICULUM/6aa403a44e09325de25d6b51.vi.v1.mp3","core_vi;challenge_answer_vi","lib/features/listening/presentation/lesson_practice_screen.dart;assets/data/listening_lessons.json"
"Sân ga số ba: Platform three hay What time does it leave?","vi-VN","audio_catalog_only","ready","assets/audio/CURRICULUM/3455e3dbc84a1677629cef92.vi.v1.mp3","audio_not_traced","assets/data/curriculum_audio.json"
"Sân ga số ba.","vi-VN","current;catalog_only","ready","assets/audio/CURRICULUM/4d5abc8dc22371895d1ce383.vi.v1.mp3","core_vi;challenge_answer_vi","lib/features/listening/presentation/lesson_practice_screen.dart;assets/data/listening_lessons.json"
"Sân ga: Platform hay Station?","vi-VN","current","ready","assets/audio/CURRICULUM/e98667a617efd50875e30589.vi.v1.mp3","challenge_question","lib/features/listening/presentation/lesson_challenge_screen.dart"
"Sân ga.","vi-VN","current;catalog_only","ready","assets/audio/CURRICULUM/0f36e752aeb56379f32bdbaa.vi.v1.mp3","core_vi;challenge_answer_vi","lib/features/listening/presentation/lesson_practice_screen.dart;assets/data/listening_lessons.json"
"School starts at eight.","en-US","current","ready","assets/audio/CURRICULUM/31d6ea249397ef92d95e7629.en.v1.mp3","core_en;challenge_answer_en","lib/features/listening/presentation/lesson_practice_screen.dart;lib/features/listening/presentation/lesson_challenge_screen.dart"
"School.","en-US","current","ready","assets/audio/CURRICULUM/df151f62cc5e6090bbd58308.en.v1.mp3","challenge_answer_en;core_en","lib/features/listening/presentation/lesson_challenge_screen.dart;lib/features/listening/presentation/lesson_practice_screen.dart"
"Science.","en-US","current","ready","assets/audio/CURRICULUM/6faf73e8ba0546df55ed3b33.en.v1.mp3","core_en;challenge_answer_en","lib/features/listening/presentation/lesson_practice_screen.dart;lib/features/listening/presentation/lesson_challenge_screen.dart"
"See a movie.","en-US","current","ready","assets/audio/CURRICULUM/ce30572c550e65eb50cae6fa.en.v1.mp3","core_en;challenge_answer_en","lib/features/listening/presentation/lesson_practice_screen.dart;lib/features/listening/presentation/lesson_challenge_screen.dart"
"See you there.","en-US","current","ready","assets/audio/CURRICULUM/e41b8fe182769e7a54a0d06d.en.v1.mp3","core_en;challenge_answer_en","lib/features/listening/presentation/lesson_practice_screen.dart;lib/features/listening/presentation/lesson_challenge_screen.dart"
"Set an alarm.","en-US","current","ready","assets/audio/CURRICULUM/163e98bb64370127b7510c98.en.v1.mp3","core_en;challenge_answer_en","lib/features/listening/presentation/lesson_practice_screen.dart;lib/features/listening/presentation/lesson_challenge_screen.dart"
"Seven o'clock.","en-US","current","ready","assets/audio/CURRICULUM/466f15a42dd317b30a2f78f3.en.v1.mp3","core_en;challenge_answer_en","lib/features/listening/presentation/lesson_practice_screen.dart;lib/features/listening/presentation/lesson_challenge_screen.dart"
"Seven.","en-US","current","ready","assets/audio/CURRICULUM/15d63ad8004812e9c4ed0ea7.en.v1.mp3","core_en;challenge_answer_en","lib/features/listening/presentation/lesson_practice_screen.dart;lib/features/listening/presentation/lesson_challenge_screen.dart"
"Seventeen.","en-US","current","ready","assets/audio/CURRICULUM/f382531bab2879668210a484.en.v1.mp3","core_en;challenge_answer_en","lib/features/listening/presentation/lesson_practice_screen.dart;lib/features/listening/presentation/lesson_challenge_screen.dart"
"Shirt.","en-US","current","ready","assets/audio/CURRICULUM/46f7458b9a0da89b732b8e58.en.v1.mp3","core_en;challenge_answer_en","lib/features/listening/presentation/lesson_practice_screen.dart;lib/features/listening/presentation/lesson_challenge_screen.dart"
"Shoes.","en-US","current","ready","assets/audio/CURRICULUM/18e8c11c24d9a4c3a52f179a.en.v1.mp3","core_en;challenge_answer_en","lib/features/listening/presentation/lesson_practice_screen.dart;lib/features/listening/presentation/lesson_challenge_screen.dart"
"Shop.","en-US","current","ready","assets/audio/CURRICULUM/94efbe2e182863ab8bd504d8.en.v1.mp3","core_en;challenge_answer_en","lib/features/listening/presentation/lesson_practice_screen.dart;lib/features/listening/presentation/lesson_challenge_screen.dart"
"Side dish.","en-US","current","ready","assets/audio/CURRICULUM/27e3e49bc70d7ead68909c4c.en.v1.mp3","core_en;challenge_answer_en","lib/features/listening/presentation/lesson_practice_screen.dart;lib/features/listening/presentation/lesson_challenge_screen.dart"
"Siêu thị: Hospital hay Supermarket?","vi-VN","current","ready","assets/audio/CURRICULUM/a5dfb648ec19314ccb1fc148.vi.v1.mp3","challenge_question","lib/features/listening/presentation/lesson_challenge_screen.dart"
"Siêu thị.","vi-VN","current;catalog_only","ready","assets/audio/CURRICULUM/a8750ded10c65b9646e4aac1.vi.v1.mp3","core_vi;challenge_answer_vi","lib/features/listening/presentation/lesson_practice_screen.dart;assets/data/listening_lessons.json"
"Sister.","en-US","current","ready","assets/audio/CURRICULUM/6015ec741be4a5596e8a13b0.en.v1.mp3","core_en;challenge_answer_en","lib/features/listening/presentation/lesson_practice_screen.dart;lib/features/listening/presentation/lesson_challenge_screen.dart"
"Sit down.","en-US","current","ready","assets/audio/CURRICULUM/85221056a20fc470cbe121c9.en.v1.mp3","core_en;challenge_answer_en","lib/features/listening/presentation/lesson_practice_screen.dart;lib/features/listening/presentation/lesson_challenge_screen.dart"
"Six.","en-US","current","ready","assets/audio/CURRICULUM/1daf2f1fe73cc7f89aa38f8f.en.v1.mp3","core_en;challenge_answer_en","lib/features/listening/presentation/lesson_practice_screen.dart;lib/features/listening/presentation/lesson_challenge_screen.dart"
"Sixteen.","en-US","current","ready","assets/audio/CURRICULUM/8d327ee6f958f1e3eb498769.en.v1.mp3","core_en;challenge_answer_en","lib/features/listening/presentation/lesson_practice_screen.dart;lib/features/listening/presentation/lesson_challenge_screen.dart"
"Sleep at night.","en-US","current","ready","assets/audio/CURRICULUM/bb15584e9a382772dc134597.en.v1.mp3","core_en;challenge_answer_en","lib/features/listening/presentation/lesson_practice_screen.dart;lib/features/listening/presentation/lesson_challenge_screen.dart"
"Sleep early.","en-US","current","ready","assets/audio/CURRICULUM/beee05ab1e9c376e49a21115.en.v1.mp3","core_en;challenge_answer_en","lib/features/listening/presentation/lesson_practice_screen.dart;lib/features/listening/presentation/lesson_challenge_screen.dart"
"Sleep.","en-US","current","ready","assets/audio/CURRICULUM/3968340a08f8409244575633.en.v1.mp3","core_en;challenge_answer_en","lib/features/listening/presentation/lesson_practice_screen.dart;lib/features/listening/presentation/lesson_challenge_screen.dart"
"Soccer.","en-US","current","ready","assets/audio/CURRICULUM/055d759955bd78c0a7f04c37.en.v1.mp3","core_en;challenge_answer_en","lib/features/listening/presentation/lesson_practice_screen.dart;lib/features/listening/presentation/lesson_challenge_screen.dart"
"Solve problems.","en-US","current","ready","assets/audio/CURRICULUM/0efd748a3d7bd4e3b59bee6e.en.v1.mp3","core_en;challenge_answer_en","lib/features/listening/presentation/lesson_practice_screen.dart;lib/features/listening/presentation/lesson_challenge_screen.dart"
"Sorry, I'm busy.","en-US","current","ready","assets/audio/CURRICULUM/a2663f38697dade3662dca10.en.v1.mp3","core_en;challenge_answer_en","lib/features/listening/presentation/lesson_practice_screen.dart;lib/features/listening/presentation/lesson_challenge_screen.dart"
"Sounds good.","en-US","current","ready","assets/audio/CURRICULUM/60e17df6662b28417e528478.en.v1.mp3","core_en;challenge_answer_en","lib/features/listening/presentation/lesson_practice_screen.dart;lib/features/listening/presentation/lesson_challenge_screen.dart"
"Số điện thoại: Home address hay Phone number?","vi-VN","current","ready","assets/audio/CURRICULUM/84765f7bd68d22ec11bdd9bf.vi.v1.mp3","challenge_question","lib/features/listening/presentation/lesson_challenge_screen.dart"
"Số điện thoại.","vi-VN","current;catalog_only","ready","assets/audio/CURRICULUM/4e837739ca0a8e7a6b31244e.vi.v1.mp3","core_vi;challenge_answer_vi","lib/features/listening/presentation/lesson_practice_screen.dart;assets/data/listening_lessons.json"
"Sở thú: Zoo hay School?","vi-VN","current","ready","assets/audio/CURRICULUM/1730341bb52b679f23890c43.vi.v1.mp3","challenge_question","lib/features/listening/presentation/lesson_challenge_screen.dart"
"Sở thú.","vi-VN","current;catalog_only","ready","assets/audio/CURRICULUM/5402b76965ffd5c27ff7c845.vi.v1.mp3","core_vi;challenge_answer_vi","lib/features/listening/presentation/lesson_practice_screen.dart;assets/data/listening_lessons.json"
"Speak more confidently.","en-US","current","ready","assets/audio/CURRICULUM/aea0c11c77bb2a0432a74d0f.en.v1.mp3","core_en;challenge_answer_en","lib/features/listening/presentation/lesson_practice_screen.dart;lib/features/listening/presentation/lesson_challenge_screen.dart"
"Spend money.","en-US","current","ready","assets/audio/CURRICULUM/ff4cae24a621363fe7249ccd.en.v1.mp3","core_en;challenge_answer_en","lib/features/listening/presentation/lesson_practice_screen.dart;lib/features/listening/presentation/lesson_challenge_screen.dart"
"Sports on Saturday.","en-US","current","ready","assets/audio/CURRICULUM/76042d30f6325e3897da9506.en.v1.mp3","core_en;challenge_answer_en","lib/features/listening/presentation/lesson_practice_screen.dart;lib/features/listening/presentation/lesson_challenge_screen.dart"
"Square box.","en-US","current","ready","assets/audio/CURRICULUM/69b1a25a7ae656e5427466de.en.v1.mp3","core_en;challenge_answer_en","lib/features/listening/presentation/lesson_practice_screen.dart;lib/features/listening/presentation/lesson_challenge_screen.dart"
"Square.","en-US","current","ready","assets/audio/CURRICULUM/f42367fa579ad828634106ca.en.v1.mp3","core_en;challenge_answer_en","lib/features/listening/presentation/lesson_practice_screen.dart;lib/features/listening/presentation/lesson_challenge_screen.dart"
"Stamp your feet hay Raise your hands?","vi-VN","audio_catalog_only","ready","assets/audio/CURRICULUM/fbe8d414afe557559070bbe0.vi.v1.mp3","audio_not_traced","assets/data/curriculum_audio.json"
"Stamp your feet.","en-US","current","ready","assets/audio/CURRICULUM/7ea249dfbe270f027922cd9e.en.v1.mp3","core_en;challenge_answer_en","lib/features/listening/presentation/lesson_practice_screen.dart;lib/features/listening/presentation/lesson_challenge_screen.dart"
"Star sticker.","en-US","current","ready","assets/audio/CURRICULUM/c9e5b8830265bb5ae831e08c.en.v1.mp3","core_en;challenge_answer_en","lib/features/listening/presentation/lesson_practice_screen.dart;lib/features/listening/presentation/lesson_challenge_screen.dart"
"Star.","en-US","current","ready","assets/audio/CURRICULUM/9cb74d7ffe9ccdfe8981bea5.en.v1.mp3","core_en;challenge_answer_en","lib/features/listening/presentation/lesson_practice_screen.dart;lib/features/listening/presentation/lesson_challenge_screen.dart"
"Station.","en-US","current","ready","assets/audio/CURRICULUM/7181acf5702e314f9b49154d.en.v1.mp3","core_en;challenge_answer_en","lib/features/listening/presentation/lesson_practice_screen.dart;lib/features/listening/presentation/lesson_challenge_screen.dart"
"Stay inside.","en-US","current","ready","assets/audio/CURRICULUM/1a4fb11469943ff4f35d99cd.en.v1.mp3","core_en;challenge_answer_en","lib/features/listening/presentation/lesson_practice_screen.dart;lib/features/listening/presentation/lesson_challenge_screen.dart"
"Stranger.","en-US","current","ready","assets/audio/CURRICULUM/d81cccbb0b106f7755d2fb18.en.v1.mp3","core_en;challenge_answer_en","lib/features/listening/presentation/lesson_practice_screen.dart;lib/features/listening/presentation/lesson_challenge_screen.dart"
"Sun.","en-US","current","ready","assets/audio/CURRICULUM/da78f96f4db76e8f0102f9d9.en.v1.mp3","challenge_answer_en","lib/features/listening/presentation/lesson_challenge_screen.dart"
"Sunny today.","en-US","current","ready","assets/audio/CURRICULUM/c6a98b20de894170f9a5a789.en.v1.mp3","core_en;challenge_answer_en","lib/features/listening/presentation/lesson_practice_screen.dart;lib/features/listening/presentation/lesson_challenge_screen.dart"
"Sunny.","en-US","current","ready","assets/audio/CURRICULUM/63e22856e79f85435b31b4ae.en.v1.mp3","core_en;challenge_answer_en","lib/features/listening/presentation/lesson_practice_screen.dart;lib/features/listening/presentation/lesson_challenge_screen.dart"
"Supermarket.","en-US","current","ready","assets/audio/CURRICULUM/a4511dc18c6b0b9afe8f7207.en.v1.mp3","core_en;challenge_answer_en","lib/features/listening/presentation/lesson_practice_screen.dart;lib/features/listening/presentation/lesson_challenge_screen.dart"
"Sữa chua: Yogurt hay Zoo?","vi-VN","current","ready","assets/audio/CURRICULUM/c561e3673cb64687e17fc009.vi.v1.mp3","challenge_question","lib/features/listening/presentation/lesson_challenge_screen.dart"
"Sữa chua.","vi-VN","current;catalog_only","ready","assets/audio/CURRICULUM/c45c63eeafabe4f23aa443e0.vi.v1.mp3","core_vi;challenge_answer_vi","lib/features/listening/presentation/lesson_practice_screen.dart;assets/data/listening_lessons.json"
"Sữa: Milk hay Apples?","vi-VN","current","ready","assets/audio/CURRICULUM/d6bd0fb3c3b91e6c6c472eaa.vi.v1.mp3","challenge_question","lib/features/listening/presentation/lesson_challenge_screen.dart"
"Sữa: Milk hay Nose?","vi-VN","current","ready","assets/audio/CURRICULUM/4843b4430a661c8d7db93aad.vi.v1.mp3","challenge_question","lib/features/listening/presentation/lesson_challenge_screen.dart"
"Sữa: Water hay Milk?","vi-VN","current","ready","assets/audio/CURRICULUM/b6ff53f5455430020b8e0bd0.vi.v1.mp3","challenge_question","lib/features/listening/presentation/lesson_challenge_screen.dart"
"Sữa.","vi-VN","current;catalog_only","ready","assets/audio/CURRICULUM/fc06a86b43bdc5232728af54.vi.v1.mp3","core_vi;challenge_answer_vi","lib/features/listening/presentation/lesson_practice_screen.dart;assets/data/listening_lessons.json"
"T-shirt.","en-US","current","ready","assets/audio/CURRICULUM/c30fb3f41c1f0956caf3d627.en.v1.mp3","core_en;challenge_answer_en","lib/features/listening/presentation/lesson_practice_screen.dart;lib/features/listening/presentation/lesson_challenge_screen.dart"
"T. Table.","en-US","current","ready","assets/audio/CURRICULUM/cd72d1b607dd13976f1ba689.en.v1.mp3","core_en","lib/features/listening/presentation/lesson_practice_screen.dart"
"T. Toy.","en-US","current","ready","assets/audio/CURRICULUM/1dad3661278276e5b4f3caf8.en.v1.mp3","core_en","lib/features/listening/presentation/lesson_practice_screen.dart"
"Table.","en-US","current","ready","assets/audio/CURRICULUM/6cfd062f4e96a33d152ba660.en.v1.mp3","challenge_answer_en","lib/features/listening/presentation/lesson_challenge_screen.dart"
"Tablet.","en-US","current","ready","assets/audio/CURRICULUM/eb9002b13fba781e5066286d.en.v1.mp3","core_en;challenge_answer_en","lib/features/listening/presentation/lesson_practice_screen.dart;lib/features/listening/presentation/lesson_challenge_screen.dart"
"Tái chế giấy: Pick up litter hay Recycle paper?","vi-VN","audio_catalog_only","ready","assets/audio/CURRICULUM/95764ceefb05f8df9fcd1918.vi.v1.mp3","audio_not_traced","assets/data/curriculum_audio.json"
"Tái chế giấy.","vi-VN","current;catalog_only","ready","assets/audio/CURRICULUM/f2e1d335e5e0f199ebe5c301.vi.v1.mp3","core_vi;challenge_answer_vi","lib/features/listening/presentation/lesson_practice_screen.dart;assets/data/listening_lessons.json"
"Tài khoản của mình: My account hay Personal photos?","vi-VN","current","ready","assets/audio/CURRICULUM/8167d269ad77a7c7de0dccaa.vi.v1.mp3","challenge_question","lib/features/listening/presentation/lesson_challenge_screen.dart"
"Tài khoản của mình.","vi-VN","current;catalog_only","ready","assets/audio/CURRICULUM/342c3107f6e83fa679b38b6e.vi.v1.mp3","core_vi;challenge_answer_vi","lib/features/listening/presentation/lesson_practice_screen.dart;assets/data/listening_lessons.json"
"Tai nghe: Headphones hay Phone?","vi-VN","current","ready","assets/audio/CURRICULUM/1d6d8164ed1fb4e8375d4c30.vi.v1.mp3","challenge_question","lib/features/listening/presentation/lesson_challenge_screen.dart"
"Tai nghe.","vi-VN","current;catalog_only","ready","assets/audio/CURRICULUM/d67e1894dd22d3b386043104.vi.v1.mp3","core_vi;challenge_answer_vi","lib/features/listening/presentation/lesson_practice_screen.dart;assets/data/listening_lessons.json"
"Tại sao: Why? hay Because it's easier?","vi-VN","current","ready","assets/audio/CURRICULUM/0139e55c8163ac57b3150d75.vi.v1.mp3","challenge_question","lib/features/listening/presentation/lesson_challenge_screen.dart"
"Tại sao: Why? hay It's more useful?","vi-VN","current","ready","assets/audio/CURRICULUM/2b55b19aa571027c7c0fa85f.vi.v1.mp3","challenge_question","lib/features/listening/presentation/lesson_challenge_screen.dart"
"Tại sao?","vi-VN","current;catalog_only","ready","assets/audio/CURRICULUM/9c055221b4d0784515c85a04.vi.v1.mp3","core_vi;challenge_answer_vi","lib/features/listening/presentation/lesson_practice_screen.dart;assets/data/listening_lessons.json"
"Tái sử dụng túi: Reuse your bag hay Recycle paper?","vi-VN","audio_catalog_only","ready","assets/audio/CURRICULUM/2efc255b4786a7dd5cd134ab.vi.v1.mp3","audio_not_traced","assets/data/curriculum_audio.json"
"Tái sử dụng túi.","vi-VN","current;catalog_only","ready","assets/audio/CURRICULUM/74ea3a72b54ddaa0a9e673aa.vi.v1.mp3","core_vi;challenge_answer_vi","lib/features/listening/presentation/lesson_practice_screen.dart;assets/data/listening_lessons.json"
"Take a bath.","en-US","current","ready","assets/audio/CURRICULUM/6aea8fe8df023da7703e0cb9.en.v1.mp3","core_en;challenge_answer_en","lib/features/listening/presentation/lesson_practice_screen.dart;lib/features/listening/presentation/lesson_challenge_screen.dart"
"Take a break.","en-US","current","ready","assets/audio/CURRICULUM/ea75f124a87e55161a9ff820.en.v1.mp3","core_en;challenge_answer_en","lib/features/listening/presentation/lesson_practice_screen.dart;lib/features/listening/presentation/lesson_challenge_screen.dart"
"Take a taxi.","en-US","current","ready","assets/audio/CURRICULUM/6f5a7b05431e0ec9ffc72b73.en.v1.mp3","core_en;challenge_answer_en","lib/features/listening/presentation/lesson_practice_screen.dart;lib/features/listening/presentation/lesson_challenge_screen.dart"
"Take breaks.","en-US","current","ready","assets/audio/CURRICULUM/547e374edb04ecb32f40028b.en.v1.mp3","core_en;challenge_answer_en","lib/features/listening/presentation/lesson_practice_screen.dart;lib/features/listening/presentation/lesson_challenge_screen.dart"
"Take photos.","en-US","current","ready","assets/audio/CURRICULUM/840ae99af97277aca6afae8e.en.v1.mp3","core_en;challenge_answer_en","lib/features/listening/presentation/lesson_practice_screen.dart;lib/features/listening/presentation/lesson_challenge_screen.dart"
"Take the bus.","en-US","current","ready","assets/audio/CURRICULUM/b39fe26a91de38587d5230f8.en.v1.mp3","core_en;challenge_answer_en","lib/features/listening/presentation/lesson_practice_screen.dart;lib/features/listening/presentation/lesson_challenge_screen.dart"
"Take the next bus.","en-US","current","ready","assets/audio/CURRICULUM/a1a7f954024bc902b8bb2127.en.v1.mp3","core_en;challenge_answer_en","lib/features/listening/presentation/lesson_practice_screen.dart;lib/features/listening/presentation/lesson_challenge_screen.dart"
"Take your pencil.","en-US","current","ready","assets/audio/CURRICULUM/63d4c567192e2e3b8fd59c56.en.v1.mp3","core_en;challenge_answer_en","lib/features/listening/presentation/lesson_practice_screen.dart;lib/features/listening/presentation/lesson_challenge_screen.dart"
"Talk to someone.","en-US","current","ready","assets/audio/CURRICULUM/bd9ea3fe20dd8c56567c4ea5.en.v1.mp3","core_en;challenge_answer_en","lib/features/listening/presentation/lesson_practice_screen.dart;lib/features/listening/presentation/lesson_challenge_screen.dart"
"Tám giờ: At noon hay Eight o'clock?","vi-VN","audio_catalog_only","ready","assets/audio/CURRICULUM/3442e73b91833935311cbf3a.vi.v1.mp3","audio_not_traced","assets/data/curriculum_audio.json"
"Tám giờ.","vi-VN","current;catalog_only","ready","assets/audio/CURRICULUM/960ce879d19f9cb7391dea37.vi.v1.mp3","core_vi;challenge_answer_vi","lib/features/listening/presentation/lesson_practice_screen.dart;assets/data/listening_lessons.json"
"Tám: Eight hay Seven?","vi-VN","current","ready","assets/audio/CURRICULUM/dbea1184679e30139be73c85.vi.v1.mp3","challenge_question","lib/features/listening/presentation/lesson_challenge_screen.dart"
"Tám.","vi-VN","current;catalog_only","ready","assets/audio/CURRICULUM/c253b1a1bb3adbb2b07feca6.vi.v1.mp3","core_vi;challenge_answer_vi","lib/features/listening/presentation/lesson_practice_screen.dart;assets/data/listening_lessons.json"
"Táo: Apples hay Bananas?","vi-VN","current","ready","assets/audio/CURRICULUM/37a0b5dacd10792d4b0b46a4.vi.v1.mp3","challenge_question","lib/features/listening/presentation/lesson_challenge_screen.dart"
"Táo.","vi-VN","current;catalog_only","ready","assets/audio/CURRICULUM/43a624726b79995402e7203a.vi.v1.mp3","core_vi;challenge_answer_vi","lib/features/listening/presentation/lesson_practice_screen.dart;assets/data/listening_lessons.json"
"Tàu nhanh hơn: The train is faster hay Which is faster?","vi-VN","current","ready","assets/audio/CURRICULUM/7766d9e0723e2cbc9c92a236.vi.v1.mp3","challenge_question","lib/features/listening/presentation/lesson_challenge_screen.dart"
"Tàu nhanh hơn.","vi-VN","current;catalog_only","ready","assets/audio/CURRICULUM/abb5ad79fdd4e51feb4815d6.vi.v1.mp3","core_vi;challenge_answer_vi","lib/features/listening/presentation/lesson_practice_screen.dart;assets/data/listening_lessons.json"
"Tàu: Platform hay Train?","vi-VN","audio_catalog_only","ready","assets/audio/CURRICULUM/ef45ec6cb8e14861668a8b7e.vi.v1.mp3","audio_not_traced","assets/data/curriculum_audio.json"
"Tàu: Walk hay Train?","vi-VN","current","ready","assets/audio/CURRICULUM/78d69633373e1957d3681f36.vi.v1.mp3","challenge_question","lib/features/listening/presentation/lesson_challenge_screen.dart"
"Tàu.","vi-VN","current;catalog_only","ready","assets/audio/CURRICULUM/8726e37c13e44460ab270a7d.vi.v1.mp3","core_vi;challenge_answer_vi","lib/features/listening/presentation/lesson_practice_screen.dart;assets/data/listening_lessons.json"
"Taxi: Taxi hay Train?","vi-VN","audio_catalog_only","ready","assets/audio/CURRICULUM/f8194ad27bbfea0b884d8887.vi.v1.mp3","audio_not_traced","assets/data/curriculum_audio.json"
"Taxi.","en-US","current","ready","assets/audio/CURRICULUM/107670661f5a345da7f129c0.en.v1.mp3","core_en;challenge_answer_en","lib/features/listening/presentation/lesson_practice_screen.dart;lib/features/listening/presentation/lesson_challenge_screen.dart"
"Taxi.","vi-VN","current;catalog_only","ready","assets/audio/CURRICULUM/7747874ea83b751d238a1030.vi.v1.mp3","core_vi;challenge_answer_vi","lib/features/listening/presentation/lesson_practice_screen.dart;assets/data/listening_lessons.json"
"Tay: Feet hay Hands?","vi-VN","current","ready","assets/audio/CURRICULUM/bf35d05df33aab803f0b3c92.vi.v1.mp3","challenge_question","lib/features/listening/presentation/lesson_challenge_screen.dart"
"Tay.","vi-VN","current;catalog_only","ready","assets/audio/CURRICULUM/54260559f8dafe4f30c409c6.vi.v1.mp3","core_vi;challenge_answer_vi","lib/features/listening/presentation/lesson_practice_screen.dart;assets/data/listening_lessons.json"
"Tắt đèn: Turn off the lights hay Save water?","vi-VN","audio_catalog_only","ready","assets/audio/CURRICULUM/f28ef2fb54963a03928b86e9.vi.v1.mp3","audio_not_traced","assets/data/curriculum_audio.json"
"Tắt đèn.","vi-VN","current;catalog_only","ready","assets/audio/CURRICULUM/70ad5257ecce1883197d1d31.vi.v1.mp3","core_vi;challenge_answer_vi","lib/features/listening/presentation/lesson_practice_screen.dart;assets/data/listening_lessons.json"
"Teacher.","en-US","current","ready","assets/audio/CURRICULUM/97eeb990d9aea7a9b1431baf.en.v1.mp3","core_en;challenge_answer_en","lib/features/listening/presentation/lesson_practice_screen.dart;lib/features/listening/presentation/lesson_challenge_screen.dart"
"Tell an adult.","en-US","current","ready","assets/audio/CURRICULUM/18ce3b9b325892119e5e8a1a.en.v1.mp3","core_en;challenge_answer_en","lib/features/listening/presentation/lesson_practice_screen.dart;lib/features/listening/presentation/lesson_challenge_screen.dart"
"Ten crayons.","en-US","current","ready","assets/audio/CURRICULUM/06b9df2ba7daa1658d3a8f9e.en.v1.mp3","core_en;challenge_answer_en","lib/features/listening/presentation/lesson_practice_screen.dart;lib/features/listening/presentation/lesson_challenge_screen.dart"
"Ten dollars.","en-US","current","ready","assets/audio/CURRICULUM/8cac0d43c306c995b58bca62.en.v1.mp3","core_en;challenge_answer_en","lib/features/listening/presentation/lesson_practice_screen.dart;lib/features/listening/presentation/lesson_challenge_screen.dart"
"Ten.","en-US","current","ready","assets/audio/CURRICULUM/382d8f9b8cbef0cabf659707.en.v1.mp3","core_en;challenge_answer_en","lib/features/listening/presentation/lesson_practice_screen.dart;lib/features/listening/presentation/lesson_challenge_screen.dart"
"Thả diều: Fly a kite hay Drink water?","vi-VN","audio_catalog_only","ready","assets/audio/CURRICULUM/a2e836cc2388849c1f77d623.vi.v1.mp3","audio_not_traced","assets/data/curriculum_audio.json"
"Thả diều.","vi-VN","current;catalog_only","ready","assets/audio/CURRICULUM/5ebbba624cc125fd2f6789f9.vi.v1.mp3","core_vi;challenge_answer_vi","lib/features/listening/presentation/lesson_practice_screen.dart;assets/data/listening_lessons.json"
"Thank you.","en-US","current","ready","assets/audio/CURRICULUM/30f441b7df3a51c5f614992c.en.v1.mp3","core_en;challenge_answer_en","lib/features/listening/presentation/lesson_practice_screen.dart;lib/features/listening/presentation/lesson_challenge_screen.dart"
"Thanks for asking.","en-US","current","ready","assets/audio/CURRICULUM/2213f760558f35a4565f638d.en.v1.mp3","core_en;challenge_answer_en","lib/features/listening/presentation/lesson_practice_screen.dart;lib/features/listening/presentation/lesson_challenge_screen.dart"
"That one is cheaper.","en-US","current","ready","assets/audio/CURRICULUM/e4fd2a3e107ce79a5b9529b3.en.v1.mp3","core_en;challenge_answer_en","lib/features/listening/presentation/lesson_practice_screen.dart;lib/features/listening/presentation/lesson_challenge_screen.dart"
"That one.","en-US","current","ready","assets/audio/CURRICULUM/bf84e0a32cd23a720d9283a9.en.v1.mp3","core_en;challenge_answer_en","lib/features/listening/presentation/lesson_practice_screen.dart;lib/features/listening/presentation/lesson_challenge_screen.dart"
"That's all, thanks.","en-US","current","ready","assets/audio/CURRICULUM/aa857f7520c02267c5340034.en.v1.mp3","core_en;challenge_answer_en","lib/features/listening/presentation/lesson_practice_screen.dart;lib/features/listening/presentation/lesson_challenge_screen.dart"
"That's cheap.","en-US","current","ready","assets/audio/CURRICULUM/01cd480471bb23a9ba19d6de.en.v1.mp3","core_en;challenge_answer_en","lib/features/listening/presentation/lesson_practice_screen.dart;lib/features/listening/presentation/lesson_challenge_screen.dart"
"That's expensive.","en-US","current","ready","assets/audio/CURRICULUM/0d087f07d62517533cd33d58.en.v1.mp3","core_en;challenge_answer_en","lib/features/listening/presentation/lesson_practice_screen.dart;lib/features/listening/presentation/lesson_challenge_screen.dart"
"The bus is faster.","en-US","current","ready","assets/audio/CURRICULUM/5ff50a643f2a8ededd3e5095.en.v1.mp3","core_en;challenge_answer_en","lib/features/listening/presentation/lesson_practice_screen.dart;lib/features/listening/presentation/lesson_challenge_screen.dart"
"The price.","en-US","current","ready","assets/audio/CURRICULUM/54e954e02c2161f49b90d9bb.en.v1.mp3","core_en;challenge_answer_en","lib/features/listening/presentation/lesson_practice_screen.dart;lib/features/listening/presentation/lesson_challenge_screen.dart"
"The train is faster.","en-US","current","ready","assets/audio/CURRICULUM/b581102b4d801b9d106024cf.en.v1.mp3","core_en;challenge_answer_en","lib/features/listening/presentation/lesson_practice_screen.dart;lib/features/listening/presentation/lesson_challenge_screen.dart"
"Thể thao vào thứ Bảy: Reading at night hay Sports on Saturday?","vi-VN","audio_catalog_only","ready","assets/audio/CURRICULUM/c41dd5f32681f8af458fbc0f.vi.v1.mp3","audio_not_traced","assets/data/curriculum_audio.json"
"Thể thao vào thứ Bảy.","vi-VN","current;catalog_only","ready","assets/audio/CURRICULUM/f169555bed25c2cbd48c6bcf.vi.v1.mp3","core_vi;challenge_answer_vi","lib/features/listening/presentation/lesson_practice_screen.dart;assets/data/listening_lessons.json"
"Thirteen.","en-US","current","ready","assets/audio/CURRICULUM/f9af5166df4efee059cac398.en.v1.mp3","core_en;challenge_answer_en","lib/features/listening/presentation/lesson_practice_screen.dart;lib/features/listening/presentation/lesson_challenge_screen.dart"
"This one is cheaper.","en-US","current","ready","assets/audio/CURRICULUM/673bb6b81efde8fd1f895853.en.v1.mp3","core_en;challenge_answer_en","lib/features/listening/presentation/lesson_practice_screen.dart;lib/features/listening/presentation/lesson_challenge_screen.dart"
"This one, please.","en-US","current","ready","assets/audio/CURRICULUM/7b85ef859a54d2382e99306e.en.v1.mp3","core_en;challenge_answer_en","lib/features/listening/presentation/lesson_practice_screen.dart;lib/features/listening/presentation/lesson_challenge_screen.dart"
"This one.","en-US","current","ready","assets/audio/CURRICULUM/89b1c30da70adcad1797dae6.en.v1.mp3","core_en;challenge_answer_en","lib/features/listening/presentation/lesson_practice_screen.dart;lib/features/listening/presentation/lesson_challenge_screen.dart"
"This works better for me.","en-US","current","ready","assets/audio/CURRICULUM/fea22e01e0f915cb9a521b6e.en.v1.mp3","core_en;challenge_answer_en","lib/features/listening/presentation/lesson_practice_screen.dart;lib/features/listening/presentation/lesson_challenge_screen.dart"
"Thỏ có thể nhảy: Elephants can walk hay Rabbits can jump?","vi-VN","current","ready","assets/audio/CURRICULUM/2ef5a9bb137c4944375a6356.vi.v1.mp3","challenge_question","lib/features/listening/presentation/lesson_challenge_screen.dart"
"Thỏ có thể nhảy.","vi-VN","current;catalog_only","ready","assets/audio/CURRICULUM/4e09ee0bc64b3f756541da3a.vi.v1.mp3","core_vi;challenge_answer_vi","lib/features/listening/presentation/lesson_practice_screen.dart;assets/data/listening_lessons.json"
"Three claps hay Five claps?","vi-VN","audio_catalog_only","ready","assets/audio/CURRICULUM/2ac6411a5f37d512301ec547.vi.v1.mp3","audio_not_traced","assets/data/curriculum_audio.json"
"Three claps.","en-US","current","ready","assets/audio/CURRICULUM/c02805c3ed52b868cdbd916d.en.v1.mp3","core_en;challenge_answer_en","lib/features/listening/presentation/lesson_practice_screen.dart;lib/features/listening/presentation/lesson_challenge_screen.dart"
"Three pencils.","en-US","current","ready","assets/audio/CURRICULUM/925929d0809a27459563b543.en.v1.mp3","core_en;challenge_answer_en","lib/features/listening/presentation/lesson_practice_screen.dart;lib/features/listening/presentation/lesson_challenge_screen.dart"
"Three.","en-US","current","ready","assets/audio/CURRICULUM/4c2a877cf036b2aa1aa8505f.en.v1.mp3","core_en;challenge_answer_en","lib/features/listening/presentation/lesson_practice_screen.dart;lib/features/listening/presentation/lesson_challenge_screen.dart"
"Thứ Bảy bạn rảnh không: Are you free Saturday? hay Let's meet at three?","vi-VN","current","ready","assets/audio/CURRICULUM/e8f8bc31da83eff0040429c6.vi.v1.mp3","challenge_question","lib/features/listening/presentation/lesson_challenge_screen.dart"
"Thứ Bảy bạn rảnh không?","vi-VN","current;catalog_only","ready","assets/audio/CURRICULUM/ff5daa97d5ec13a7c5847caf.vi.v1.mp3","core_vi;challenge_answer_vi","lib/features/listening/presentation/lesson_practice_screen.dart;assets/data/listening_lessons.json"
"Thử lại nhé.","vi-VN","current","ready","assets/audio/MAIN/RUN-095.vi.v1.mp3","age_feedback","lib/features/listening/domain/lesson_guide_flow.dart"
"Thư viện ở đâu: Go straight hay Where's the library?","vi-VN","current","ready","assets/audio/CURRICULUM/256f55000e3a24fec14f363f.vi.v1.mp3","challenge_question","lib/features/listening/presentation/lesson_challenge_screen.dart"
"Thư viện ở đâu?","vi-VN","current;catalog_only","ready","assets/audio/CURRICULUM/7dfdd89b0c1af1cb1f6a5438.vi.v1.mp3","core_vi;challenge_answer_vi","lib/features/listening/presentation/lesson_practice_screen.dart;assets/data/listening_lessons.json"
"Thư viện: Library hay Supermarket?","vi-VN","audio_catalog_only","ready","assets/audio/CURRICULUM/e2d5d7e40a2437cdc6ef604d.vi.v1.mp3","audio_not_traced","assets/data/curriculum_audio.json"
"Thư viện: Playground hay Library?","vi-VN","current","ready","assets/audio/CURRICULUM/e26565f90dfbde1c0f5fd27e.vi.v1.mp3","challenge_question","lib/features/listening/presentation/lesson_challenge_screen.dart"
"Thư viện.","vi-VN","current;catalog_only","ready","assets/audio/CURRICULUM/8f2e3212e61c182c577e8617.vi.v1.mp3","core_vi;challenge_answer_vi","lib/features/listening/presentation/lesson_practice_screen.dart;assets/data/listening_lessons.json"
"Thức dậy lúc bảy giờ: Wake up at seven hay School starts at eight?","vi-VN","audio_catalog_only","ready","assets/audio/CURRICULUM/4697350e7740d967e987aa11.vi.v1.mp3","audio_not_traced","assets/data/curriculum_audio.json"
"Thức dậy lúc bảy giờ.","vi-VN","current;catalog_only","ready","assets/audio/CURRICULUM/9de3e290234c12e718c5af81.vi.v1.mp3","core_vi;challenge_answer_vi","lib/features/listening/presentation/lesson_practice_screen.dart;assets/data/listening_lessons.json"
"Thức dậy nào: Wake up hay Let's eat?","vi-VN","current","ready","assets/audio/CURRICULUM/fd5b529cf9bb18a34530f5cc.vi.v1.mp3","challenge_question","lib/features/listening/presentation/lesson_challenge_screen.dart"
"Thức dậy nào!","vi-VN","current;catalog_only","ready","assets/audio/CURRICULUM/249c6e9c5dafcc0266c0c614.vi.v1.mp3","core_vi;challenge_answer_vi","lib/features/listening/presentation/lesson_practice_screen.dart;assets/data/listening_lessons.json"
"Thức dậy: Wake up hay Eat?","vi-VN","current","ready","assets/audio/CURRICULUM/7294a1f77e66283a76edd39d.vi.v1.mp3","challenge_question","lib/features/listening/presentation/lesson_challenge_screen.dart"
"Thức dậy.","vi-VN","current;catalog_only","ready","assets/audio/CURRICULUM/a1ace29b3ee903b45202242d.vi.v1.mp3","core_vi;challenge_answer_vi","lib/features/listening/presentation/lesson_practice_screen.dart;assets/data/listening_lessons.json"
"Thực đơn: Menu hay Drink?","vi-VN","audio_catalog_only","ready","assets/audio/CURRICULUM/478bc902a144bf642a2feb5e.vi.v1.mp3","audio_not_traced","assets/data/curriculum_audio.json"
"Thực đơn.","vi-VN","current;catalog_only","ready","assets/audio/CURRICULUM/5adf7ef00176cf8af2a74839.vi.v1.mp3","core_vi;challenge_answer_vi","lib/features/listening/presentation/lesson_practice_screen.dart;assets/data/listening_lessons.json"
"Ticket.","en-US","current","ready","assets/audio/CURRICULUM/460e5a43774d7a06267fce8b.en.v1.mp3","core_en;challenge_answer_en","lib/features/listening/presentation/lesson_practice_screen.dart;lib/features/listening/presentation/lesson_challenge_screen.dart"
"Tiền: Money hay Shirt?","vi-VN","current","ready","assets/audio/CURRICULUM/3333d9e9f3572ef3d2e11516.vi.v1.mp3","challenge_question","lib/features/listening/presentation/lesson_challenge_screen.dart"
"Tiền.","vi-VN","current;catalog_only","ready","assets/audio/CURRICULUM/4ab0ffcf25517cb80f565077.vi.v1.mp3","core_vi;challenge_answer_vi","lib/features/listening/presentation/lesson_practice_screen.dart;assets/data/listening_lessons.json"
"Tiếp theo là một câu thử thách nhé.","vi-VN","current","ready","assets/audio/MAIN/RUN-121.vi.v1.mp3","literal_speech_call","lib/features/listening/presentation/lesson_practice_screen.dart:2138"
"Tiếp theo là một câu thử thách. Xong rồi mình nghe bài hát Count with Me nhé.","vi-VN","catalog_only","ready","assets/audio/CURRICULUM/0730c9dd9d9d6377f212660e.vi.v1.mp3","song_prealert","lib/features/listening/domain/lesson_guide_flow.dart"
"Tiếp theo là một câu thử thách. Xong rồi mình nghe bài hát Let's Play Together nhé.","vi-VN","catalog_only","ready","assets/audio/CURRICULUM/3b6e44fffbdff3ff55938f18.vi.v1.mp3","song_prealert","lib/features/listening/domain/lesson_guide_flow.dart"
"Tiếp theo là một câu thử thách. Xong rồi mình nghe bài hát My Busy Day nhé.","vi-VN","catalog_only","ready","assets/audio/CURRICULUM/6cfcb5de742f2691aa06ea0f.vi.v1.mp3","song_prealert","lib/features/listening/domain/lesson_guide_flow.dart"
"Tiếp theo là một câu thử thách. Xong rồi mình nghe bài hát My Happy Day nhé.","vi-VN","catalog_only","ready","assets/audio/CURRICULUM/4e2b9658d5a772a3e93c40d1.vi.v1.mp3","song_prealert","lib/features/listening/domain/lesson_guide_flow.dart"
"Tiếp theo là một câu thử thách. Xong rồi mình nghe bài hát What Should I Wear? nhé.","vi-VN","catalog_only","ready","assets/audio/CURRICULUM/a72eb44d97f16dc1d8dfa2b1.vi.v1.mp3","song_prealert","lib/features/listening/domain/lesson_guide_flow.dart"
"Tiếp theo là Nhiệm vụ cuối Level. Bạn sẽ có bốn câu thử thách.","vi-VN","audio_catalog_only","ready","assets/audio/MAIN/RUN-122.vi.v1.mp3","audio_not_traced","assets/data/main_assistant_audio.json"
"Tiếp tục luyện tập.","vi-VN","current;catalog_only","ready","assets/audio/CURRICULUM/e13c7e8373ccee5f5da9f1be.vi.v1.mp3","core_vi;challenge_answer_vi","lib/features/listening/presentation/lesson_practice_screen.dart;assets/data/listening_lessons.json"
"Tiết kiệm nước: Use less paper hay Save water?","vi-VN","audio_catalog_only","ready","assets/audio/CURRICULUM/adc60c160f08b96d338f467d.vi.v1.mp3","audio_not_traced","assets/data/curriculum_audio.json"
"Tiết kiệm nước.","vi-VN","current;catalog_only","ready","assets/audio/CURRICULUM/ad048a7865c4592b46a38313.vi.v1.mp3","core_vi;challenge_answer_vi","lib/features/listening/presentation/lesson_practice_screen.dart;assets/data/listening_lessons.json"
"Tiết kiệm tiền: Save money hay Spend money?","vi-VN","current","ready","assets/audio/CURRICULUM/4513725b9303b199cac68059.vi.v1.mp3","challenge_question","lib/features/listening/presentation/lesson_challenge_screen.dart"
"Tiết kiệm tiền.","vi-VN","current;catalog_only","ready","assets/audio/CURRICULUM/9b2a8bb01a49586a28a9929b.vi.v1.mp3","core_vi;challenge_answer_vi","lib/features/listening/presentation/lesson_practice_screen.dart;assets/data/listening_lessons.json"
"Tiêu tiền.","vi-VN","current;catalog_only","ready","assets/audio/CURRICULUM/ebae1e50741cd3807a6a319f.vi.v1.mp3","core_vi;challenge_answer_vi","lib/features/listening/presentation/lesson_practice_screen.dart;assets/data/listening_lessons.json"
"Tin nhắn: Message hay Photo?","vi-VN","audio_catalog_only","ready","assets/audio/CURRICULUM/acb7dcdc373aaaa076465e8b.vi.v1.mp3","audio_not_traced","assets/data/curriculum_audio.json"
"Tin nhắn.","vi-VN","current;catalog_only","ready","assets/audio/CURRICULUM/7ed6d9447c96d7a6774de2e8.vi.v1.mp3","core_vi;challenge_answer_vi","lib/features/listening/presentation/lesson_practice_screen.dart;assets/data/listening_lessons.json"
"Too expensive.","en-US","current","ready","assets/audio/CURRICULUM/3aabf421d1b9b1688d0c2dda.en.v1.mp3","core_en;challenge_answer_en","lib/features/listening/presentation/lesson_practice_screen.dart;lib/features/listening/presentation/lesson_challenge_screen.dart"
"Touch your head.","en-US","current","ready","assets/audio/CURRICULUM/a6b7fac91863a7feec8487bd.en.v1.mp3","core_en;challenge_answer_en","lib/features/listening/presentation/lesson_practice_screen.dart;lib/features/listening/presentation/lesson_challenge_screen.dart"
"Touch your nose.","en-US","current","ready","assets/audio/CURRICULUM/905a9473b38a7b593acc582c.en.v1.mp3","core_en;challenge_answer_en","lib/features/listening/presentation/lesson_practice_screen.dart;lib/features/listening/presentation/lesson_challenge_screen.dart"
"Toy.","en-US","current","ready","assets/audio/CURRICULUM/450fe274d75c23026b8ac478.en.v1.mp3","challenge_answer_en;core_en","lib/features/listening/presentation/lesson_challenge_screen.dart;lib/features/listening/presentation/lesson_practice_screen.dart"
"Tốt lắm!","vi-VN","current","ready","assets/audio/MAIN/RUN-074.vi.v1.mp3","age_feedback","lib/features/listening/domain/lesson_guide_flow.dart"
"Train.","en-US","current","ready","assets/audio/CURRICULUM/ea8ae2f06efd04742b2f821a.en.v1.mp3","core_en;challenge_answer_en","lib/features/listening/presentation/lesson_practice_screen.dart;lib/features/listening/presentation/lesson_challenge_screen.dart"
"Trắng: White hay Red?","vi-VN","current","ready","assets/audio/CURRICULUM/da1eace0d8fc16e85b0dbbfa.vi.v1.mp3","challenge_question","lib/features/listening/presentation/lesson_challenge_screen.dart"
"Trắng.","vi-VN","current;catalog_only","ready","assets/audio/CURRICULUM/81d38a62286ddbb9d9617b0a.vi.v1.mp3","core_vi;challenge_answer_vi","lib/features/listening/presentation/lesson_practice_screen.dart;assets/data/listening_lessons.json"
"Triangle sign.","en-US","current","ready","assets/audio/CURRICULUM/dac62ef6f0b8239e8b1a11ac.en.v1.mp3","core_en;challenge_answer_en","lib/features/listening/presentation/lesson_practice_screen.dart;lib/features/listening/presentation/lesson_challenge_screen.dart"
"Triangle.","en-US","current","ready","assets/audio/CURRICULUM/d6eb1eb714c9e3b2868b9309.en.v1.mp3","core_en;challenge_answer_en","lib/features/listening/presentation/lesson_practice_screen.dart;lib/features/listening/presentation/lesson_challenge_screen.dart"
"Trò chơi: Game hay House?","vi-VN","current","ready","assets/audio/CURRICULUM/3784493abaed7e2d862b6cb8.vi.v1.mp3","challenge_question","lib/features/listening/presentation/lesson_challenge_screen.dart"
"Trò chơi.","vi-VN","current;catalog_only","ready","assets/audio/CURRICULUM/761b2ef11bf452f472d3632e.vi.v1.mp3","core_vi;challenge_answer_vi","lib/features/listening/presentation/lesson_practice_screen.dart;assets/data/listening_lessons.json"
"Trồng cây: Plant a tree hay Reuse your bag?","vi-VN","current","ready","assets/audio/CURRICULUM/1f6878cf2584c2285235706c.vi.v1.mp3","challenge_question","lib/features/listening/presentation/lesson_challenge_screen.dart"
"Trồng cây.","vi-VN","current;catalog_only","ready","assets/audio/CURRICULUM/2adf1c78cda9cc7f10bb2a32.vi.v1.mp3","core_vi;challenge_answer_vi","lib/features/listening/presentation/lesson_practice_screen.dart;assets/data/listening_lessons.json"
"Trời mưa: Hot hay Rainy?","vi-VN","current","ready","assets/audio/CURRICULUM/6e39d6567990625c9e3e9243.vi.v1.mp3","challenge_question","lib/features/listening/presentation/lesson_challenge_screen.dart"
"Trời mưa: Rainy hay Hot?","vi-VN","audio_catalog_only","ready","assets/audio/CURRICULUM/8a5dc2919b50b5c0197cbe30.vi.v1.mp3","audio_not_traced","assets/data/curriculum_audio.json"
"Trời mưa.","vi-VN","current;catalog_only","ready","assets/audio/CURRICULUM/9258017e86efda9c68c7f12d.vi.v1.mp3","core_vi;challenge_answer_vi","lib/features/listening/presentation/lesson_practice_screen.dart;assets/data/listening_lessons.json"
"Trời nắng: Sunny hay Rainy?","vi-VN","current","ready","assets/audio/CURRICULUM/2045e2b368309055da00ca7e.vi.v1.mp3","challenge_question","lib/features/listening/presentation/lesson_challenge_screen.dart"
"Trời nắng.","vi-VN","current;catalog_only","ready","assets/audio/CURRICULUM/f72112905ab5dd12a90cfe04.vi.v1.mp3","core_vi;challenge_answer_vi","lib/features/listening/presentation/lesson_practice_screen.dart;assets/data/listening_lessons.json"
"Trước bữa tối: Before dinner hay In the evening?","vi-VN","current","ready","assets/audio/CURRICULUM/7256e6407dd10ed5e96cc04d.vi.v1.mp3","challenge_question","lib/features/listening/presentation/lesson_challenge_screen.dart"
"Trước bữa tối.","vi-VN","current;catalog_only","ready","assets/audio/CURRICULUM/fd5cbb788da900697edd95aa.vi.v1.mp3","core_vi;challenge_answer_vi","lib/features/listening/presentation/lesson_practice_screen.dart;assets/data/listening_lessons.json"
"Trước giờ học: Before school hay After school?","vi-VN","audio_catalog_only","ready","assets/audio/CURRICULUM/9b0bbec108f6caf61666bb2d.vi.v1.mp3","audio_not_traced","assets/data/curriculum_audio.json"
"Trước giờ học.","vi-VN","current;catalog_only","ready","assets/audio/CURRICULUM/a1ac4abfc01602dda509fb26.vi.v1.mp3","core_vi;challenge_answer_vi","lib/features/listening/presentation/lesson_practice_screen.dart;assets/data/listening_lessons.json"
"Trường bắt đầu lúc tám giờ: Lunch at noon hay School starts at eight?","vi-VN","audio_catalog_only","ready","assets/audio/CURRICULUM/8e9781a247f938433a0fad92.vi.v1.mp3","audio_not_traced","assets/data/curriculum_audio.json"
"Trường bắt đầu lúc tám giờ.","vi-VN","current;catalog_only","ready","assets/audio/CURRICULUM/03b3479af771bb6abda0d365.vi.v1.mp3","core_vi;challenge_answer_vi","lib/features/listening/presentation/lesson_practice_screen.dart;assets/data/listening_lessons.json"
"Trường học: School hay Park?","vi-VN","current","ready","assets/audio/CURRICULUM/ff353317fd0f70c248f93540.vi.v1.mp3","challenge_question","lib/features/listening/presentation/lesson_challenge_screen.dart"
"Trường học: School hay Table?","vi-VN","current","ready","assets/audio/CURRICULUM/f9f8b16b8e5f095cecc6beed.vi.v1.mp3","challenge_question","lib/features/listening/presentation/lesson_challenge_screen.dart"
"Trường học.","vi-VN","current;catalog_only","ready","assets/audio/CURRICULUM/2f1829b8ea6e11b5c06a9f52.vi.v1.mp3","core_vi;challenge_answer_vi","lib/features/listening/presentation/lesson_practice_screen.dart;assets/data/listening_lessons.json"
"Try again.","en-US","audio_catalog_only","ready","assets/audio/MAIN/RUN-114.en.v1.mp3","audio_not_traced","assets/data/main_assistant_audio.json"
"Try again.","vi-VN","current","ready","assets/audio/MAIN/RUN-114.en.v1.mp3","age_feedback","lib/features/listening/domain/lesson_guide_flow.dart"
"Túi đỏ: Red bag hay Blue book?","vi-VN","current","ready","assets/audio/CURRICULUM/edb89bd88f9cbec50f10262a.vi.v1.mp3","challenge_question","lib/features/listening/presentation/lesson_challenge_screen.dart"
"Túi đỏ.","vi-VN","current;catalog_only","ready","assets/audio/CURRICULUM/2a5c4a75d3fa658348b72a5f.vi.v1.mp3","core_vi;challenge_answer_vi","lib/features/listening/presentation/lesson_practice_screen.dart;assets/data/listening_lessons.json"
"Turn left.","en-US","current","ready","assets/audio/CURRICULUM/d1a2cf26ef10f88fa9b778d4.en.v1.mp3","core_en;challenge_answer_en","lib/features/listening/presentation/lesson_practice_screen.dart;lib/features/listening/presentation/lesson_challenge_screen.dart"
"Turn off the lights.","en-US","current","ready","assets/audio/CURRICULUM/3b86775c79ae5fb681c8c6b2.en.v1.mp3","core_en;challenge_answer_en","lib/features/listening/presentation/lesson_practice_screen.dart;lib/features/listening/presentation/lesson_challenge_screen.dart"
"Turn right.","en-US","current","ready","assets/audio/CURRICULUM/e881941744a3855fa69f0350.en.v1.mp3","core_en;challenge_answer_en","lib/features/listening/presentation/lesson_practice_screen.dart;lib/features/listening/presentation/lesson_challenge_screen.dart"
"Twelve.","en-US","current","ready","assets/audio/CURRICULUM/d55f3d83f4d63bca8acbbf5e.en.v1.mp3","core_en;challenge_answer_en","lib/features/listening/presentation/lesson_practice_screen.dart;lib/features/listening/presentation/lesson_challenge_screen.dart"
"Twenty stars.","en-US","current","ready","assets/audio/CURRICULUM/f069bb933c69d54c17fecc34.en.v1.mp3","core_en;challenge_answer_en","lib/features/listening/presentation/lesson_practice_screen.dart;lib/features/listening/presentation/lesson_challenge_screen.dart"
"Twenty.","en-US","current","ready","assets/audio/CURRICULUM/a9b490c1f30ff58a82a8c32f.en.v1.mp3","core_en;challenge_answer_en","lib/features/listening/presentation/lesson_practice_screen.dart;lib/features/listening/presentation/lesson_challenge_screen.dart"
"Two books.","en-US","current","ready","assets/audio/CURRICULUM/eab4050a529b1c9edc2665ee.en.v1.mp3","core_en;challenge_answer_en","lib/features/listening/presentation/lesson_practice_screen.dart;lib/features/listening/presentation/lesson_challenge_screen.dart"
"Two claps.","en-US","current","ready","assets/audio/CURRICULUM/9d3ed2fd6aced788337b8123.en.v1.mp3","core_en;challenge_answer_en","lib/features/listening/presentation/lesson_practice_screen.dart;lib/features/listening/presentation/lesson_challenge_screen.dart"
"Two.","en-US","current","ready","assets/audio/CURRICULUM/b81b49892544e69134620d80.en.v1.mp3","core_en;challenge_answer_en","lib/features/listening/presentation/lesson_practice_screen.dart;lib/features/listening/presentation/lesson_challenge_screen.dart"
"U. Umbrella.","en-US","current","ready","assets/audio/CURRICULUM/20266d8bec4bf1609e3546ec.en.v1.mp3","core_en","lib/features/listening/presentation/lesson_practice_screen.dart"
"U. Uniform.","en-US","current","ready","assets/audio/CURRICULUM/499dc064f020c3747b7ff47d.en.v1.mp3","core_en","lib/features/listening/presentation/lesson_practice_screen.dart"
"Umbrella.","en-US","current","ready","assets/audio/CURRICULUM/6d6b20353ad67d34a935d9a8.en.v1.mp3","challenge_answer_en","lib/features/listening/presentation/lesson_challenge_screen.dart"
"Uniform.","en-US","current","ready","assets/audio/CURRICULUM/5c62ec7989d72221d0689d27.en.v1.mp3","challenge_answer_en","lib/features/listening/presentation/lesson_challenge_screen.dart"
"Uống nước: Drink water hay Eat breakfast?","vi-VN","audio_catalog_only","ready","assets/audio/CURRICULUM/7402f04e1a3b983a09a07475.vi.v1.mp3","audio_not_traced","assets/data/curriculum_audio.json"
"Uống nước: Wear a jacket hay Drink water?","vi-VN","current","ready","assets/audio/CURRICULUM/253785478cbf7f2e34fa15b8.vi.v1.mp3","challenge_question","lib/features/listening/presentation/lesson_challenge_screen.dart"
"Uống nước.","vi-VN","current;catalog_only","ready","assets/audio/CURRICULUM/e8586307dec1555db48decf3.vi.v1.mp3","core_vi;challenge_answer_vi","lib/features/listening/presentation/lesson_practice_screen.dart;assets/data/listening_lessons.json"
"Use both sides.","en-US","current","ready","assets/audio/CURRICULUM/86ef8eb6b4bd520a1dadb797.en.v1.mp3","core_en;challenge_answer_en","lib/features/listening/presentation/lesson_practice_screen.dart;lib/features/listening/presentation/lesson_challenge_screen.dart"
"Use less paper.","en-US","current","ready","assets/audio/CURRICULUM/e51be6d09259c66b4365a6ec.en.v1.mp3","core_en;challenge_answer_en","lib/features/listening/presentation/lesson_practice_screen.dart;lib/features/listening/presentation/lesson_challenge_screen.dart"
"V. Van.","en-US","current","ready","assets/audio/CURRICULUM/1a29aece9a1f518d29d87a82.en.v1.mp3","core_en","lib/features/listening/presentation/lesson_practice_screen.dart"
"V. Violin.","en-US","current","ready","assets/audio/CURRICULUM/0b4e7dca371bcd32bf6d1fdd.en.v1.mp3","core_en","lib/features/listening/presentation/lesson_practice_screen.dart"
"Van.","en-US","current","ready","assets/audio/CURRICULUM/c7e4c376b7c519b0bad2680b.en.v1.mp3","challenge_answer_en","lib/features/listening/presentation/lesson_challenge_screen.dart"
"Vàng: Yellow hay Green?","vi-VN","current","ready","assets/audio/CURRICULUM/c6e4f1f8ce4dbcb1349cb222.vi.v1.mp3","challenge_question","lib/features/listening/presentation/lesson_challenge_screen.dart"
"Vàng.","vi-VN","current;catalog_only","ready","assets/audio/CURRICULUM/a8bcf98b15a10b8dfd4e4259.vi.v1.mp3","core_vi;challenge_answer_vi","lib/features/listening/presentation/lesson_practice_screen.dart;assets/data/listening_lessons.json"
"Vào ban đêm: At night hay On weekends?","vi-VN","current","ready","assets/audio/CURRICULUM/7fb1a5ba8ca3c7e7c8163182.vi.v1.mp3","challenge_question","lib/features/listening/presentation/lesson_challenge_screen.dart"
"Vào ban đêm.","vi-VN","current;catalog_only","ready","assets/audio/CURRICULUM/81c8f7c6a8277bc63048cb2b.vi.v1.mp3","core_vi;challenge_answer_vi","lib/features/listening/presentation/lesson_practice_screen.dart;assets/data/listening_lessons.json"
"Vào buổi tối: At night hay In the evening?","vi-VN","current","ready","assets/audio/CURRICULUM/41154a64ad32c5e3fcce2f8b.vi.v1.mp3","challenge_question","lib/features/listening/presentation/lesson_challenge_screen.dart"
"Vào buổi tối.","vi-VN","current;catalog_only","ready","assets/audio/CURRICULUM/f82557057729fe4d88e5d071.vi.v1.mp3","core_vi;challenge_answer_vi","lib/features/listening/presentation/lesson_practice_screen.dart;assets/data/listening_lessons.json"
"Vào cuối tuần.","vi-VN","current;catalog_only","ready","assets/audio/CURRICULUM/efc2d734cee695cd441317ec.vi.v1.mp3","core_vi;challenge_answer_vi","lib/features/listening/presentation/lesson_practice_screen.dart;assets/data/listening_lessons.json"
"Vận động mỗi ngày: Take breaks hay Exercise daily?","vi-VN","current","ready","assets/audio/CURRICULUM/293d083bb489636bc61e6e37.vi.v1.mp3","challenge_question","lib/features/listening/presentation/lesson_challenge_screen.dart"
"Vận động mỗi ngày.","vi-VN","current;catalog_only","ready","assets/audio/CURRICULUM/7e6325c2dbacf5cfc4a23dc2.vi.v1.mp3","core_vi;challenge_answer_vi","lib/features/listening/presentation/lesson_practice_screen.dart;assets/data/listening_lessons.json"
"Vậy thôi, cảm ơn.","vi-VN","current;catalog_only","ready","assets/audio/CURRICULUM/0daee6f4e0ca5f4a2e4d7f0e.vi.v1.mp3","core_vi;challenge_answer_vi","lib/features/listening/presentation/lesson_practice_screen.dart;assets/data/listening_lessons.json"
"Vẽ tốt: Draw well hay Solve problems?","vi-VN","audio_catalog_only","ready","assets/audio/CURRICULUM/1d8a7d6e166b3f22405e8533.vi.v1.mp3","audio_not_traced","assets/data/curriculum_audio.json"
"Vẽ tốt.","vi-VN","current;catalog_only","ready","assets/audio/CURRICULUM/1f0a536b24fa570e1ee46ade.vi.v1.mp3","core_vi;challenge_answer_vi","lib/features/listening/presentation/lesson_practice_screen.dart;assets/data/listening_lessons.json"
"Vẽ tranh: Read comics hay Draw pictures?","vi-VN","audio_catalog_only","ready","assets/audio/CURRICULUM/53cf8e4330ce698ada2ab415.vi.v1.mp3","audio_not_traced","assets/data/curriculum_audio.json"
"Vẽ tranh.","vi-VN","current;catalog_only","ready","assets/audio/CURRICULUM/1d2c1e3486bb429bd0ba6285.vi.v1.mp3","core_vi;challenge_answer_vi","lib/features/listening/presentation/lesson_practice_screen.dart;assets/data/listening_lessons.json"
"Vé: Ticket hay Train?","vi-VN","audio_catalog_only","ready","assets/audio/CURRICULUM/fb05157dcc2fa55cc1734dd9.vi.v1.mp3","audio_not_traced","assets/data/curriculum_audio.json"
"Vé.","vi-VN","current;catalog_only","ready","assets/audio/CURRICULUM/9e53510ca11ac1612f7994a7.vi.v1.mp3","core_vi;challenge_answer_vi","lib/features/listening/presentation/lesson_practice_screen.dart;assets/data/listening_lessons.json"
"Vì mình thích nó.","vi-VN","current;catalog_only","ready","assets/audio/CURRICULUM/b4ed506ab6d5b38e0fc8c240.vi.v1.mp3","core_vi;challenge_answer_vi","lib/features/listening/presentation/lesson_practice_screen.dart;assets/data/listening_lessons.json"
"Vì nó an toàn hơn.","vi-VN","current;catalog_only","ready","assets/audio/CURRICULUM/2cedcf61243da6fec80668e3.vi.v1.mp3","core_vi;challenge_answer_vi","lib/features/listening/presentation/lesson_practice_screen.dart;assets/data/listening_lessons.json"
"Vì nó dễ hơn: Because it's cheaper hay Because it's easier?","vi-VN","current","ready","assets/audio/CURRICULUM/9301f4a10bac7a9305bdd72c.vi.v1.mp3","challenge_question","lib/features/listening/presentation/lesson_challenge_screen.dart"
"Vì nó dễ hơn.","vi-VN","current;catalog_only","ready","assets/audio/CURRICULUM/a57768492d57b43ffcf7bcf8.vi.v1.mp3","core_vi;challenge_answer_vi","lib/features/listening/presentation/lesson_practice_screen.dart;assets/data/listening_lessons.json"
"Vì nó nhanh hơn: Because it's safer hay Because it's faster?","vi-VN","current","ready","assets/audio/CURRICULUM/e697a156ab0857be05bccd8c.vi.v1.mp3","challenge_question","lib/features/listening/presentation/lesson_challenge_screen.dart"
"Vì nó nhanh hơn.","vi-VN","current;catalog_only","ready","assets/audio/CURRICULUM/eb01d8ee30308641a16cbb4b.vi.v1.mp3","core_vi;challenge_answer_vi","lib/features/listening/presentation/lesson_practice_screen.dart;assets/data/listening_lessons.json"
"Vì nó rẻ hơn: Because it's cheaper hay Because it's faster?","vi-VN","current","ready","assets/audio/CURRICULUM/5098836c6ae9f1f7486ea22a.vi.v1.mp3","challenge_question","lib/features/listening/presentation/lesson_challenge_screen.dart"
"Vì nó rẻ hơn.","vi-VN","current;catalog_only","ready","assets/audio/CURRICULUM/63b9c5d24d56a3be8eb15227.vi.v1.mp3","core_vi;challenge_answer_vi","lib/features/listening/presentation/lesson_practice_screen.dart;assets/data/listening_lessons.json"
"Vị trí của mình: My account hay My location?","vi-VN","current","ready","assets/audio/CURRICULUM/112eede64b3a3cc17c014639.vi.v1.mp3","challenge_question","lib/features/listening/presentation/lesson_challenge_screen.dart"
"Vị trí của mình.","vi-VN","current;catalog_only","ready","assets/audio/CURRICULUM/f368ea025c79133bb1571e54.vi.v1.mp3","core_vi;challenge_answer_vi","lib/features/listening/presentation/lesson_practice_screen.dart;assets/data/listening_lessons.json"
"Violin.","en-US","current","ready","assets/audio/CURRICULUM/3c08521f056c83199d3f4b86.en.v1.mp3","challenge_answer_en","lib/features/listening/presentation/lesson_challenge_screen.dart"
"Visited Grandma.","en-US","current","ready","assets/audio/CURRICULUM/85fcaa46e96143033948fa6a.en.v1.mp3","core_en;challenge_answer_en","lib/features/listening/presentation/lesson_practice_screen.dart;lib/features/listening/presentation/lesson_challenge_screen.dart"
"Voi có thể đi: Elephants can walk hay Birds can fly?","vi-VN","current","ready","assets/audio/CURRICULUM/8c57d20745963b7c5b30ad86.vi.v1.mp3","challenge_question","lib/features/listening/presentation/lesson_challenge_screen.dart"
"Voi có thể đi.","vi-VN","current;catalog_only","ready","assets/audio/CURRICULUM/15640fb0e51a45409cb07150.vi.v1.mp3","core_vi;challenge_answer_vi","lib/features/listening/presentation/lesson_practice_screen.dart;assets/data/listening_lessons.json"
"Vỗ tay: Stamp your feet hay Clap your hands?","vi-VN","current","ready","assets/audio/CURRICULUM/4cd4cb1c303487b495be9a36.vi.v1.mp3","challenge_question","lib/features/listening/presentation/lesson_challenge_screen.dart"
"Vỗ tay.","vi-VN","current;catalog_only","ready","assets/audio/CURRICULUM/4f709ee23ab8810f8923b559.vi.v1.mp3","core_vi;challenge_answer_vi","lib/features/listening/presentation/lesson_practice_screen.dart;assets/data/listening_lessons.json"
"W. Water.","en-US","current","ready","assets/audio/CURRICULUM/5002d5c9ba88e3192eb5354d.en.v1.mp3","core_en","lib/features/listening/presentation/lesson_practice_screen.dart"
"W. Window.","en-US","current","ready","assets/audio/CURRICULUM/ce0beb552802ce4cb60e8411.en.v1.mp3","core_en","lib/features/listening/presentation/lesson_practice_screen.dart"
"Wake up at seven.","en-US","current","ready","assets/audio/CURRICULUM/aa0d02349a07dc856d9a4ea7.en.v1.mp3","core_en;challenge_answer_en","lib/features/listening/presentation/lesson_practice_screen.dart;lib/features/listening/presentation/lesson_challenge_screen.dart"
"Wake up hay Sleep?","vi-VN","audio_catalog_only","ready","assets/audio/CURRICULUM/642d1353557faca0dd8c2051.vi.v1.mp3","audio_not_traced","assets/data/curriculum_audio.json"
"Wake up!","en-US","current","ready","assets/audio/CURRICULUM/0e51a184886b194947bef35a.en.v1.mp3","core_en;challenge_answer_en","lib/features/listening/presentation/lesson_practice_screen.dart;lib/features/listening/presentation/lesson_challenge_screen.dart"
"Wake up.","en-US","current","ready","assets/audio/CURRICULUM/32d3b0c12c29520754e9191d.en.v1.mp3","core_en;challenge_answer_en","lib/features/listening/presentation/lesson_practice_screen.dart;lib/features/listening/presentation/lesson_challenge_screen.dart"
"Walk short distances.","en-US","current","ready","assets/audio/CURRICULUM/d0281948d156f2abd74e6203.en.v1.mp3","core_en;challenge_answer_en","lib/features/listening/presentation/lesson_practice_screen.dart;lib/features/listening/presentation/lesson_challenge_screen.dart"
"Walk there.","en-US","current","ready","assets/audio/CURRICULUM/7645af1bd0b674d5f6cc968f.en.v1.mp3","core_en;challenge_answer_en","lib/features/listening/presentation/lesson_practice_screen.dart;lib/features/listening/presentation/lesson_challenge_screen.dart"
"Walk.","en-US","current","ready","assets/audio/CURRICULUM/f42e68b882df77746f640eea.en.v1.mp3","core_en;challenge_answer_en","lib/features/listening/presentation/lesson_practice_screen.dart;lib/features/listening/presentation/lesson_challenge_screen.dart"
"Walking is cheaper.","en-US","current","ready","assets/audio/CURRICULUM/1cc4ea96ede0c110f1bbdeb8.en.v1.mp3","core_en;challenge_answer_en","lib/features/listening/presentation/lesson_practice_screen.dart;lib/features/listening/presentation/lesson_challenge_screen.dart"
"Wash your face.","en-US","current","ready","assets/audio/CURRICULUM/bda99d988c66eaab7b8a2137.en.v1.mp3","core_en;challenge_answer_en","lib/features/listening/presentation/lesson_practice_screen.dart;lib/features/listening/presentation/lesson_challenge_screen.dart"
"Wash your hands.","en-US","current","ready","assets/audio/CURRICULUM/f6a01e339d1716b2ff958696.en.v1.mp3","core_en;challenge_answer_en","lib/features/listening/presentation/lesson_practice_screen.dart;lib/features/listening/presentation/lesson_challenge_screen.dart"
"Watch cartoons.","en-US","current","ready","assets/audio/CURRICULUM/ee53f64f1e131b37a5df7f77.en.v1.mp3","core_en;challenge_answer_en","lib/features/listening/presentation/lesson_practice_screen.dart;lib/features/listening/presentation/lesson_challenge_screen.dart"
"Watch videos.","en-US","current","ready","assets/audio/CURRICULUM/036ce6f889d0996cfefc9566.en.v1.mp3","core_en;challenge_answer_en","lib/features/listening/presentation/lesson_practice_screen.dart;lib/features/listening/presentation/lesson_challenge_screen.dart"
"Watched TV.","en-US","current","ready","assets/audio/CURRICULUM/c2f46a19ebc7644480b99d34.en.v1.mp3","core_en;challenge_answer_en","lib/features/listening/presentation/lesson_practice_screen.dart;lib/features/listening/presentation/lesson_challenge_screen.dart"
"Water, please.","en-US","current","ready","assets/audio/CURRICULUM/8ccc394a7bbf42adbde35d83.en.v1.mp3","core_en;challenge_answer_en","lib/features/listening/presentation/lesson_practice_screen.dart;lib/features/listening/presentation/lesson_challenge_screen.dart"
"Water.","en-US","current","ready","assets/audio/CURRICULUM/0dda9b4ba4695a8fc285fc73.en.v1.mp3","challenge_answer_en;core_en","lib/features/listening/presentation/lesson_challenge_screen.dart;lib/features/listening/presentation/lesson_practice_screen.dart"
"Wear a jacket.","en-US","current","ready","assets/audio/CURRICULUM/99d485b6f76bce4457473304.en.v1.mp3","core_en;challenge_answer_en","lib/features/listening/presentation/lesson_practice_screen.dart;lib/features/listening/presentation/lesson_challenge_screen.dart"
"What do you think?","en-US","current","ready","assets/audio/CURRICULUM/20d4f7acb011625360ba9c05.en.v1.mp3","core_en;challenge_answer_en","lib/features/listening/presentation/lesson_practice_screen.dart;lib/features/listening/presentation/lesson_challenge_screen.dart"
"What should I do?","en-US","current","ready","assets/audio/CURRICULUM/61526a42886e8fa8c5327218.en.v1.mp3","core_en;challenge_answer_en","lib/features/listening/presentation/lesson_practice_screen.dart;lib/features/listening/presentation/lesson_challenge_screen.dart"
"What time does it leave?","en-US","current","ready","assets/audio/CURRICULUM/3f8b65db9cd382f201a9197d.en.v1.mp3","core_en;challenge_answer_en","lib/features/listening/presentation/lesson_practice_screen.dart;lib/features/listening/presentation/lesson_challenge_screen.dart"
"What's your next step?","en-US","current","ready","assets/audio/CURRICULUM/38f6f5384c363365c24947c2.en.v1.mp3","core_en;challenge_answer_en","lib/features/listening/presentation/lesson_practice_screen.dart;lib/features/listening/presentation/lesson_challenge_screen.dart"
"Where's the exit?","en-US","current","ready","assets/audio/CURRICULUM/d4136225b5418d940cc3b014.en.v1.mp3","core_en;challenge_answer_en","lib/features/listening/presentation/lesson_practice_screen.dart;lib/features/listening/presentation/lesson_challenge_screen.dart"
"Where's the library?","en-US","current","ready","assets/audio/CURRICULUM/15d330877af0fa68c7bb1f71.en.v1.mp3","core_en;challenge_answer_en","lib/features/listening/presentation/lesson_practice_screen.dart;lib/features/listening/presentation/lesson_challenge_screen.dart"
"Which is cheaper?","en-US","current","ready","assets/audio/CURRICULUM/94753ff7002b71d4a5d66b2c.en.v1.mp3","core_en;challenge_answer_en","lib/features/listening/presentation/lesson_practice_screen.dart;lib/features/listening/presentation/lesson_challenge_screen.dart"
"Which is faster?","en-US","current","ready","assets/audio/CURRICULUM/f0254880b79093c8e4689b7a.en.v1.mp3","core_en;challenge_answer_en","lib/features/listening/presentation/lesson_practice_screen.dart;lib/features/listening/presentation/lesson_challenge_screen.dart"
"Which one do you prefer?","en-US","current","ready","assets/audio/CURRICULUM/a46377dce2e88c27d784dda7.en.v1.mp3","core_en;challenge_answer_en","lib/features/listening/presentation/lesson_practice_screen.dart;lib/features/listening/presentation/lesson_challenge_screen.dart"
"Which platform?","en-US","current","ready","assets/audio/CURRICULUM/52513a8259fc6f1fff6423d1.en.v1.mp3","core_en;challenge_answer_en","lib/features/listening/presentation/lesson_practice_screen.dart;lib/features/listening/presentation/lesson_challenge_screen.dart"
"White.","en-US","current","ready","assets/audio/CURRICULUM/a6be7d0ad6031d0eff096d2f.en.v1.mp3","core_en;challenge_answer_en","lib/features/listening/presentation/lesson_practice_screen.dart;lib/features/listening/presentation/lesson_challenge_screen.dart"
"Why?","en-US","current","ready","assets/audio/CURRICULUM/50bba5e97cc21ef6c2c59a73.en.v1.mp3","core_en;challenge_answer_en","lib/features/listening/presentation/lesson_practice_screen.dart;lib/features/listening/presentation/lesson_challenge_screen.dart"
"Window.","en-US","current","ready","assets/audio/CURRICULUM/5806e9ffa8cca561cd5c29de.en.v1.mp3","challenge_answer_en","lib/features/listening/presentation/lesson_challenge_screen.dart"
"Windy today hay Hot today?","vi-VN","current","ready","assets/audio/CURRICULUM/e54075280d55c172967d5c3e.vi.v1.mp3","challenge_question","lib/features/listening/presentation/lesson_challenge_screen.dart"
"Windy today.","en-US","current","ready","assets/audio/CURRICULUM/9d318964065e1d32fce7b457.en.v1.mp3","core_en;challenge_answer_en","lib/features/listening/presentation/lesson_practice_screen.dart;lib/features/listening/presentation/lesson_challenge_screen.dart"
"Work in teams.","en-US","current","ready","assets/audio/CURRICULUM/02a42ded27ba59d74abecb08.en.v1.mp3","core_en;challenge_answer_en","lib/features/listening/presentation/lesson_practice_screen.dart;lib/features/listening/presentation/lesson_challenge_screen.dart"
"X-ray.","en-US","current","ready","assets/audio/CURRICULUM/4581b8a103f1b68b9308ba14.en.v1.mp3","challenge_answer_en","lib/features/listening/presentation/lesson_challenge_screen.dart"
"X. X-ray.","en-US","current","ready","assets/audio/CURRICULUM/257d16a67afb2b45f295d4f6.en.v1.mp3","core_en","lib/features/listening/presentation/lesson_practice_screen.dart"
"Xanh dương: Blue hay Yellow?","vi-VN","audio_catalog_only","ready","assets/audio/CURRICULUM/d5c7f774844b3443f2eb2445.vi.v1.mp3","audio_not_traced","assets/data/curriculum_audio.json"
"Xanh dương: Yellow hay Blue?","vi-VN","current","ready","assets/audio/CURRICULUM/337ea486958ded422198415c.vi.v1.mp3","challenge_question","lib/features/listening/presentation/lesson_challenge_screen.dart"
"Xanh dương.","vi-VN","current;catalog_only","ready","assets/audio/CURRICULUM/e0c2b444d6a20245af91ba52.vi.v1.mp3","core_vi;challenge_answer_vi","lib/features/listening/presentation/lesson_practice_screen.dart;assets/data/listening_lessons.json"
"Xanh lá: Black hay Green?","vi-VN","current","ready","assets/audio/CURRICULUM/d7e541474061f070bba9b456.vi.v1.mp3","challenge_question","lib/features/listening/presentation/lesson_challenge_screen.dart"
"Xanh lá.","vi-VN","current;catalog_only","ready","assets/audio/CURRICULUM/695719ca0634677a56d6bbbb.vi.v1.mp3","core_vi;challenge_answer_vi","lib/features/listening/presentation/lesson_practice_screen.dart;assets/data/listening_lessons.json"
"Xe buýt nhanh hơn: The bus is faster hay Walking is cheaper?","vi-VN","audio_catalog_only","ready","assets/audio/CURRICULUM/9cdbb9774ef919938d56aed2.vi.v1.mp3","audio_not_traced","assets/data/curriculum_audio.json"
"Xe buýt nhanh hơn.","vi-VN","current;catalog_only","ready","assets/audio/CURRICULUM/26bd5a8271f1e5f5ded1ca0d.vi.v1.mp3","core_vi;challenge_answer_vi","lib/features/listening/presentation/lesson_practice_screen.dart;assets/data/listening_lessons.json"
"Xe buýt: Bus hay Bike?","vi-VN","audio_catalog_only","ready","assets/audio/CURRICULUM/1c1ce1456ae24fb2a73a7f2b.vi.v1.mp3","audio_not_traced","assets/data/curriculum_audio.json"
"Xe buýt.","vi-VN","current;catalog_only","ready","assets/audio/CURRICULUM/4fa4ba8af6c874f309f340e3.vi.v1.mp3","core_vi;challenge_answer_vi","lib/features/listening/presentation/lesson_practice_screen.dart;assets/data/listening_lessons.json"
"Xe đạp: Bike hay Cartoons?","vi-VN","audio_catalog_only","ready","assets/audio/CURRICULUM/68053dfaafc2366ffc6d3fbc.vi.v1.mp3","audio_not_traced","assets/data/curriculum_audio.json"
"Xe đạp: Cartoons hay Bike?","vi-VN","current","ready","assets/audio/CURRICULUM/6e7576c331901b5373f15b31.vi.v1.mp3","challenge_question","lib/features/listening/presentation/lesson_challenge_screen.dart"
"Xe đạp: Taxi hay Bike?","vi-VN","audio_catalog_only","ready","assets/audio/CURRICULUM/eee08a6aa72f9e4bad8beee5.vi.v1.mp3","audio_not_traced","assets/data/curriculum_audio.json"
"Xe đạp.","vi-VN","current;catalog_only","ready","assets/audio/CURRICULUM/6d2bb0b73b34c3fecbc9e0ef.vi.v1.mp3","core_vi;challenge_answer_vi","lib/features/listening/presentation/lesson_practice_screen.dart;assets/data/listening_lessons.json"
"Xe van: Van hay Water?","vi-VN","current","ready","assets/audio/CURRICULUM/16e68d2aedb1df9cad348b04.vi.v1.mp3","challenge_question","lib/features/listening/presentation/lesson_challenge_screen.dart"
"Xe van.","vi-VN","current;catalog_only","ready","assets/audio/CURRICULUM/b4f5597f0f0e532648c6b8b6.vi.v1.mp3","core_vi;challenge_answer_vi","lib/features/listening/presentation/lesson_practice_screen.dart;assets/data/listening_lessons.json"
"Xem hoạt hình: Watch cartoons hay Read books?","vi-VN","current","ready","assets/audio/CURRICULUM/fa0fffc975aac1222ce70ae6.vi.v1.mp3","challenge_question","lib/features/listening/presentation/lesson_challenge_screen.dart"
"Xem hoạt hình.","vi-VN","current;catalog_only","ready","assets/audio/CURRICULUM/7390ace064870821814dc114.vi.v1.mp3","core_vi;challenge_answer_vi","lib/features/listening/presentation/lesson_practice_screen.dart;assets/data/listening_lessons.json"
"Xem lại ghi chú: Practice speaking daily hay Review my notes?","vi-VN","current","ready","assets/audio/CURRICULUM/09dda510b308678f1e8a20a9.vi.v1.mp3","challenge_question","lib/features/listening/presentation/lesson_challenge_screen.dart"
"Xem lại ghi chú: Review notes hay Make a plan?","vi-VN","audio_catalog_only","ready","assets/audio/CURRICULUM/6a5159c64c76804dcab7a0a6.vi.v1.mp3","audio_not_traced","assets/data/curriculum_audio.json"
"Xem lại ghi chú.","vi-VN","current;catalog_only","ready","assets/audio/CURRICULUM/f6ae43453f43941f04ad5c0e.vi.v1.mp3","core_vi;challenge_answer_vi","lib/features/listening/presentation/lesson_practice_screen.dart;assets/data/listening_lessons.json"
"Xem phim: See a movie hay Eat ice cream?","vi-VN","current","ready","assets/audio/CURRICULUM/88745d067bffc167f969b386.vi.v1.mp3","challenge_question","lib/features/listening/presentation/lesson_challenge_screen.dart"
"Xem phim.","vi-VN","current;catalog_only","ready","assets/audio/CURRICULUM/148a10e86fadb09af4aea869.vi.v1.mp3","core_vi;challenge_answer_vi","lib/features/listening/presentation/lesson_practice_screen.dart;assets/data/listening_lessons.json"
"Xem video: Do homework hay Watch videos?","vi-VN","current","ready","assets/audio/CURRICULUM/9ecc38b8df4bfe96a79e0fdd.vi.v1.mp3","challenge_question","lib/features/listening/presentation/lesson_challenge_screen.dart"
"Xem video.","vi-VN","current;catalog_only","ready","assets/audio/CURRICULUM/067db5c410ecda145ee9c3fd.vi.v1.mp3","core_vi;challenge_answer_vi","lib/features/listening/presentation/lesson_practice_screen.dart;assets/data/listening_lessons.json"
"Xin lỗi, mình bận: Sorry, I'm busy hay Maybe another time?","vi-VN","audio_catalog_only","ready","assets/audio/CURRICULUM/0cf96d216307b8c5e75af4dd.vi.v1.mp3","audio_not_traced","assets/data/curriculum_audio.json"
"Xin lỗi, mình bận.","vi-VN","current;catalog_only","ready","assets/audio/CURRICULUM/d10d1837d646d59cf097c3cf.vi.v1.mp3","core_vi;challenge_answer_vi","lib/features/listening/presentation/lesson_practice_screen.dart;assets/data/listening_lessons.json"
"Xin lỗi: Excuse me hay Where's the library?","vi-VN","audio_catalog_only","ready","assets/audio/CURRICULUM/6653048d1c00f917632b0140.vi.v1.mp3","audio_not_traced","assets/data/curriculum_audio.json"
"Xin lỗi.","vi-VN","current;catalog_only","ready","assets/audio/CURRICULUM/aac9e16e4183912cbbb24e61.vi.v1.mp3","core_vi;challenge_answer_vi","lib/features/listening/presentation/lesson_practice_screen.dart;assets/data/listening_lessons.json"
"Xin nhận xét: Check my progress hay Ask for feedback?","vi-VN","current","ready","assets/audio/CURRICULUM/bcfd4e6fdbd38774f445d674.vi.v1.mp3","challenge_question","lib/features/listening/presentation/lesson_challenge_screen.dart"
"Xin nhận xét.","vi-VN","current;catalog_only","ready","assets/audio/CURRICULUM/4227a7eb635f97aa7b0f23fb.vi.v1.mp3","core_vi;challenge_answer_vi","lib/features/listening/presentation/lesson_practice_screen.dart;assets/data/listening_lessons.json"
"Xong rồi. Mình thử lại Nhiệm vụ cuối Level nhé.","vi-VN","audio_catalog_only","ready","assets/audio/CURRICULUM/ad80daee847248f9361d1c86.vi.v1.mp3","audio_not_traced","assets/data/curriculum_audio.json"
"Y. Yo-yo.","en-US","current","ready","assets/audio/CURRICULUM/6554305bdf02c4a019c29845.en.v1.mp3","core_en","lib/features/listening/presentation/lesson_practice_screen.dart"
"Y. Yogurt.","en-US","current","ready","assets/audio/CURRICULUM/43dae3d63d23e9e4bf288e01.en.v1.mp3","core_en","lib/features/listening/presentation/lesson_practice_screen.dart"
"Yellow cup.","en-US","current","ready","assets/audio/CURRICULUM/829b14c22392886492cb87bb.en.v1.mp3","core_en;challenge_answer_en","lib/features/listening/presentation/lesson_practice_screen.dart;lib/features/listening/presentation/lesson_challenge_screen.dart"
"Yellow.","en-US","current","ready","assets/audio/CURRICULUM/1c987d566981c0f8ec8a154a.en.v1.mp3","core_en;challenge_answer_en","lib/features/listening/presentation/lesson_practice_screen.dart;lib/features/listening/presentation/lesson_challenge_screen.dart"
"Yes, come in.","en-US","current","ready","assets/audio/CURRICULUM/5d1632f298d21eae916fedf8.en.v1.mp3","core_en;challenge_answer_en","lib/features/listening/presentation/lesson_practice_screen.dart;lib/features/listening/presentation/lesson_challenge_screen.dart"
"Yes, I do.","en-US","current","ready","assets/audio/CURRICULUM/b16d02d26ff701e9cdc3af71.en.v1.mp3","core_en;challenge_answer_en","lib/features/listening/presentation/lesson_practice_screen.dart;lib/features/listening/presentation/lesson_challenge_screen.dart"
"Yes, let's play.","en-US","current","ready","assets/audio/CURRICULUM/1eb90c3bdd6095d94d37451a.en.v1.mp3","core_en;challenge_answer_en","lib/features/listening/presentation/lesson_practice_screen.dart;lib/features/listening/presentation/lesson_challenge_screen.dart"
"Yes, please.","en-US","current","ready","assets/audio/CURRICULUM/7795756e91c5f0649beea9ce.en.v1.mp3","core_en;challenge_answer_en","lib/features/listening/presentation/lesson_practice_screen.dart;lib/features/listening/presentation/lesson_challenge_screen.dart"
"Yo-yo.","en-US","current","ready","assets/audio/CURRICULUM/572e84cb0906b36aab620ee9.en.v1.mp3","challenge_answer_en","lib/features/listening/presentation/lesson_challenge_screen.dart"
"Yogurt.","en-US","current","ready","assets/audio/CURRICULUM/f16969c222fc6243f4c857ac.en.v1.mp3","challenge_answer_en","lib/features/listening/presentation/lesson_challenge_screen.dart"
"You should drink water.","en-US","current","ready","assets/audio/CURRICULUM/e065377a46ad66254f71061e.en.v1.mp3","core_en;challenge_answer_en","lib/features/listening/presentation/lesson_practice_screen.dart;lib/features/listening/presentation/lesson_challenge_screen.dart"
"You should eat breakfast.","en-US","current","ready","assets/audio/CURRICULUM/9ae5423696cc4e64fcb015ae.en.v1.mp3","core_en;challenge_answer_en","lib/features/listening/presentation/lesson_practice_screen.dart;lib/features/listening/presentation/lesson_challenge_screen.dart"
"You should exercise daily.","en-US","current","ready","assets/audio/CURRICULUM/1d0327e7bedb6d36868b2a96.en.v1.mp3","core_en;challenge_answer_en","lib/features/listening/presentation/lesson_practice_screen.dart;lib/features/listening/presentation/lesson_challenge_screen.dart"
"You should sleep early.","en-US","current","ready","assets/audio/CURRICULUM/5cb3c89b634ca7f0b3735624.en.v1.mp3","core_en;challenge_answer_en","lib/features/listening/presentation/lesson_practice_screen.dart;lib/features/listening/presentation/lesson_challenge_screen.dart"
"You should take breaks.","en-US","current","ready","assets/audio/CURRICULUM/599455cf105595461291efa1.en.v1.mp3","core_en;challenge_answer_en","lib/features/listening/presentation/lesson_practice_screen.dart;lib/features/listening/presentation/lesson_challenge_screen.dart"
"Your turn.","en-US","current","ready","assets/audio/CURRICULUM/ad5d4b0a5c836bc63d240a44.en.v1.mp3","core_en;challenge_answer_en","lib/features/listening/presentation/lesson_practice_screen.dart;lib/features/listening/presentation/lesson_challenge_screen.dart"
"Z. Zebra.","en-US","current","ready","assets/audio/CURRICULUM/38a622c8a7d4f2d273eeec4e.en.v1.mp3","core_en","lib/features/listening/presentation/lesson_practice_screen.dart"
"Z. Zoo.","en-US","current","ready","assets/audio/CURRICULUM/7ae3860c636827676537b797.en.v1.mp3","core_en","lib/features/listening/presentation/lesson_practice_screen.dart"
"Zebra.","en-US","current","ready","assets/audio/CURRICULUM/f20c9fcd1c35bbae56d25928.en.v1.mp3","challenge_answer_en","lib/features/listening/presentation/lesson_challenge_screen.dart"
"Zoo.","en-US","current","ready","assets/audio/CURRICULUM/04b4a88a3e4e6765a8204de1.en.v1.mp3","challenge_answer_en","lib/features/listening/presentation/lesson_challenge_screen.dart"
