Resolving dependencies...
Downloading packages...
  archive 4.0.9 (4.3.0 available)
  cli_util 0.4.2 (0.6.0 available)
  clock 1.1.2 (1.1.3 available)
  code_assets 1.2.1 (2.0.0 available)
  hooks 2.0.2 (2.2.0 available)
  image 4.9.1 (4.10.1 available)
  jni 1.0.0 (1.0.3 available)
  jni_flutter 1.0.1 (1.0.3 available)
  local_auth_android 2.0.9 (2.0.10 available)
  local_auth_darwin 2.0.3 (2.0.4 available)
  local_auth_windows 2.0.1 (2.0.2 available)
  matcher 0.12.19 (0.12.20 available)
  material_color_utilities 0.13.0 (0.13.1 available)
  meta 1.18.0 (1.19.0 available)
  objective_c 9.4.1 (9.6.0 available)
  package_config 2.2.0 (3.0.0 available)
  platform 3.1.6 (3.2.0 available)
  posix 6.5.0 (6.5.2 available)
  pub_semver 2.2.0 (2.2.1 available)
  record_android 2.1.2 (2.2.0 available)
  record_use 0.6.0 (1.1.1 available)
  record_web 2.1.1 (2.1.3 available)
  record_windows 2.2.2 (2.3.0 available)
  shared_preferences_android 2.4.27 (2.4.28 available)
  shared_preferences_foundation 2.5.6 (2.5.7 available)
  stack_trace 1.12.1 (1.12.2 available)
  synchronized 3.4.1 (3.4.2 available)
  test_api 0.7.11 (0.7.14 available)
  url_launcher_android 6.3.32 (6.3.33 available)
  url_launcher_ios 6.4.1 (6.4.2 available)
  url_launcher_linux 3.2.2 (3.2.3 available)
  url_launcher_macos 3.2.5 (3.2.6 available)
  url_launcher_windows 3.1.5 (3.1.6 available)
  vector_math 2.2.0 (2.4.2 available)
  vm_service 15.2.0 (15.3.0 available)
  win32 6.3.0 (6.4.0 available)
  yaml 3.1.3 (3.1.4 available)
Got dependencies!
37 packages have newer versions incompatible with dependency constraints.
Try `flutter pub outdated` for more information.
00:00 +0: loading D:/Documents/ai-speaking-flutter-app/test/features/voice_navigation/active_learning_command_resolver_test.dart
00:00 +0: D:/Documents/ai-speaking-flutter-app/test/features/voice_navigation/active_learning_command_resolver_test.dart: maps Vietnamese active lesson commands deterministically
00:00 +1: D:/Documents/ai-speaking-flutter-app/test/features/voice_navigation/active_learning_command_resolver_test.dart: does not treat lesson content as a control command
00:00 +2: D:/Documents/ai-speaking-flutter-app/test/features/voice_navigation/active_learning_command_resolver_test.dart: maps skip to next item only inside Vocabulary
00:00 +3: D:/Documents/ai-speaking-flutter-app/test/features/voice_navigation/controlled_speech_lexicon_test.dart: contains the approved HOMI fallback expansion of the controlled grammar
00:00 +4: D:/Documents/ai-speaking-flutter-app/test/features/voice_navigation/controlled_speech_lexicon_test.dart: every controlled phrase resolves to its declared intent
00:00 +5: D:/Documents/ai-speaking-flutter-app/test/features/voice_navigation/controlled_speech_lexicon_test.dart: routes duplicated phrases by the current state
00:00 +6: D:/Documents/ai-speaking-flutter-app/test/features/voice_navigation/controlled_speech_lexicon_test.dart: normalizes Vietnamese accents, punctuation and whitespace
00:00 +7: D:/Documents/ai-speaking-flutter-app/test/features/voice_navigation/controlled_speech_lexicon_test.dart: global stop wins across N-best candidates and every state
00:00 +8: D:/Documents/ai-speaking-flutter-app/test/features/voice_navigation/controlled_speech_lexicon_test.dart: does not guess from an uncontrolled sentence
00:00 +9: D:/Documents/ai-speaking-flutter-app/test/features/voice_navigation/homi_fallback_catalog_test.dart: HomiFallbackCatalog preserves the approved catalog counts and structurally valid records
00:00 +10: D:/Documents/ai-speaking-flutter-app/test/features/voice_navigation/homi_fallback_catalog_test.dart: HomiFallbackCatalog keeps colliding commands explicit for state-aware callers
00:00 +11: D:/Documents/ai-speaking-flutter-app/test/features/voice_navigation/homi_fallback_catalog_test.dart: HomiFallbackCatalog recognizes representative controlled-command fallback variants
00:00 +12: D:/Documents/ai-speaking-flutter-app/test/features/voice_navigation/homi_fallback_catalog_test.dart: HomiFallbackCatalog provides main-assistant yes, no, and number choices safely
00:00 +13: D:/Documents/ai-speaking-flutter-app/test/features/voice_navigation/homi_fallback_catalog_test.dart: HomiFallbackCatalog keeps continuous translation requests out of one-shot translation
00:00 +14: D:/Documents/ai-speaking-flutter-app/test/features/voice_navigation/homi_fallback_catalog_test.dart: HomiFallbackCatalog accepts approved HOMI wake-word variants but not incidental mentions
00:00 +15: D:/Documents/ai-speaking-flutter-app/test/features/voice_navigation/main_assistant_session_test.dart: rejects MAIN while conversation owns audio outside learning
00:00 +16: D:/Documents/ai-speaking-flutter-app/test/features/voice_navigation/main_assistant_session_test.dart: pauses learning before activating MAIN with typed context
00:00 +17: D:/Documents/ai-speaking-flutter-app/test/features/voice_navigation/main_assistant_session_test.dart: failed MAIN activation resumes the interrupted learning module
00:00 +18: D:/Documents/ai-speaking-flutter-app/test/features/voice_navigation/main_assistant_session_test.dart: serializes repeated MAIN activation attempts
00:01 +19: D:/Documents/ai-speaking-flutter-app/test/features/voice_navigation/main_speaking_command_resolver_test.dart: detects requests to learn something else
00:01 +20: D:/Documents/ai-speaking-flutter-app/test/features/voice_navigation/main_speaking_command_resolver_test.dart: only the exact approved stop exits continuous translation
00:01 +21: D:/Documents/ai-speaking-flutter-app/test/features/voice_navigation/main_speaking_command_resolver_test.dart: keeps unapproved non-translation stop requests out of this flow
00:01 +22: D:/Documents/ai-speaking-flutter-app/test/features/voice_navigation/main_speaking_command_resolver_test.dart: keeps ordinary speaking sentences in the translation flow
00:01 +23: D:/Documents/ai-speaking-flutter-app/test/features/voice_navigation/main_speaking_fallback_flow_test.dart: leave translation hands the choice to navigation immediately
00:01 +24: D:/Documents/ai-speaking-flutter-app/test/features/voice_navigation/main_speaking_fallback_flow_test.dart: only exact Dừng lại exits, other stop phrases remain translation content
00:01 +25: D:/Documents/ai-speaking-flutter-app/test/features/voice_navigation/main_speaking_fallback_flow_test.dart: help repeats translation guidance without switching module
00:01 +26: D:/Documents/ai-speaking-flutter-app/test/features/voice_navigation/main_speaking_session_controller_test.dart: exits speaking mode after ten seconds of waiting for Main
00:01 +27: D:/Documents/ai-speaking-flutter-app/test/features/voice_navigation/main_speaking_session_controller_test.dart: suspends idle timeout while a speaking turn is active
00:02 +28: D:/Documents/ai-speaking-flutter-app/test/features/voice_navigation/main_speaking_session_controller_test.dart: repeated synchronization does not extend the ready timeout
00:02 +29: D:/Documents/ai-speaking-flutter-app/test/features/voice_navigation/main_speaking_session_controller_test.dart: retries the first silent turn and exits after the second
00:02 +30: D:/Documents/ai-speaking-flutter-app/test/features/voice_navigation/main_speaking_session_controller_test.dart: a successful turn resets the consecutive silence count
00:02 +31: D:/Documents/ai-speaking-flutter-app/test/features/voice_navigation/main_speaking_session_controller_test.dart: physical MAIN cancels translation before opening the assistant
00:02 +32: D:/Documents/ai-speaking-flutter-app/test/features/voice_navigation/main_speaking_session_controller_test.dart: does not open assistant until current capture is cancelled
00:02 +33: D:/Documents/ai-speaking-flutter-app/test/features/voice_navigation/main_speaking_session_controller_test.dart: MAIN interrupts recording, processing, and playback states
00:02 +34: D:/Documents/ai-speaking-flutter-app/test/features/voice_navigation/main_voice_assistant_flow_test.dart: fast path accepts unambiguous fallback phrases but defers broad input
00:02 +35: D:/Documents/ai-speaking-flutter-app/test/features/voice_navigation/main_voice_assistant_flow_test.dart: chooses continuous translation after the Main menu
00:02 +36: D:/Documents/ai-speaking-flutter-app/test/features/voice_navigation/main_voice_assistant_flow_test.dart: accepts short child-friendly continuous speaking choices
00:02 +37: D:/Documents/ai-speaking-flutter-app/test/features/voice_navigation/main_voice_assistant_flow_test.dart: opens continuous translation directly from the Main choice
00:02 +38: D:/Documents/ai-speaking-flutter-app/test/features/voice_navigation/main_voice_assistant_flow_test.dart: after translation stop offers topic, vocabulary, or stop
00:02 +39: D:/Documents/ai-speaking-flutter-app/test/features/voice_navigation/main_voice_assistant_flow_test.dart: offers all three top-level choices from Main
00:02 +40: D:/Documents/ai-speaking-flutter-app/test/features/voice_navigation/main_voice_assistant_flow_test.dart: learned parent words hand off to the shared vocabulary flow
00:02 +41: D:/Documents/ai-speaking-flutter-app/test/features/voice_navigation/main_voice_assistant_flow_test.dart: accepts every D04 topic-learning synonym from Main
00:02 +42: D:/Documents/ai-speaking-flutter-app/test/features/voice_navigation/main_voice_assistant_flow_test.dart: accepts every D05 vocabulary-learning synonym from Main
00:02 +43: D:/Documents/ai-speaking-flutter-app/test/features/voice_navigation/main_voice_assistant_flow_test.dart: vocabulary content selection belongs to the destination screen
00:02 +44: D:/Documents/ai-speaking-flutter-app/test/features/voice_navigation/main_voice_assistant_flow_test.dart: moves to the next sentence in an active lesson
00:02 +45: D:/Documents/ai-speaking-flutter-app/test/features/voice_navigation/main_voice_assistant_flow_test.dart: active lesson prompt offers pause and leaving the lesson
00:02 +46: D:/Documents/ai-speaking-flutter-app/test/features/voice_navigation/main_voice_assistant_flow_test.dart: accepts a natural phrase containing next
00:02 +47: D:/Documents/ai-speaking-flutter-app/test/features/voice_navigation/main_voice_assistant_flow_test.dart: moves to the previous sentence in an active lesson
00:02 +48: D:/Documents/ai-speaking-flutter-app/test/features/voice_navigation/main_voice_assistant_flow_test.dart: maps every D07 and D08 command to the active lesson module
00:02 +49: D:/Documents/ai-speaking-flutter-app/test/features/voice_navigation/main_voice_assistant_flow_test.dart: routes the workbook phrase Học bài khác to the next lesson in an active course
00:02 +50: D:/Documents/ai-speaking-flutter-app/test/features/voice_navigation/main_voice_assistant_flow_test.dart: offers translation or vocabulary after leaving an active lesson
00:02 +51: D:/Documents/ai-speaking-flutter-app/test/features/voice_navigation/main_voice_assistant_flow_test.dart: can choose translation after leaving an active lesson
00:02 +52: D:/Documents/ai-speaking-flutter-app/test/features/voice_navigation/main_voice_assistant_flow_test.dart: missing profile age is handed to Topics without asking for spoken age
00:02 +53: D:/Documents/ai-speaking-flutter-app/test/features/voice_navigation/main_voice_assistant_flow_test.dart: uses the saved age and skips asking age for topic learning
00:02 +54: D:/Documents/ai-speaking-flutter-app/test/features/voice_navigation/main_voice_assistant_flow_test.dart: offers topics or vocabulary after leaving speaking practice
00:02 +55: D:/Documents/ai-speaking-flutter-app/test/features/voice_navigation/main_voice_assistant_flow_test.dart: understands Vietnamese number words and rejects out-of-range choices
00:02 +56: D:/Documents/ai-speaking-flutter-app/test/features/voice_navigation/main_voice_assistant_flow_test.dart: does not treat its own spoken prompts as child selections
00:02 +57: D:/Documents/ai-speaking-flutter-app/test/features/voice_navigation/main_voice_assistant_flow_test.dart: asks before reopening a completed topic after lesson completion
00:02 +58: D:/Documents/ai-speaking-flutter-app/test/features/voice_navigation/main_voice_assistant_flow_test.dart: uses Level-scoped topic selection and opens the mic-ready flow
00:02 +59: D:/Documents/ai-speaking-flutter-app/test/features/voice_navigation/main_voice_assistant_flow_test.dart: completed Course asks for a Level and opens that relearn branch
00:02 +60: D:/Documents/ai-speaking-flutter-app/test/features/voice_navigation/master_navigation_contract_test.dart: every literal MAIN sample hands off to the correct existing module
00:02 +61: D:/Documents/ai-speaking-flutter-app/test/features/voice_navigation/master_navigation_contract_test.dart: every literal MAIN sample hands off to the correct existing module
00:02 +62: D:/Documents/ai-speaking-flutter-app/test/features/voice_navigation/master_navigation_contract_test.dart: every literal MAIN sample hands off to the correct existing module
00:02 +63: D:/Documents/ai-speaking-flutter-app/test/features/voice_navigation/master_navigation_contract_test.dart: every literal MAIN sample hands off to the correct existing module
00:02 +64: D:/Documents/ai-speaking-flutter-app/test/features/voice_navigation/master_navigation_contract_test.dart: every literal MAIN sample hands off to the correct existing module
00:02 +65: D:/Documents/ai-speaking-flutter-app/test/features/voice_navigation/master_navigation_contract_test.dart: every literal MAIN sample hands off to the correct existing module
00:02 +66: D:/Documents/ai-speaking-flutter-app/test/features/voice_navigation/master_navigation_contract_test.dart: every literal MAIN sample hands off to the correct existing module
00:02 +67: D:/Documents/ai-speaking-flutter-app/test/features/voice_navigation/master_navigation_contract_test.dart: every literal MAIN sample hands off to the correct existing module
00:02 +68: D:/Documents/ai-speaking-flutter-app/test/features/voice_navigation/master_navigation_contract_test.dart: every literal MAIN sample hands off to the correct existing module
00:02 +69: D:/Documents/ai-speaking-flutter-app/test/features/voice_navigation/master_navigation_contract_test.dart: every literal MAIN sample hands off to the correct existing module
00:02 +70: D:/Documents/ai-speaking-flutter-app/test/features/voice_navigation/master_navigation_contract_test.dart: every literal MAIN sample hands off to the correct existing module
00:02 +71: D:/Documents/ai-speaking-flutter-app/test/features/voice_navigation/master_navigation_contract_test.dart: every literal MAIN sample hands off to the correct existing module
00:02 +72: D:/Documents/ai-speaking-flutter-app/test/features/voice_navigation/master_navigation_contract_test.dart: MAIN does not guess from an embedded destination or closed-choice answer
00:02 +73: D:/Documents/ai-speaking-flutter-app/test/features/voice_navigation/master_navigation_contract_test.dart: after stop and switch menus accept continue translation in their own state
00:02 +74: D:/Documents/ai-speaking-flutter-app/test/features/voice_navigation/master_navigation_contract_test.dart: numbers are scoped to the current menu and cannot come from free speech
00:02 +75: D:/Documents/ai-speaking-flutter-app/test/features/voice_navigation/master_navigation_contract_test.dart: paused choice retains its question and allowed topics for reactivation
00:02 +76: D:/Documents/ai-speaking-flutter-app/test/features/voice_navigation/master_navigation_contract_test.dart: vocabulary choices are closed and replay keeps its scope
00:02 +77: D:/Documents/ai-speaking-flutter-app/test/features/voice_navigation/master_navigation_contract_test.dart: unsupported activity commands cannot escape to generic grammar
00:02 +78: D:/Documents/ai-speaking-flutter-app/test/features/voice_navigation/master_navigation_contract_test.dart: active context supplies help and stop without touching study data
00:02 +79: D:/Documents/ai-speaking-flutter-app/test/features/voice_navigation/master_navigation_contract_test.dart: FINAL T09 repairs ambiguous lesson continuation and rejects locked numbers
00:02 +80: D:/Documents/ai-speaking-flutter-app/test/features/voice_navigation/voice_navigation_controller_test.dart: MAIN-only configuration never starts or acknowledges voice wake
00:02 +81: D:/Documents/ai-speaking-flutter-app/test/features/voice_navigation/voice_navigation_controller_test.dart: two silent active-module windows dispatch STOP rather than resume
00:02 +82: D:/Documents/ai-speaking-flutter-app/test/features/voice_navigation/voice_navigation_controller_test.dart: silent topic selection resumes the same Level when MAIN is pressed again
00:02 +83: D:/Documents/ai-speaking-flutter-app/test/features/voice_navigation/voice_navigation_controller_test.dart: silent topic selection resumes the same Level when MAIN is pressed again
00:02 +84: D:/Documents/ai-speaking-flutter-app/test/features/voice_navigation/voice_navigation_controller_test.dart: silent topic selection resumes the same Level when MAIN is pressed again
00:02 +85: D:/Documents/ai-speaking-flutter-app/test/features/voice_navigation/voice_navigation_controller_test.dart: silent topic selection resumes the same Level when MAIN is pressed again
00:02 +86: D:/Documents/ai-speaking-flutter-app/test/features/voice_navigation/voice_navigation_controller_test.dart: silent topic selection resumes the same Level when MAIN is pressed again
00:02 +87: D:/Documents/ai-speaking-flutter-app/test/features/voice_navigation/voice_navigation_intent_resolver_test.dart: VoiceNavigationIntentResolver recognizes a direct topic lesson command
00:02 +88: D:/Documents/ai-speaking-flutter-app/test/features/voice_navigation/voice_navigation_controller_test.dart: navigation transcript is handled without entering conversation
00:02 +89: D:/Documents/ai-speaking-flutter-app/test/features/voice_navigation/voice_navigation_controller_test.dart: navigation transcript is handled without entering conversation
00:03 +90: D:/Documents/ai-speaking-flutter-app/test/features/voice_navigation/voice_navigation_intent_resolver_test.dart: VoiceNavigationIntentResolver routes an approved workbook phrase in a longer utterance
00:03 +91: D:/Documents/ai-speaking-flutter-app/test/features/voice_navigation/voice_navigation_controller_test.dart: Main button speaks the menu then starts the speaking flow
00:03 +92: D:/Documents/ai-speaking-flutter-app/test/features/voice_navigation/voice_navigation_controller_test.dart: Main button speaks the menu then starts the speaking flow
00:03 +93: D:/Documents/ai-speaking-flutter-app/test/features/voice_navigation/voice_navigation_controller_test.dart: Main button speaks the menu then starts the speaking flow
00:03 +93: D:/Documents/ai-speaking-flutter-app/test/features/voice_navigation/web_batch_streaming_speech_input_test.dart: uploads Web MAIN audio while speaking and finalizes Batch
{"event":"main_cloud_batch_latency","audioStartMs":1,"uploadSessionReadyMs":1,"firstChunkMs":4,"speechDetectedMs":4,"captureStopMs":0,"batchFinalizeMs":3,"totalMs":10,"usedBluetoothInput":false}
00:03 +94: D:/Documents/ai-speaking-flutter-app/test/features/voice_navigation/voice_navigation_controller_test.dart: Main button speaks the menu then starts the speaking flow
00:03 +94: D:/Documents/ai-speaking-flutter-app/test/features/voice_navigation/web_batch_streaming_speech_input_test.dart: emits completed after speech followed by VAD silence
{"event":"main_cloud_batch_latency","audioStartMs":0,"uploadSessionReadyMs":0,"firstChunkMs":null,"speechDetectedMs":0,"captureStopMs":0,"batchFinalizeMs":0,"totalMs":17,"usedBluetoothInput":false}
00:03 +95: D:/Documents/ai-speaking-flutter-app/test/features/voice_navigation/voice_navigation_controller_test.dart: Main button speaks the menu then starts the speaking flow
00:03 +96: D:/Documents/ai-speaking-flutter-app/test/features/voice_navigation/voice_navigation_controller_test.dart: Main button speaks the menu then starts the speaking flow
00:03 +96: D:/Documents/ai-speaking-flutter-app/test/features/voice_navigation/web_batch_streaming_speech_input_test.dart: opens the native HFP route before iOS MAIN capture
{"event":"main_cloud_batch_latency","audioStartMs":0,"uploadSessionReadyMs":0,"firstChunkMs":null,"speechDetectedMs":0,"captureStopMs":0,"batchFinalizeMs":0,"totalMs":1,"usedBluetoothInput":false}
00:03 +97: D:/Documents/ai-speaking-flutter-app/test/features/voice_navigation/voice_navigation_controller_test.dart: Main button speaks the menu then starts the speaking flow
00:03 +97: D:/Documents/ai-speaking-flutter-app/test/features/voice_navigation/web_batch_streaming_speech_input_test.dart: uses the phone recorder when the iOS HFP route fails
HOMI Batch HFP route failed; falling back to phone mic: HFP route unavailable
00:03 +98: D:/Documents/ai-speaking-flutter-app/test/features/voice_navigation/voice_navigation_controller_test.dart: Main button speaks the menu then starts the speaking flow
00:03 +99: D:/Documents/ai-speaking-flutter-app/test/features/vocabulary/local_vocabulary_suggestion_provider_test.dart: creates adjective sentences locally without an AI provider
00:03 +100: D:/Documents/ai-speaking-flutter-app/test/features/voice_navigation/voice_navigation_controller_test.dart: MAIN handles an unambiguous fallback phrase from a stable partial
00:03 +101: D:/Documents/ai-speaking-flutter-app/test/features/vocabulary/local_vocabulary_suggestion_provider_test.dart: creates safe local alternatives for an arbitrary short sentence
00:03 +102: D:/Documents/ai-speaking-flutter-app/test/features/voice_navigation/voice_navigation_controller_test.dart: iOS MAIN prompts use the selected H20 media output
00:03 +103: D:/Documents/ai-speaking-flutter-app/test/features/vocabulary/local_vocabulary_suggestion_provider_test.dart: creates two deterministic alternatives for a phrase
00:03 +104: D:/Documents/ai-speaking-flutter-app/test/features/voice_navigation/voice_navigation_controller_test.dart: Android MAIN prompts use the selected H20 HFP output
00:03 +105: D:/Documents/ai-speaking-flutter-app/test/features/voice_navigation/voice_navigation_controller_test.dart: Main opens the microphone when the native ready cue never completes
00:03 +106: D:/Documents/ai-speaking-flutter-app/test/features/voice_navigation/voice_navigation_controller_test.dart: Main opens the microphone when the native ready cue never completes
00:03 +107: D:/Documents/ai-speaking-flutter-app/test/features/voice_navigation/voice_navigation_controller_test.dart: Main opens the microphone when the native ready cue never completes
00:03 +108: D:/Documents/ai-speaking-flutter-app/test/features/voice_navigation/voice_navigation_controller_test.dart: Main opens the microphone when the native ready cue never completes
00:04 +109: D:/Documents/ai-speaking-flutter-app/test/features/voice_navigation/voice_navigation_controller_test.dart: Main opens the microphone when the native ready cue never completes
00:04 +110: D:/Documents/ai-speaking-flutter-app/test/features/voice_navigation/voice_navigation_controller_test.dart: Main opens the microphone when the native ready cue never completes
00:04 +111: D:/Documents/ai-speaking-flutter-app/test/features/voice_navigation/voice_navigation_controller_test.dart: Main opens the microphone when the native ready cue never completes
00:04 +112: D:/Documents/ai-speaking-flutter-app/test/features/voice_navigation/voice_navigation_controller_test.dart: Main command window starts only after the microphone is ready
00:04 +113: D:/Documents/ai-speaking-flutter-app/test/features/voice_navigation/voice_navigation_controller_test.dart: Main command window starts only after the microphone is ready
00:04 +114: D:/Documents/ai-speaking-flutter-app/test/features/voice_navigation/voice_navigation_controller_test.dart: Main command window starts only after the microphone is ready
00:04 +115: D:/Documents/ai-speaking-flutter-app/test/features/voice_navigation/voice_navigation_controller_test.dart: Main command window starts only after the microphone is ready
00:04 +116: D:/Documents/ai-speaking-flutter-app/test/features/voice_navigation/voice_navigation_controller_test.dart: Main command window starts only after the microphone is ready
00:04 +117: D:/Documents/ai-speaking-flutter-app/test/features/voice_navigation/voice_navigation_controller_test.dart: Main command window starts only after the microphone is ready
00:04 +118: D:/Documents/ai-speaking-flutter-app/test/features/voice_navigation/voice_navigation_controller_test.dart: Main command window starts only after the microphone is ready
00:04 +119: D:/Documents/ai-speaking-flutter-app/test/features/vocabulary/vocabulary_fixed_prompt_audio_service_test.dart: resolves a shared FINAL state ID alias before TTS fallback
00:04 +120: D:/Documents/ai-speaking-flutter-app/test/features/voice_navigation/voice_navigation_controller_test.dart: Main prompt reopens the mic immediately after final recognition
00:04 +121: D:/Documents/ai-speaking-flutter-app/test/features/voice_navigation/voice_navigation_controller_test.dart: Main prompt reopens the mic immediately after final recognition
00:04 +122: D:/Documents/ai-speaking-flutter-app/test/features/voice_navigation/voice_navigation_controller_test.dart: HFP speech activity extends MAIN command window before transcript
00:04 +123: D:/Documents/ai-speaking-flutter-app/test/features/voice_navigation/voice_navigation_controller_test.dart: HFP speech activity extends MAIN command window before transcript
00:04 +124: D:/Documents/ai-speaking-flutter-app/test/features/voice_navigation/voice_navigation_controller_test.dart: HFP speech activity extends MAIN command window before transcript
00:04 +125: D:/Documents/ai-speaking-flutter-app/test/features/voice_navigation/voice_navigation_controller_test.dart: HFP speech activity extends MAIN command window before transcript
00:04 +126: D:/Documents/ai-speaking-flutter-app/test/features/voice_navigation/voice_navigation_controller_test.dart: HFP speech activity extends MAIN command window before transcript
00:04 +127: D:/Documents/ai-speaking-flutter-app/test/features/voice_navigation/voice_navigation_controller_test.dart: HFP speech activity extends MAIN command window before transcript
00:04 +128: D:/Documents/ai-speaking-flutter-app/test/features/voice_navigation/voice_navigation_controller_test.dart: Main exposes its first microphone start failure without retrying
00:05 +129: D:/Documents/ai-speaking-flutter-app/test/features/voice_navigation/voice_navigation_controller_test.dart: Main pauses its command deadline while a premature completion recovers
00:05 +130: D:/Documents/ai-speaking-flutter-app/test/features/voice_navigation/voice_navigation_controller_test.dart: Android MAIN recovers a transient recognizer timeout without showing a mic error
00:05 +131: D:/Documents/ai-speaking-flutter-app/test/features/voice_navigation/voice_navigation_controller_test.dart: repeated Android timeouts use the normal spoken no-speech retry
00:05 +132: D:/Documents/ai-speaking-flutter-app/test/features/voice_navigation/voice_navigation_controller_test.dart: Main stops automatic retries and exposes the microphone error
00:05 +133: D:/Documents/ai-speaking-flutter-app/test/features/voice_navigation/voice_navigation_controller_test.dart: Main activation never exposes a transient inactive session
00:05 +134: D:/Documents/ai-speaking-flutter-app/test/features/voice_navigation/voice_navigation_controller_test.dart: Main delegates missing profile age to the topic screen
00:05 +135: D:/Documents/ai-speaking-flutter-app/test/features/voice_navigation/voice_navigation_controller_test.dart: saved age lets MAIN open Level selection without the legacy total
00:05 +136: D:/Documents/ai-speaking-flutter-app/test/features/voice_navigation/voice_navigation_controller_test.dart: completed topic prompt continues through topic and lesson
00:05 +137: D:/Documents/ai-speaking-flutter-app/test/features/voice_navigation/voice_navigation_controller_test.dart: completed Course Level choice is handled by the MAIN microphone
00:05 +138: D:/Documents/ai-speaking-flutter-app/test/features/voice_navigation/voice_navigation_controller_test.dart: speaking command opens the other-learning voice menu
00:05 +139: D:/Documents/ai-speaking-flutter-app/test/features/voice_navigation/voice_navigation_controller_test.dart: translation STOP keeps both menus and mic closed until explicit MAIN
00:05 +140: D:/Documents/ai-speaking-flutter-app/test/features/voice_navigation/voice_navigation_controller_test.dart: Main opens today practice when parent vocabulary is pending
00:05 +141: D:/Documents/ai-speaking-flutter-app/test/features/voice_navigation/voice_navigation_controller_test.dart: active lesson Main next answer advances through the module bridge
00:05 +142: D:/Documents/ai-speaking-flutter-app/test/features/voice_navigation/voice_navigation_controller_test.dart: active lesson Main previous answer moves back through the module bridge
00:05 +143: D:/Documents/ai-speaking-flutter-app/test/features/voice_navigation/voice_navigation_controller_test.dart: active lesson Main dispatches the remaining D07 and D08 commands
00:05 +144: D:/Documents/ai-speaking-flutter-app/test/features/voice_navigation/voice_navigation_controller_test.dart: active lesson exit choice keeps listening then opens vocabulary
00:05 +145: D:/Documents/ai-speaking-flutter-app/test/features/voice_navigation/voice_navigation_controller_test.dart: MAIN finalizes buffered iOS transcript when its command window ends
00:05 +146: D:/Documents/ai-speaking-flutter-app/test/features/voice_navigation/voice_navigation_controller_test.dart: Main asks once after silence then exits on the second timeout
00:05 +147: D:/Documents/ai-speaking-flutter-app/test/features/voice_navigation/voice_navigation_controller_test.dart: vocabulary star branch uses its exact silence prompts
00:05 +148: D:/Documents/ai-speaking-flutter-app/test/features/voice_navigation/voice_navigation_controller_test.dart: pauses navigation recognizer before conversation can reuse it
00:05 +149: D:/Documents/ai-speaking-flutter-app/test/features/voice_navigation/voice_navigation_controller_test.dart: handles an explicit command from a stable partial result
00:05 +150: D:/Documents/ai-speaking-flutter-app/test/features/vocabulary/vocabulary_home_screen_test.dart: touch back changes UI immediately and cancels old audio queue
00:05 +151: D:/Documents/ai-speaking-flutter-app/test/features/vocabulary/vocabulary_home_screen_test.dart: touch back changes UI immediately and cancels old audio queue
00:05 +152: D:/Documents/ai-speaking-flutter-app/test/features/vocabulary/vocabulary_home_screen_test.dart: touch back changes UI immediately and cancels old audio queue
00:06 +153: D:/Documents/ai-speaking-flutter-app/test/features/vocabulary/vocabulary_home_screen_test.dart: touch back changes UI immediately and cancels old audio queue
00:06 +154: D:/Documents/ai-speaking-flutter-app/test/features/vocabulary/vocabulary_home_screen_test.dart: touch back changes UI immediately and cancels old audio queue
00:06 +155: D:/Documents/ai-speaking-flutter-app/test/features/vocabulary/vocabulary_home_screen_test.dart: touch back changes UI immediately and cancels old audio queue
00:06 +156: D:/Documents/ai-speaking-flutter-app/test/features/vocabulary/vocabulary_home_screen_test.dart: touch back changes UI immediately and cancels old audio queue
00:06 +157: D:/Documents/ai-speaking-flutter-app/test/features/vocabulary/vocabulary_home_screen_test.dart: touch back changes UI immediately and cancels old audio queue
00:06 +158: D:/Documents/ai-speaking-flutter-app/test/features/vocabulary/vocabulary_home_screen_test.dart: touch back changes UI immediately and cancels old audio queue
00:06 +159: D:/Documents/ai-speaking-flutter-app/test/features/vocabulary/vocabulary_home_screen_test.dart: touch back changes UI immediately and cancels old audio queue
00:06 +160: D:/Documents/ai-speaking-flutter-app/test/features/vocabulary/vocabulary_home_screen_test.dart: touch back changes UI immediately and cancels old audio queue
00:06 +161: D:/Documents/ai-speaking-flutter-app/test/features/vocabulary/vocabulary_home_screen_test.dart: touch back changes UI immediately and cancels old audio queue
00:06 +162: D:/Documents/ai-speaking-flutter-app/test/features/vocabulary/vocabulary_home_screen_test.dart: touch back changes UI immediately and cancels old audio queue
00:06 +163: D:/Documents/ai-speaking-flutter-app/test/features/vocabulary/vocabulary_home_screen_test.dart: touch back changes UI immediately and cancels old audio queue
00:06 +164: D:/Documents/ai-speaking-flutter-app/test/features/vocabulary/vocabulary_home_screen_test.dart: touch back changes UI immediately and cancels old audio queue
00:06 +165: D:/Documents/ai-speaking-flutter-app/test/features/vocabulary/vocabulary_home_screen_test.dart: touch back changes UI immediately and cancels old audio queue
00:06 +166: D:/Documents/ai-speaking-flutter-app/test/features/vocabulary/vocabulary_home_screen_test.dart: touch back changes UI immediately and cancels old audio queue
00:06 +167: D:/Documents/ai-speaking-flutter-app/test/features/vocabulary/vocabulary_home_screen_test.dart: touch back changes UI immediately and cancels old audio queue
00:06 +168: D:/Documents/ai-speaking-flutter-app/test/features/vocabulary/vocabulary_home_screen_test.dart: touch back changes UI immediately and cancels old audio queue
00:06 +169: D:/Documents/ai-speaking-flutter-app/test/features/vocabulary/vocabulary_home_screen_test.dart: touch back changes UI immediately and cancels old audio queue
00:06 +170: D:/Documents/ai-speaking-flutter-app/test/features/vocabulary/vocabulary_home_screen_test.dart: touch back changes UI immediately and cancels old audio queue
00:06 +171: D:/Documents/ai-speaking-flutter-app/test/features/vocabulary/vocabulary_home_screen_test.dart: touch back changes UI immediately and cancels old audio queue
00:06 +172: D:/Documents/ai-speaking-flutter-app/test/features/vocabulary/vocabulary_home_screen_test.dart: touch back changes UI immediately and cancels old audio queue
00:06 +173: D:/Documents/ai-speaking-flutter-app/test/features/vocabulary/vocabulary_home_screen_test.dart: touch back changes UI immediately and cancels old audio queue
00:06 +174: D:/Documents/ai-speaking-flutter-app/test/features/vocabulary/vocabulary_home_screen_test.dart: touch back changes UI immediately and cancels old audio queue
00:06 +175: D:/Documents/ai-speaking-flutter-app/test/features/vocabulary/vocabulary_home_screen_test.dart: touch back changes UI immediately and cancels old audio queue
00:07 +176: D:/Documents/ai-speaking-flutter-app/test/features/vocabulary/vocabulary_practice_screen_test.dart: Today stops after five listen-only items and MAIN timeout never replays
00:07 +177: D:/Documents/ai-speaking-flutter-app/test/features/vocabulary/vocabulary_practice_golden_test.dart: parent-added journey uses the welcoming HOMI
00:07 +178: D:/Documents/ai-speaking-flutter-app/test/features/vocabulary/vocabulary_practice_golden_test.dart: parent-added journey uses the welcoming HOMI
00:07 +179: D:/Documents/ai-speaking-flutter-app/test/features/vocabulary/vocabulary_practice_golden_test.dart: parent-added journey uses the welcoming HOMI
00:07 +180: D:/Documents/ai-speaking-flutter-app/test/features/vocabulary/vocabulary_practice_golden_test.dart: parent-added journey uses the welcoming HOMI
00:07 +181: D:/Documents/ai-speaking-flutter-app/test/features/vocabulary/vocabulary_practice_golden_test.dart: parent-added journey uses the welcoming HOMI
00:07 +182: D:/Documents/ai-speaking-flutter-app/test/features/vocabulary/vocabulary_practice_golden_test.dart: parent-added journey uses the welcoming HOMI
00:07 +183: D:/Documents/ai-speaking-flutter-app/test/features/vocabulary/vocabulary_practice_golden_test.dart: parent-added journey uses the welcoming HOMI
00:07 +184: D:/Documents/ai-speaking-flutter-app/test/features/listening/active_learning_navigation_test.dart: uses an immediate route while Android is paused
00:07 +185: D:/Documents/ai-speaking-flutter-app/test/features/vocabulary/vocabulary_home_screen_test.dart: keeps search and add out of Stars and Review on a narrow screen
00:07 +186: D:/Documents/ai-speaking-flutter-app/test/features/vocabulary/vocabulary_home_screen_test.dart: keeps search and add out of Stars and Review on a narrow screen
00:07 +187: D:/Documents/ai-speaking-flutter-app/test/features/vocabulary/vocabulary_home_screen_test.dart: keeps search and add out of Stars and Review on a narrow screen
00:07 +188: D:/Documents/ai-speaking-flutter-app/test/features/vocabulary/vocabulary_home_screen_test.dart: keeps search and add out of Stars and Review on a narrow screen
00:07 +189: D:/Documents/ai-speaking-flutter-app/test/features/vocabulary/vocabulary_home_screen_test.dart: keeps search and add out of Stars and Review on a narrow screen
00:07 +190: D:/Documents/ai-speaking-flutter-app/test/features/vocabulary/vocabulary_home_screen_test.dart: keeps search and add out of Stars and Review on a narrow screen
00:07 +191: D:/Documents/ai-speaking-flutter-app/test/features/vocabulary/vocabulary_home_screen_test.dart: keeps search and add out of Stars and Review on a narrow screen
00:07 +192: D:/Documents/ai-speaking-flutter-app/test/features/vocabulary/vocabulary_home_screen_test.dart: keeps search and add out of Stars and Review on a narrow screen
00:07 +193: D:/Documents/ai-speaking-flutter-app/test/features/vocabulary/vocabulary_home_screen_test.dart: keeps search and add out of Stars and Review on a narrow screen
00:07 +194: D:/Documents/ai-speaking-flutter-app/test/features/vocabulary/vocabulary_home_screen_test.dart: keeps search and add out of Stars and Review on a narrow screen
00:07 +195: D:/Documents/ai-speaking-flutter-app/test/features/vocabulary/vocabulary_home_screen_test.dart: keeps search and add out of Stars and Review on a narrow screen
00:07 +196: D:/Documents/ai-speaking-flutter-app/test/features/vocabulary/vocabulary_home_screen_test.dart: keeps search and add out of Stars and Review on a narrow screen
00:07 +197: D:/Documents/ai-speaking-flutter-app/test/features/vocabulary/vocabulary_practice_golden_test.dart: stars journey uses the singing HOMI
00:07 +198: D:/Documents/ai-speaking-flutter-app/test/features/vocabulary/vocabulary_practice_screen_test.dart: Review pauses only after two invalid microphone turns
00:07 +199: D:/Documents/ai-speaking-flutter-app/test/features/listening/active_learning_navigation_test.dart: keeps Material route transitions in the foreground
00:07 +200: D:/Documents/ai-speaking-flutter-app/test/features/vocabulary/vocabulary_home_screen_test.dart: adds a Vietnamese vocabulary entry and persists it
00:08 +201: D:/Documents/ai-speaking-flutter-app/test/features/vocabulary/vocabulary_home_screen_test.dart: adds a Vietnamese vocabulary entry and persists it
00:08 +202: D:/Documents/ai-speaking-flutter-app/test/features/vocabulary/vocabulary_home_screen_test.dart: adds a Vietnamese vocabulary entry and persists it
00:08 +203: D:/Documents/ai-speaking-flutter-app/test/features/vocabulary/vocabulary_home_screen_test.dart: adds a Vietnamese vocabulary entry and persists it
00:08 +204: D:/Documents/ai-speaking-flutter-app/test/features/vocabulary/vocabulary_home_screen_test.dart: adds a Vietnamese vocabulary entry and persists it
00:08 +205: D:/Documents/ai-speaking-flutter-app/test/features/vocabulary/vocabulary_home_screen_test.dart: adds a Vietnamese vocabulary entry and persists it
00:08 +206: D:/Documents/ai-speaking-flutter-app/test/features/vocabulary/vocabulary_home_screen_test.dart: adds a Vietnamese vocabulary entry and persists it
00:08 +207: D:/Documents/ai-speaking-flutter-app/test/features/vocabulary/vocabulary_home_screen_test.dart: adds a Vietnamese vocabulary entry and persists it
00:08 +208: D:/Documents/ai-speaking-flutter-app/test/features/vocabulary/vocabulary_home_screen_test.dart: adds a Vietnamese vocabulary entry and persists it
00:08 +209: D:/Documents/ai-speaking-flutter-app/test/features/vocabulary/vocabulary_home_screen_test.dart: adds a Vietnamese vocabulary entry and persists it
00:08 +210: D:/Documents/ai-speaking-flutter-app/test/features/listening/lesson_attempt_evaluator_test.dart: accepts a matching recognizer transcript after a stale backend false negative
00:08 +211: D:/Documents/ai-speaking-flutter-app/test/features/vocabulary/vocabulary_home_screen_test.dart: rejects content found anywhere in the Topic curriculum
00:08 +212: D:/Documents/ai-speaking-flutter-app/test/features/vocabulary/vocabulary_home_screen_test.dart: rejects content found anywhere in the Topic curriculum
00:08 +213: D:/Documents/ai-speaking-flutter-app/test/features/vocabulary/vocabulary_home_screen_test.dart: rejects content found anywhere in the Topic curriculum
00:08 +214: D:/Documents/ai-speaking-flutter-app/test/features/vocabulary/vocabulary_home_screen_test.dart: rejects content found anywhere in the Topic curriculum
00:08 +215: D:/Documents/ai-speaking-flutter-app/test/features/vocabulary/vocabulary_home_screen_test.dart: rejects content found anywhere in the Topic curriculum
00:08 +216: D:/Documents/ai-speaking-flutter-app/test/features/vocabulary/vocabulary_home_screen_test.dart: rejects content found anywhere in the Topic curriculum
00:08 +217: D:/Documents/ai-speaking-flutter-app/test/features/vocabulary/vocabulary_home_screen_test.dart: rejects content found anywhere in the Topic curriculum
00:08 +218: D:/Documents/ai-speaking-flutter-app/test/features/vocabulary/vocabulary_home_screen_test.dart: rejects content found anywhere in the Topic curriculum
00:08 +219: D:/Documents/ai-speaking-flutter-app/test/features/vocabulary/vocabulary_home_screen_test.dart: rejects content found anywhere in the Topic curriculum
00:08 +220: D:/Documents/ai-speaking-flutter-app/test/features/vocabulary/vocabulary_home_screen_test.dart: rejects content found anywhere in the Topic curriculum
00:08 +221: D:/Documents/ai-speaking-flutter-app/test/features/vocabulary/vocabulary_home_screen_test.dart: rejects content found anywhere in the Topic curriculum
00:08 +222: D:/Documents/ai-speaking-flutter-app/test/features/vocabulary/vocabulary_home_screen_test.dart: rejects content found anywhere in the Topic curriculum
00:08 +223: D:/Documents/ai-speaking-flutter-app/test/features/vocabulary/vocabulary_home_screen_test.dart: rejects content found anywhere in the Topic curriculum
00:08 +224: D:/Documents/ai-speaking-flutter-app/test/features/vocabulary/vocabulary_home_screen_test.dart: rejects content found anywhere in the Topic curriculum
00:08 +225: D:/Documents/ai-speaking-flutter-app/test/features/vocabulary/vocabulary_home_screen_test.dart: rejects content found anywhere in the Topic curriculum
00:08 +226: D:/Documents/ai-speaking-flutter-app/test/features/vocabulary/vocabulary_home_screen_test.dart: rejects content found anywhere in the Topic curriculum
00:08 +227: D:/Documents/ai-speaking-flutter-app/test/features/vocabulary/vocabulary_home_screen_test.dart: rejects content found anywhere in the Topic curriculum
00:08 +228: D:/Documents/ai-speaking-flutter-app/test/features/vocabulary/vocabulary_home_screen_test.dart: rejects content found anywhere in the Topic curriculum
00:08 +229: D:/Documents/ai-speaking-flutter-app/test/features/vocabulary/vocabulary_home_screen_test.dart: rejects content found anywhere in the Topic curriculum
00:08 +230: D:/Documents/ai-speaking-flutter-app/test/features/vocabulary/vocabulary_home_screen_test.dart: rejects content found anywhere in the Topic curriculum
00:08 +231: D:/Documents/ai-speaking-flutter-app/test/features/vocabulary/vocabulary_home_screen_test.dart: rejects content found anywhere in the Topic curriculum
00:08 +232: D:/Documents/ai-speaking-flutter-app/test/features/vocabulary/vocabulary_home_screen_test.dart: rejects content found anywhere in the Topic curriculum
00:08 +233: D:/Documents/ai-speaking-flutter-app/test/features/vocabulary/vocabulary_home_screen_test.dart: rejects content found anywhere in the Topic curriculum
00:08 +234: D:/Documents/ai-speaking-flutter-app/test/features/vocabulary/vocabulary_home_screen_test.dart: rejects content found anywhere in the Topic curriculum
00:08 +235: D:/Documents/ai-speaking-flutter-app/test/features/vocabulary/vocabulary_home_screen_test.dart: rejects content found anywhere in the Topic curriculum
00:08 +236: D:/Documents/ai-speaking-flutter-app/test/features/listening/lesson_challenge_screen_test.dart: ignores legacy role-play data and keeps the authored Challenge choices
00:09 +237: D:/Documents/ai-speaking-flutter-app/test/features/listening/lesson_challenge_screen_test.dart: ignores legacy role-play data and keeps the authored Challenge choices
00:09 +238: D:/Documents/ai-speaking-flutter-app/test/features/listening/lesson_challenge_screen_test.dart: ignores legacy role-play data and keeps the authored Challenge choices
00:09 +239: D:/Documents/ai-speaking-flutter-app/test/features/listening/lesson_challenge_screen_test.dart: ignores legacy role-play data and keeps the authored Challenge choices
00:09 +240: D:/Documents/ai-speaking-flutter-app/test/features/listening/lesson_challenge_screen_test.dart: ignores legacy role-play data and keeps the authored Challenge choices
00:09 +241: D:/Documents/ai-speaking-flutter-app/test/features/listening/lesson_challenge_screen_test.dart: ignores legacy role-play data and keeps the authored Challenge choices
00:09 +242: D:/Documents/ai-speaking-flutter-app/test/features/listening/lesson_challenge_screen_test.dart: ignores legacy role-play data and keeps the authored Challenge choices
00:09 +243: D:/Documents/ai-speaking-flutter-app/test/features/listening/lesson_challenge_screen_test.dart: ignores legacy role-play data and keeps the authored Challenge choices
00:09 +244: D:/Documents/ai-speaking-flutter-app/test/features/vocabulary/vocabulary_home_screen_test.dart: keeps search separate from the dedicated add flow
00:09 +245: D:/Documents/ai-speaking-flutter-app/test/features/listening/lesson_flow_golden_test.dart: topic lesson journey matches the approved direction
00:10 +246: D:/Documents/ai-speaking-flutter-app/test/features/listening/lesson_flow_golden_test.dart: topic lesson journey matches the approved direction
00:10 +247: D:/Documents/ai-speaking-flutter-app/test/features/listening/lesson_flow_golden_test.dart: topic lesson journey matches the approved direction
00:10 +248: D:/Documents/ai-speaking-flutter-app/test/features/listening/lesson_flow_golden_test.dart: topic lesson journey matches the approved direction
00:10 +249: D:/Documents/ai-speaking-flutter-app/test/features/listening/lesson_flow_golden_test.dart: topic lesson journey matches the approved direction
00:10 +250: D:/Documents/ai-speaking-flutter-app/test/features/listening/lesson_flow_golden_test.dart: topic lesson journey matches the approved direction
00:10 +251: D:/Documents/ai-speaking-flutter-app/test/features/listening/lesson_flow_golden_test.dart: topic lesson journey matches the approved direction
00:10 +252: D:/Documents/ai-speaking-flutter-app/test/features/listening/lesson_flow_golden_test.dart: topic lesson journey matches the approved direction
00:10 +253: D:/Documents/ai-speaking-flutter-app/test/features/listening/lesson_flow_golden_test.dart: topic lesson journey matches the approved direction
00:10 +254: D:/Documents/ai-speaking-flutter-app/test/features/listening/lesson_flow_golden_test.dart: topic lesson journey matches the approved direction
00:10 +255: D:/Documents/ai-speaking-flutter-app/test/features/listening/lesson_flow_golden_test.dart: topic lesson journey matches the approved direction
00:10 +256: D:/Documents/ai-speaking-flutter-app/test/features/listening/lesson_flow_golden_test.dart: topic lesson journey matches the approved direction
00:10 +257: D:/Documents/ai-speaking-flutter-app/test/features/listening/lesson_flow_golden_test.dart: topic lesson journey matches the approved direction
00:10 +258: D:/Documents/ai-speaking-flutter-app/test/features/listening/lesson_flow_golden_test.dart: topic lesson journey matches the approved direction
00:10 +259: D:/Documents/ai-speaking-flutter-app/test/features/listening/lesson_flow_golden_test.dart: topic lesson journey matches the approved direction
00:10 +260: D:/Documents/ai-speaking-flutter-app/test/features/listening/lesson_flow_golden_test.dart: topic lesson journey matches the approved direction
00:10 +261: D:/Documents/ai-speaking-flutter-app/test/features/listening/lesson_flow_golden_test.dart: topic lesson journey matches the approved direction
00:10 +262: D:/Documents/ai-speaking-flutter-app/test/features/listening/lesson_flow_golden_test.dart: topic lesson journey matches the approved direction
00:10 +263: D:/Documents/ai-speaking-flutter-app/test/features/listening/lesson_flow_golden_test.dart: topic lesson journey matches the approved direction
00:10 +264: D:/Documents/ai-speaking-flutter-app/test/features/listening/lesson_flow_golden_test.dart: topic lesson journey matches the approved direction
00:10 +265: D:/Documents/ai-speaking-flutter-app/test/features/listening/lesson_flow_golden_test.dart: topic lesson journey matches the approved direction
00:11 +266: D:/Documents/ai-speaking-flutter-app/test/features/listening/lesson_guided_flow_test.dart: virtual lesson buttons interrupt the current recording and change sentence
00:11 +267: D:/Documents/ai-speaking-flutter-app/test/features/listening/lesson_guided_flow_test.dart: virtual lesson buttons interrupt the current recording and change sentence
00:11 +268: D:/Documents/ai-speaking-flutter-app/test/features/listening/lesson_guided_flow_test.dart: virtual lesson buttons interrupt the current recording and change sentence
00:11 +269: D:/Documents/ai-speaking-flutter-app/test/features/listening/lesson_guided_flow_test.dart: virtual lesson buttons interrupt the current recording and change sentence
00:11 +270: D:/Documents/ai-speaking-flutter-app/test/features/listening/lesson_guided_flow_test.dart: virtual lesson buttons interrupt the current recording and change sentence
00:11 +271: D:/Documents/ai-speaking-flutter-app/test/features/listening/lesson_guided_flow_test.dart: virtual lesson buttons interrupt the current recording and change sentence
00:11 +272: D:/Documents/ai-speaking-flutter-app/test/features/listening/lesson_guided_flow_test.dart: virtual lesson buttons interrupt the current recording and change sentence
00:11 +273: D:/Documents/ai-speaking-flutter-app/test/features/listening/lesson_guided_flow_test.dart: virtual lesson buttons interrupt the current recording and change sentence
00:11 +274: D:/Documents/ai-speaking-flutter-app/test/features/listening/lesson_guided_flow_test.dart: virtual lesson buttons interrupt the current recording and change sentence
00:11 +275: D:/Documents/ai-speaking-flutter-app/test/features/listening/lesson_guided_flow_test.dart: virtual lesson buttons interrupt the current recording and change sentence
00:11 +276: D:/Documents/ai-speaking-flutter-app/test/features/listening/lesson_guided_flow_test.dart: virtual lesson buttons interrupt the current recording and change sentence
00:11 +277: D:/Documents/ai-speaking-flutter-app/test/features/listening/lesson_guided_flow_test.dart: virtual lesson buttons interrupt the current recording and change sentence
00:11 +278: D:/Documents/ai-speaking-flutter-app/test/features/listening/lesson_guided_flow_test.dart: virtual lesson buttons interrupt the current recording and change sentence
00:11 +279: D:/Documents/ai-speaking-flutter-app/test/features/listening/lesson_guided_flow_test.dart: virtual lesson buttons interrupt the current recording and change sentence
00:11 +280: D:/Documents/ai-speaking-flutter-app/test/features/listening/lesson_guided_flow_test.dart: virtual lesson buttons interrupt the current recording and change sentence
00:11 +281: D:/Documents/ai-speaking-flutter-app/test/features/listening/lesson_guided_flow_test.dart: virtual lesson buttons interrupt the current recording and change sentence
00:11 +282: D:/Documents/ai-speaking-flutter-app/test/features/listening/lesson_guided_flow_test.dart: virtual lesson buttons interrupt the current recording and change sentence
00:11 +283: D:/Documents/ai-speaking-flutter-app/test/features/listening/lesson_guided_flow_test.dart: virtual lesson buttons interrupt the current recording and change sentence
00:11 +284: D:/Documents/ai-speaking-flutter-app/test/features/vocabulary/vocabulary_home_screen_test.dart: announces the child voice at the start of every Star block
00:11 +285: D:/Documents/ai-speaking-flutter-app/test/features/listening/lesson_flow_golden_test.dart: lesson intro matches the approved direction
00:11 +286: D:/Documents/ai-speaking-flutter-app/test/features/listening/lesson_guided_flow_test.dart: previous sentence starts a fresh guided attempt despite an old recording
00:12 +287: D:/Documents/ai-speaking-flutter-app/test/features/listening/lesson_guided_flow_test.dart: previous sentence starts a fresh guided attempt despite an old recording
00:12 +288: D:/Documents/ai-speaking-flutter-app/test/features/listening/lesson_overview_screen_test.dart: V4 resumes from its first interrupted core sentence
00:12 +289: D:/Documents/ai-speaking-flutter-app/test/features/listening/lesson_overview_screen_test.dart: V4 resumes from its first interrupted core sentence
00:12 +290: D:/Documents/ai-speaking-flutter-app/test/features/listening/lesson_overview_screen_test.dart: V4 resumes from its first interrupted core sentence
00:12 +291: D:/Documents/ai-speaking-flutter-app/test/features/listening/lesson_overview_screen_test.dart: V4 resumes from its first interrupted core sentence
00:12 +292: D:/Documents/ai-speaking-flutter-app/test/features/listening/lesson_overview_screen_test.dart: V4 resumes from its first interrupted core sentence
00:12 +293: D:/Documents/ai-speaking-flutter-app/test/features/listening/lesson_overview_screen_test.dart: V4 resumes from its first interrupted core sentence
00:12 +294: D:/Documents/ai-speaking-flutter-app/test/features/listening/lesson_overview_screen_test.dart: V4 resumes from its first interrupted core sentence
00:12 +295: D:/Documents/ai-speaking-flutter-app/test/features/listening/lesson_overview_screen_test.dart: V4 resumes from its first interrupted core sentence
00:12 +296: D:/Documents/ai-speaking-flutter-app/test/features/listening/lesson_overview_screen_test.dart: V4 resumes from its first interrupted core sentence
00:12 +297: D:/Documents/ai-speaking-flutter-app/test/features/listening/lesson_overview_screen_test.dart: V4 resumes from its first interrupted core sentence
00:12 +298: D:/Documents/ai-speaking-flutter-app/test/features/listening/lesson_overview_screen_test.dart: V4 resumes from its first interrupted core sentence
00:12 +299: D:/Documents/ai-speaking-flutter-app/test/features/listening/lesson_overview_screen_test.dart: V4 resumes from its first interrupted core sentence
00:12 +300: D:/Documents/ai-speaking-flutter-app/test/features/listening/lesson_practice_navigation_test.dart: leaving during completion ting releases the already-open mic
00:12 +301: D:/Documents/ai-speaking-flutter-app/test/features/listening/lesson_practice_navigation_test.dart: leaving during completion ting releases the already-open mic
00:12 +302: D:/Documents/ai-speaking-flutter-app/test/features/listening/lesson_practice_navigation_test.dart: leaving during completion ting releases the already-open mic
00:13 +303: D:/Documents/ai-speaking-flutter-app/test/features/listening/lesson_practice_navigation_test.dart: leaving during completion ting releases the already-open mic
00:13 +304: D:/Documents/ai-speaking-flutter-app/test/features/listening/lesson_practice_navigation_test.dart: leaving during completion ting releases the already-open mic
00:13 +305: D:/Documents/ai-speaking-flutter-app/test/features/listening/lesson_practice_navigation_test.dart: leaving during completion ting releases the already-open mic
00:13 +306: D:/Documents/ai-speaking-flutter-app/test/features/listening/lesson_practice_navigation_test.dart: leaving during completion ting releases the already-open mic
00:13 +307: D:/Documents/ai-speaking-flutter-app/test/features/listening/lesson_practice_navigation_test.dart: leaving during completion ting releases the already-open mic
00:13 +307: D:/Documents/ai-speaking-flutter-app/test/features/listening/lesson_guided_flow_test.dart: V4 falls back to local TTS when authored EN-VI audio fails
HOMI English authored audio unavailable; using local TTS: Bad state: Authored audio unavailable.
HOMI Vietnamese authored audio unavailable; using local TTS: Bad state: Authored audio unavailable.
00:13 +308: D:/Documents/ai-speaking-flutter-app/test/features/listening/lesson_practice_navigation_test.dart: leaving during completion ting releases the already-open mic
00:13 +309: D:/Documents/ai-speaking-flutter-app/test/features/listening/lesson_practice_navigation_test.dart: leaving during completion ting releases the already-open mic
00:13 +310: D:/Documents/ai-speaking-flutter-app/test/features/listening/lesson_practice_navigation_test.dart: leaving during completion ting releases the already-open mic
00:13 +311: D:/Documents/ai-speaking-flutter-app/test/features/listening/lesson_practice_navigation_test.dart: leaving during completion ting releases the already-open mic
00:13 +312: D:/Documents/ai-speaking-flutter-app/test/features/listening/lesson_practice_navigation_test.dart: leaving during completion ting releases the already-open mic
00:13 +313: D:/Documents/ai-speaking-flutter-app/test/features/listening/lesson_practice_navigation_test.dart: leaving during completion ting releases the already-open mic
00:13 +314: D:/Documents/ai-speaking-flutter-app/test/features/listening/lesson_practice_navigation_test.dart: leaving during completion ting releases the already-open mic
00:13 +315: D:/Documents/ai-speaking-flutter-app/test/features/listening/lesson_practice_navigation_test.dart: leaving during completion ting releases the already-open mic
00:13 +316: D:/Documents/ai-speaking-flutter-app/test/features/listening/lesson_practice_navigation_test.dart: leaving during completion ting releases the already-open mic
00:14 +317: D:/Documents/ai-speaking-flutter-app/test/features/listening/lesson_practice_navigation_test.dart: leaving during completion ting releases the already-open mic
00:14 +318: D:/Documents/ai-speaking-flutter-app/test/features/listening/lesson_practice_navigation_test.dart: leaving during completion ting releases the already-open mic
00:14 +319: D:/Documents/ai-speaking-flutter-app/test/features/listening/lesson_flow_golden_test.dart: English-only lesson review matches the approved direction
00:14 +320: D:/Documents/ai-speaking-flutter-app/test/features/listening/lesson_guided_flow_test.dart: MAIN pause then resume accepts a correct fresh lesson attempt
00:14 +321: D:/Documents/ai-speaking-flutter-app/test/features/listening/lesson_guided_flow_test.dart: MAIN pause then resume accepts a correct fresh lesson attempt
00:14 +322: D:/Documents/ai-speaking-flutter-app/test/features/listening/lesson_guided_flow_test.dart: MAIN pause then resume accepts a correct fresh lesson attempt
00:14 +323: D:/Documents/ai-speaking-flutter-app/test/features/listening/lesson_guided_flow_test.dart: MAIN pause then resume accepts a correct fresh lesson attempt
00:14 +324: D:/Documents/ai-speaking-flutter-app/test/features/listening/lesson_practice_navigation_test.dart: Android end-of-lesson "(Học lại, 1, true)" opens the selected learning flow
00:14 +325: D:/Documents/ai-speaking-flutter-app/test/features/listening/lesson_flow_golden_test.dart: V4 completion opens an authored voice challenge
00:15 +326: D:/Documents/ai-speaking-flutter-app/test/features/listening/lesson_flow_golden_test.dart: V4 completion opens an authored voice challenge
00:15 +327: D:/Documents/ai-speaking-flutter-app/test/features/listening/lesson_flow_golden_test.dart: V4 completion opens an authored voice challenge
00:15 +328: D:/Documents/ai-speaking-flutter-app/test/features/listening/lesson_flow_golden_test.dart: V4 completion opens an authored voice challenge
00:15 +329: D:/Documents/ai-speaking-flutter-app/test/features/listening/lesson_flow_golden_test.dart: V4 completion opens an authored voice challenge
00:15 +330: D:/Documents/ai-speaking-flutter-app/test/features/listening/lesson_flow_golden_test.dart: V4 completion opens an authored voice challenge
00:15 +331: D:/Documents/ai-speaking-flutter-app/test/features/listening/lesson_flow_golden_test.dart: V4 completion opens an authored voice challenge
00:15 +332: D:/Documents/ai-speaking-flutter-app/test/features/listening/lesson_flow_golden_test.dart: V4 completion opens an authored voice challenge
00:15 +333: D:/Documents/ai-speaking-flutter-app/test/features/listening/lesson_flow_golden_test.dart: V4 completion opens an authored voice challenge
00:15 +334: D:/Documents/ai-speaking-flutter-app/test/features/listening/lesson_flow_golden_test.dart: V4 completion opens an authored voice challenge
00:16 +335: D:/Documents/ai-speaking-flutter-app/test/features/listening/lesson_flow_golden_test.dart: V4 completion opens an authored voice challenge
00:16 +336: D:/Documents/ai-speaking-flutter-app/test/features/listening/lesson_flow_golden_test.dart: V4 completion opens an authored voice challenge
00:16 +337: D:/Documents/ai-speaking-flutter-app/test/features/listening/lesson_flow_golden_test.dart: V4 completion opens an authored voice challenge
00:16 +338: D:/Documents/ai-speaking-flutter-app/test/features/listening/lesson_flow_golden_test.dart: V4 completion opens an authored voice challenge
00:16 +339: D:/Documents/ai-speaking-flutter-app/test/features/listening/lesson_flow_golden_test.dart: V4 completion opens an authored voice challenge
00:16 +340: D:/Documents/ai-speaking-flutter-app/test/features/listening/lesson_guided_flow_test.dart: keeps an injected lesson evaluator caller-owned
00:16 +341: D:/Documents/ai-speaking-flutter-app/test/features/listening/lesson_practice_navigation_test.dart: previous sentence is persisted and restored after re-entry
00:16 +342: D:/Documents/ai-speaking-flutter-app/test/features/listening/lesson_practice_navigation_test.dart: previous sentence is persisted and restored after re-entry
00:16 +343: D:/Documents/ai-speaking-flutter-app/test/features/listening/lesson_practice_navigation_test.dart: previous sentence is persisted and restored after re-entry
00:16 +344: D:/Documents/ai-speaking-flutter-app/test/features/listening/lesson_practice_navigation_test.dart: previous sentence is persisted and restored after re-entry
00:16 +345: D:/Documents/ai-speaking-flutter-app/test/features/listening/lesson_practice_navigation_test.dart: previous sentence is persisted and restored after re-entry
00:16 +346: D:/Documents/ai-speaking-flutter-app/test/features/listening/lesson_practice_navigation_test.dart: previous sentence is persisted and restored after re-entry
00:16 +347: D:/Documents/ai-speaking-flutter-app/test/features/listening/lesson_practice_navigation_test.dart: previous sentence is persisted and restored after re-entry
00:16 +348: D:/Documents/ai-speaking-flutter-app/test/features/listening/lesson_guided_flow_test.dart: MAIN detaches a pending lesson microphone start before takeover
00:17 +349: D:/Documents/ai-speaking-flutter-app/test/features/listening/lesson_practice_navigation_test.dart: MAIN previous command replays the previous sentence flow
00:17 +350: D:/Documents/ai-speaking-flutter-app/test/features/listening/lesson_guided_flow_test.dart: V2 replays the bilingual model once, then sends a second miss to Review
00:17 +351: D:/Documents/ai-speaking-flutter-app/test/features/listening/lesson_guided_flow_test.dart: V2 replays the bilingual model once, then sends a second miss to Review
00:17 +352: D:/Documents/ai-speaking-flutter-app/test/features/listening/lesson_guided_flow_test.dart: V2 replays the bilingual model once, then sends a second miss to Review
00:17 +353: D:/Documents/ai-speaking-flutter-app/test/features/listening/lesson_guided_flow_test.dart: V2 replays the bilingual model once, then sends a second miss to Review
00:17 +354: D:/Documents/ai-speaking-flutter-app/test/features/listening/lesson_guided_flow_test.dart: V2 replays the bilingual model once, then sends a second miss to Review
00:17 +355: D:/Documents/ai-speaking-flutter-app/test/features/listening/lesson_guided_flow_test.dart: V2 replays the bilingual model once, then sends a second miss to Review
00:17 +356: D:/Documents/ai-speaking-flutter-app/test/features/listening/lesson_guided_flow_test.dart: V2 replays the bilingual model once, then sends a second miss to Review
00:17 +357: D:/Documents/ai-speaking-flutter-app/test/features/listening/lesson_guided_flow_test.dart: V2 replays the bilingual model once, then sends a second miss to Review
00:17 +358: D:/Documents/ai-speaking-flutter-app/test/features/listening/lesson_guided_flow_test.dart: V2 replays the bilingual model once, then sends a second miss to Review
00:17 +359: D:/Documents/ai-speaking-flutter-app/test/features/listening/lesson_guided_flow_test.dart: V2 replays the bilingual model once, then sends a second miss to Review
00:17 +360: D:/Documents/ai-speaking-flutter-app/test/features/listening/lesson_guided_flow_test.dart: V2 replays the bilingual model once, then sends a second miss to Review
00:17 +361: D:/Documents/ai-speaking-flutter-app/test/features/listening/lesson_practice_navigation_test.dart: review from beginning resets the resume sentence
00:17 +362: D:/Documents/ai-speaking-flutter-app/test/features/listening/lesson_practice_navigation_test.dart: review from beginning resets the resume sentence
00:17 +363: D:/Documents/ai-speaking-flutter-app/test/features/listening/lesson_practice_navigation_test.dart: review from beginning resets the resume sentence
00:17 +364: D:/Documents/ai-speaking-flutter-app/test/features/listening/lesson_practice_navigation_test.dart: review from beginning resets the resume sentence
00:17 +365: D:/Documents/ai-speaking-flutter-app/test/features/listening/lesson_practice_navigation_test.dart: review from beginning resets the resume sentence
00:17 +366: D:/Documents/ai-speaking-flutter-app/test/features/listening/lesson_practice_navigation_test.dart: review from beginning resets the resume sentence
00:17 +367: D:/Documents/ai-speaking-flutter-app/test/features/listening/lesson_practice_navigation_test.dart: review from beginning resets the resume sentence
00:17 +368: D:/Documents/ai-speaking-flutter-app/test/features/listening/lesson_practice_navigation_test.dart: review from beginning resets the resume sentence
00:17 +369: D:/Documents/ai-speaking-flutter-app/test/features/listening/lesson_practice_navigation_test.dart: review from beginning resets the resume sentence
00:17 +370: D:/Documents/ai-speaking-flutter-app/test/features/listening/lesson_practice_navigation_test.dart: review from beginning resets the resume sentence
00:17 +371: D:/Documents/ai-speaking-flutter-app/test/features/listening/lesson_guided_flow_test.dart: V2 asks neutrally and retries when ASR could not hear the sentence
00:17 +372: D:/Documents/ai-speaking-flutter-app/test/features/listening/lesson_practice_navigation_test.dart: V4 resume ignores an archived attempt and restarts EN-VI-mic
00:18 +373: D:/Documents/ai-speaking-flutter-app/test/features/listening/lesson_guided_flow_test.dart: V2 still reopens recording when unclear feedback playback fails
00:18 +374: D:/Documents/ai-speaking-flutter-app/test/features/listening/lesson_guided_flow_test.dart: V2 still reopens recording when unclear feedback playback fails
00:18 +375: D:/Documents/ai-speaking-flutter-app/test/features/listening/lesson_guided_flow_test.dart: V2 still reopens recording when unclear feedback playback fails
HOMI unclear feedback playback failed: Bad state: Unclear feedback playback failed.
00:18 +376: D:/Documents/ai-speaking-flutter-app/test/features/listening/lesson_practice_navigation_test.dart: V4 marks the lesson complete only after its authored challenge finishes
00:18 +377: D:/Documents/ai-speaking-flutter-app/test/features/listening/lesson_practice_navigation_test.dart: V4 marks the lesson complete only after its authored challenge finishes
00:18 +378: D:/Documents/ai-speaking-flutter-app/test/features/listening/song_karaoke_screen_test.dart: song starts automatically after three seconds
00:18 +379: D:/Documents/ai-speaking-flutter-app/test/features/listening/song_karaoke_screen_test.dart: song starts automatically after three seconds
00:18 +380: D:/Documents/ai-speaking-flutter-app/test/features/listening/song_karaoke_screen_test.dart: song starts automatically after three seconds
00:18 +381: D:/Documents/ai-speaking-flutter-app/test/features/listening/song_karaoke_screen_test.dart: song starts automatically after three seconds
00:18 +382: D:/Documents/ai-speaking-flutter-app/test/features/listening/song_karaoke_screen_test.dart: song starts automatically after three seconds
00:18 +383: D:/Documents/ai-speaking-flutter-app/test/features/listening/song_karaoke_screen_test.dart: song starts automatically after three seconds
00:18 +384: D:/Documents/ai-speaking-flutter-app/test/features/listening/song_karaoke_screen_test.dart: song starts automatically after three seconds
00:18 +385: D:/Documents/ai-speaking-flutter-app/test/features/listening/song_karaoke_screen_test.dart: song starts automatically after three seconds
00:19 +386: D:/Documents/ai-speaking-flutter-app/test/features/listening/topic_listening_screen_test.dart: dark theme keeps the listening journey text readable
00:19 +387: D:/Documents/ai-speaking-flutter-app/test/features/listening/topic_listening_screen_test.dart: dark theme keeps the listening journey text readable
00:19 +388: D:/Documents/ai-speaking-flutter-app/test/features/listening/topic_listening_screen_test.dart: dark theme keeps the listening journey text readable
00:19 +389: D:/Documents/ai-speaking-flutter-app/test/features/listening/topic_listening_screen_test.dart: dark theme keeps the listening journey text readable
00:19 +390: D:/Documents/ai-speaking-flutter-app/test/features/listening/topic_listening_screen_test.dart: dark theme keeps the listening journey text readable
00:19 +391: D:/Documents/ai-speaking-flutter-app/test/features/listening/topic_listening_screen_test.dart: dark theme keeps the listening journey text readable
00:19 +392: D:/Documents/ai-speaking-flutter-app/test/features/listening/topic_listening_screen_test.dart: dark theme keeps the listening journey text readable
00:19 +393: D:/Documents/ai-speaking-flutter-app/test/features/listening/topic_listening_screen_test.dart: dark theme keeps the listening journey text readable
00:19 +394: D:/Documents/ai-speaking-flutter-app/test/features/listening/topic_listening_screen_test.dart: dark theme keeps the listening journey text readable
00:19 +395: D:/Documents/ai-speaking-flutter-app/test/features/listening/topic_listening_screen_test.dart: dark theme keeps the listening journey text readable
00:19 +396: D:/Documents/ai-speaking-flutter-app/test/features/listening/topic_listening_screen_test.dart: dark theme keeps the listening journey text readable
00:19 +397: D:/Documents/ai-speaking-flutter-app/test/features/listening/topic_listening_screen_test.dart: dark theme keeps the listening journey text readable
00:19 +398: D:/Documents/ai-speaking-flutter-app/test/features/listening/topic_listening_screen_test.dart: dark theme keeps the listening journey text readable
00:19 +399: D:/Documents/ai-speaking-flutter-app/test/features/listening/topic_listening_screen_test.dart: dark theme keeps the listening journey text readable
00:19 +400: D:/Documents/ai-speaking-flutter-app/test/features/listening/topic_listening_screen_test.dart: dark theme keeps the listening journey text readable
00:19 +401: D:/Documents/ai-speaking-flutter-app/test/features/listening/topic_listening_screen_test.dart: dark theme keeps the listening journey text readable
00:19 +402: D:/Documents/ai-speaking-flutter-app/test/features/listening/lesson_practice_navigation_test.dart: MAIN commands pause, resume, and leave the lesson for home
00:20 +403: D:/Documents/ai-speaking-flutter-app/test/features/listening/lesson_practice_navigation_test.dart: MAIN commands pause, resume, and leave the lesson for home
00:20 +404: D:/Documents/ai-speaking-flutter-app/test/features/listening/lesson_guided_flow_test.dart: V2 asks the child to repeat an unclear completion choice
00:20 +405: D:/Documents/ai-speaking-flutter-app/test/features/listening/topic_listening_screen_test.dart: topic navigation exposes the shared MAIN action
00:20 +406: D:/Documents/ai-speaking-flutter-app/test/features/listening/topic_listening_screen_test.dart: topic navigation exposes the shared MAIN action
00:20 +407: D:/Documents/ai-speaking-flutter-app/test/features/listening/v4_song_stage_screen_test.dart: announces SONG_START_CUE, shows the title, and can skip
00:20 +408: D:/Documents/ai-speaking-flutter-app/test/features/listening/v4_song_stage_screen_test.dart: announces SONG_START_CUE, shows the title, and can skip
00:20 +409: D:/Documents/ai-speaking-flutter-app/test/features/listening/v4_song_stage_screen_test.dart: announces SONG_START_CUE, shows the title, and can skip
00:20 +410: D:/Documents/ai-speaking-flutter-app/test/features/listening/v4_song_stage_screen_test.dart: announces SONG_START_CUE, shows the title, and can skip
00:20 +411: D:/Documents/ai-speaking-flutter-app/test/features/listening/v4_song_stage_screen_test.dart: announces SONG_START_CUE, shows the title, and can skip
00:20 +412: D:/Documents/ai-speaking-flutter-app/test/features/listening/v4_song_stage_screen_test.dart: announces SONG_START_CUE, shows the title, and can skip
00:20 +413: D:/Documents/ai-speaking-flutter-app/test/features/listening/v4_song_stage_screen_test.dart: announces SONG_START_CUE, shows the title, and can skip
00:20 +414: D:/Documents/ai-speaking-flutter-app/test/features/listening/v4_song_stage_screen_test.dart: announces SONG_START_CUE, shows the title, and can skip
00:20 +415: D:/Documents/ai-speaking-flutter-app/test/features/listening/v4_song_stage_screen_test.dart: announces SONG_START_CUE, shows the title, and can skip
00:21 +416: D:/Documents/ai-speaking-flutter-app/test/features/listening/v4_song_stage_screen_test.dart: announces SONG_START_CUE, shows the title, and can skip
00:21 +417: D:/Documents/ai-speaking-flutter-app/test/features/listening/v4_song_stage_screen_test.dart: announces SONG_START_CUE, shows the title, and can skip
00:21 +418: D:/Documents/ai-speaking-flutter-app/test/features/listening/v4_song_stage_screen_test.dart: announces SONG_START_CUE, shows the title, and can skip
00:21 +419: D:/Documents/ai-speaking-flutter-app/test/features/listening/v4_song_stage_screen_test.dart: announces SONG_START_CUE, shows the title, and can skip
00:21 +420: D:/Documents/ai-speaking-flutter-app/test/features/listening/v4_song_stage_screen_test.dart: announces SONG_START_CUE, shows the title, and can skip
00:21 +421: D:/Documents/ai-speaking-flutter-app/test/features/listening/v4_song_stage_screen_test.dart: announces SONG_START_CUE, shows the title, and can skip
00:21 +422: D:/Documents/ai-speaking-flutter-app/test/features/listening/v4_song_stage_screen_test.dart: announces SONG_START_CUE, shows the title, and can skip
00:21 +423: D:/Documents/ai-speaking-flutter-app/test/features/listening/topic_listening_screen_test.dart: parent can change the global V4 age group from the topic screen
00:21 +424: D:/Documents/ai-speaking-flutter-app/test/features/listening/topic_listening_screen_test.dart: parent can change the global V4 age group from the topic screen
00:21 +425: D:/Documents/ai-speaking-flutter-app/test/features/listening/lesson_guided_flow_test.dart: successful recording shows non-blocking fireworks and four actions
00:21 +426: D:/Documents/ai-speaking-flutter-app/test/features/listening/lesson_guided_flow_test.dart: successful recording shows non-blocking fireworks and four actions
00:21 +427: D:/Documents/ai-speaking-flutter-app/test/features/listening/lesson_guided_flow_test.dart: successful recording shows non-blocking fireworks and four actions
00:21 +428: D:/Documents/ai-speaking-flutter-app/test/features/listening/v4_song_stage_screen_test.dart: skip interrupts an active song and continues without resuming
00:21 +429: D:/Documents/ai-speaking-flutter-app/test/features/listening/v4_song_stage_screen_test.dart: skip interrupts an active song and continues without resuming
00:21 +429: D:/Documents/ai-speaking-flutter-app/test/features/conversation/h20_hardware_diagnostics_test.dart: confirmed MAIN toggles offline recording and duplicate is ignored
H20 MAIN: received • seq=1 • actionable
H20 MAIN: dispatching • shortPress • seq=1
H20 MAIN: accepted • seq=1
00:21 +430: D:/Documents/ai-speaking-flutter-app/test/features/listening/topic_listening_screen_test.dart: opens the V4 listen-first lesson journey from a selected topic
00:21 +430: D:/Documents/ai-speaking-flutter-app/test/features/conversation/h20_hardware_diagnostics_test.dart: confirmed MAIN toggles offline recording and duplicate is ignored
H20 MAIN: received • seq=1 • duplicate
H20 MAIN: duplicate ignored • seq=1
H20 MAIN: received • seq=2 • actionable
H20 MAIN: dispatching • shortPress • seq=2
H20 MAIN: accepted • seq=2
00:21 +431: D:/Documents/ai-speaking-flutter-app/test/features/listening/topic_listening_screen_test.dart: opens the V4 listen-first lesson journey from a selected topic
00:21 +431: D:/Documents/ai-speaking-flutter-app/test/features/conversation/h20_hardware_diagnostics_test.dart: observed raw MAIN toggles capture without APP State writes
H20 MAIN: received • seq=16 • actionable
H20 MAIN: dispatching • shortPress • seq=16
H20 MAIN: accepted • seq=16
00:21 +432: D:/Documents/ai-speaking-flutter-app/test/features/listening/topic_listening_screen_test.dart: opens the V4 listen-first lesson journey from a selected topic
00:21 +433: D:/Documents/ai-speaking-flutter-app/test/features/listening/topic_listening_screen_test.dart: opens the V4 listen-first lesson journey from a selected topic
00:21 +434: D:/Documents/ai-speaking-flutter-app/test/features/listening/topic_listening_screen_test.dart: opens the V4 listen-first lesson journey from a selected topic
00:21 +434: D:/Documents/ai-speaking-flutter-app/test/features/conversation/h20_hardware_diagnostics_test.dart: BLE long press stops once and release does not restart capture
H20 MAIN: received • seq=1 • actionable
H20 MAIN: dispatching • shortPress • seq=1
H20 MAIN: accepted • seq=1
H20 MAIN: received • seq=2 • actionable
H20 MAIN: dispatching • longPress • seq=2
H20 MAIN: accepted • seq=2
H20 MAIN: received • seq=2 • actionable
H20 MAIN: dispatching • release • seq=2
H20 MAIN: accepted • seq=2
00:21 +435: D:/Documents/ai-speaking-flutter-app/test/features/listening/topic_listening_screen_test.dart: opens the V4 listen-first lesson journey from a selected topic
00:21 +436: D:/Documents/ai-speaking-flutter-app/test/features/listening/topic_listening_screen_test.dart: opens the V4 listen-first lesson journey from a selected topic
00:21 +437: D:/Documents/ai-speaking-flutter-app/test/features/listening/topic_listening_screen_test.dart: opens the V4 listen-first lesson journey from a selected topic
00:21 +438: D:/Documents/ai-speaking-flutter-app/test/features/listening/topic_listening_screen_test.dart: opens the V4 listen-first lesson journey from a selected topic
00:21 +439: D:/Documents/ai-speaking-flutter-app/test/features/listening/topic_listening_screen_test.dart: opens the V4 listen-first lesson journey from a selected topic
00:21 +440: D:/Documents/ai-speaking-flutter-app/test/features/listening/topic_listening_screen_test.dart: opens the V4 listen-first lesson journey from a selected topic
00:22 +441: D:/Documents/ai-speaking-flutter-app/test/features/listening/topic_listening_screen_test.dart: opens the V4 listen-first lesson journey from a selected topic
00:22 +442: D:/Documents/ai-speaking-flutter-app/test/features/listening/topic_listening_screen_test.dart: opens the V4 listen-first lesson journey from a selected topic
00:22 +443: D:/Documents/ai-speaking-flutter-app/test/features/listening/topic_listening_screen_test.dart: opens the V4 listen-first lesson journey from a selected topic
00:22 +444: D:/Documents/ai-speaking-flutter-app/test/features/conversation/main_speaking_no_speech_test.dart: Main speaking turn waits for its configured no-speech timeout
00:22 +445: D:/Documents/ai-speaking-flutter-app/test/features/conversation/main_speaking_no_speech_test.dart: Main speaking turn waits for its configured no-speech timeout
00:22 +446: D:/Documents/ai-speaking-flutter-app/test/features/conversation/main_speaking_no_speech_test.dart: Main speaking turn waits for its configured no-speech timeout
00:22 +447: D:/Documents/ai-speaking-flutter-app/test/features/conversation/main_speaking_no_speech_test.dart: Main speaking turn waits for its configured no-speech timeout
00:22 +448: D:/Documents/ai-speaking-flutter-app/test/features/conversation/main_speaking_no_speech_test.dart: Main speaking turn waits for its configured no-speech timeout
00:22 +449: D:/Documents/ai-speaking-flutter-app/test/features/conversation/main_speaking_no_speech_test.dart: Main speaking turn waits for its configured no-speech timeout
00:22 +450: D:/Documents/ai-speaking-flutter-app/test/features/conversation/main_speaking_no_speech_test.dart: Main speaking turn waits for its configured no-speech timeout
00:22 +451: D:/Documents/ai-speaking-flutter-app/test/features/conversation/main_speaking_no_speech_test.dart: Main speaking turn waits for its configured no-speech timeout
00:22 +452: D:/Documents/ai-speaking-flutter-app/test/features/conversation/main_speaking_no_speech_test.dart: Main speaking turn waits for its configured no-speech timeout
00:22 +453: D:/Documents/ai-speaking-flutter-app/test/features/conversation/main_speaking_no_speech_test.dart: Main speaking turn waits for its configured no-speech timeout
00:22 +454: D:/Documents/ai-speaking-flutter-app/test/features/conversation/main_speaking_no_speech_test.dart: Main speaking turn waits for its configured no-speech timeout
00:22 +455: D:/Documents/ai-speaking-flutter-app/test/features/conversation/main_speaking_no_speech_test.dart: Main speaking turn waits for its configured no-speech timeout
00:22 +456: D:/Documents/ai-speaking-flutter-app/test/features/conversation/main_speaking_no_speech_test.dart: Main speaking turn waits for its configured no-speech timeout
00:22 +457: D:/Documents/ai-speaking-flutter-app/test/features/listening/topic_listening_screen_test.dart: reports completed V4 topics again after replaying one
00:22 +458: D:/Documents/ai-speaking-flutter-app/test/features/listening/topic_listening_screen_test.dart: reports completed V4 topics again after replaying one
00:22 +459: D:/Documents/ai-speaking-flutter-app/test/features/listening/lesson_guided_flow_test.dart: learned review opens the next lesson in the same topic
00:22 +460: D:/Documents/ai-speaking-flutter-app/test/features/conversation/next_conversation_repository_test.dart: prepares Worker transcript during silence and commits without Batch or duplicate ASR
00:23 +461: D:/Documents/ai-speaking-flutter-app/test/features/conversation/next_conversation_repository_test.dart: prepares Worker transcript during silence and commits without Batch or duplicate ASR
00:23 +462: D:/Documents/ai-speaking-flutter-app/test/features/conversation/next_conversation_repository_test.dart: prepares Worker transcript during silence and commits without Batch or duplicate ASR
00:23 +463: D:/Documents/ai-speaking-flutter-app/test/features/conversation/main_speaking_no_speech_test.dart: manual MAIN stop asks the child to retry when Android reports no speech
00:23 +464: D:/Documents/ai-speaking-flutter-app/test/features/conversation/main_speaking_no_speech_test.dart: manual MAIN stop asks the child to retry when Android reports no speech
00:23 +465: D:/Documents/ai-speaking-flutter-app/test/features/conversation/main_speaking_no_speech_test.dart: manual MAIN stop asks the child to retry when Android reports no speech
00:23 +466: D:/Documents/ai-speaking-flutter-app/test/features/conversation/main_speaking_no_speech_test.dart: manual MAIN stop asks the child to retry when Android reports no speech
00:23 +467: D:/Documents/ai-speaking-flutter-app/test/features/conversation/main_speaking_no_speech_test.dart: manual MAIN stop asks the child to retry when Android reports no speech
00:23 +468: D:/Documents/ai-speaking-flutter-app/test/features/conversation/main_speaking_no_speech_test.dart: manual MAIN stop asks the child to retry when Android reports no speech
00:23 +469: D:/Documents/ai-speaking-flutter-app/test/features/listening/lesson_guided_flow_test.dart: learned review restarts the current lesson from sentence one
00:23 +470: D:/Documents/ai-speaking-flutter-app/test/features/listening/lesson_guided_flow_test.dart: learned review restarts the current lesson from sentence one
00:23 +471: D:/Documents/ai-speaking-flutter-app/test/features/conversation/next_conversation_repository_test.dart: retries a transient speculative preview on the same PCM snapshot
00:23 +472: D:/Documents/ai-speaking-flutter-app/test/features/conversation/next_conversation_repository_test.dart: retries a transient speculative preview on the same PCM snapshot
00:23 +473: D:/Documents/ai-speaking-flutter-app/test/features/conversation/next_conversation_repository_test.dart: retries a transient speculative preview on the same PCM snapshot
00:23 +474: D:/Documents/ai-speaking-flutter-app/test/features/conversation/main_speaking_no_speech_test.dart: long MAIN suppresses a translation already processing
00:23 +475: D:/Documents/ai-speaking-flutter-app/test/features/conversation/main_speaking_no_speech_test.dart: long MAIN suppresses a translation already processing
00:23 +476: D:/Documents/ai-speaking-flutter-app/test/features/conversation/main_speaking_no_speech_test.dart: long MAIN suppresses a translation already processing
00:23 +477: D:/Documents/ai-speaking-flutter-app/test/features/conversation/main_speaking_no_speech_test.dart: long MAIN suppresses a translation already processing
00:23 +478: D:/Documents/ai-speaking-flutter-app/test/features/conversation/main_speaking_no_speech_test.dart: long MAIN suppresses a translation already processing
00:23 +479: D:/Documents/ai-speaking-flutter-app/test/features/conversation/main_speaking_no_speech_test.dart: long MAIN suppresses a translation already processing
00:23 +480: D:/Documents/ai-speaking-flutter-app/test/features/conversation/main_speaking_no_speech_test.dart: long MAIN suppresses a translation already processing
00:24 +481: D:/Documents/ai-speaking-flutter-app/test/features/conversation/main_speaking_no_speech_test.dart: long MAIN suppresses a translation already processing
00:24 +482: D:/Documents/ai-speaking-flutter-app/test/features/conversation/main_speaking_no_speech_test.dart: long MAIN suppresses a translation already processing
00:24 +483: D:/Documents/ai-speaking-flutter-app/test/features/conversation/main_speaking_no_speech_test.dart: long MAIN suppresses a translation already processing
00:24 +484: D:/Documents/ai-speaking-flutter-app/test/features/conversation/main_speaking_no_speech_test.dart: long MAIN suppresses a translation already processing
00:24 +485: D:/Documents/ai-speaking-flutter-app/test/features/conversation/main_speaking_no_speech_test.dart: long MAIN suppresses a translation already processing
00:24 +486: D:/Documents/ai-speaking-flutter-app/test/features/conversation/main_speaking_no_speech_test.dart: long MAIN suppresses a translation already processing
00:24 +487: D:/Documents/ai-speaking-flutter-app/test/features/conversation/main_speaking_no_speech_test.dart: long MAIN suppresses a translation already processing
00:24 +488: D:/Documents/ai-speaking-flutter-app/test/features/conversation/main_speaking_no_speech_test.dart: long MAIN suppresses a translation already processing
00:24 +489: D:/Documents/ai-speaking-flutter-app/test/features/conversation/main_speaking_no_speech_test.dart: long MAIN suppresses a translation already processing
00:24 +490: D:/Documents/ai-speaking-flutter-app/test/features/conversation/main_speaking_no_speech_test.dart: long MAIN suppresses a translation already processing
00:24 +491: D:/Documents/ai-speaking-flutter-app/test/features/conversation/next_conversation_repository_test.dart: keeps late preview HTTP work alive without delaying finalize
00:24 +492: D:/Documents/ai-speaking-flutter-app/test/features/conversation/next_conversation_repository_test.dart: keeps late preview HTTP work alive without delaying finalize
00:24 +493: D:/Documents/ai-speaking-flutter-app/test/features/conversation/next_conversation_repository_test.dart: keeps late preview HTTP work alive without delaying finalize
00:24 +494: D:/Documents/ai-speaking-flutter-app/test/features/conversation/next_conversation_repository_test.dart: keeps late preview HTTP work alive without delaying finalize
00:24 +495: D:/Documents/ai-speaking-flutter-app/test/features/conversation/next_conversation_repository_test.dart: keeps late preview HTTP work alive without delaying finalize
00:24 +496: D:/Documents/ai-speaking-flutter-app/test/features/conversation/next_conversation_repository_test.dart: keeps late preview HTTP work alive without delaying finalize
00:24 +497: D:/Documents/ai-speaking-flutter-app/test/features/conversation/next_conversation_repository_test.dart: keeps late preview HTTP work alive without delaying finalize
00:24 +498: D:/Documents/ai-speaking-flutter-app/test/features/conversation/next_conversation_repository_test.dart: keeps late preview HTTP work alive without delaying finalize
00:25 +499: D:/Documents/ai-speaking-flutter-app/test/features/conversation/next_conversation_repository_test.dart: keeps late preview HTTP work alive without delaying finalize
00:25 +500: D:/Documents/ai-speaking-flutter-app/test/features/conversation/next_conversation_repository_test.dart: keeps late preview HTTP work alive without delaying finalize
00:25 +501: D:/Documents/ai-speaking-flutter-app/test/features/conversation/next_conversation_repository_test.dart: keeps late preview HTTP work alive without delaying finalize
00:25 +501: D:/Documents/ai-speaking-flutter-app/test/features/conversation/main_speaking_no_speech_test.dart: native transcript is corrected before online conversation translation
Applied an exact on-device Vietnamese transcript correction.
00:25 +502: D:/Documents/ai-speaking-flutter-app/test/features/conversation/next_conversation_repository_test.dart: keeps late preview HTTP work alive without delaying finalize
00:25 +503: D:/Documents/ai-speaking-flutter-app/test/features/conversation/next_conversation_repository_test.dart: keeps late preview HTTP work alive without delaying finalize
00:25 +504: D:/Documents/ai-speaking-flutter-app/test/features/conversation/next_conversation_repository_test.dart: keeps late preview HTTP work alive without delaying finalize
00:25 +505: D:/Documents/ai-speaking-flutter-app/test/features/conversation/next_conversation_repository_test.dart: keeps late preview HTTP work alive without delaying finalize
00:25 +506: D:/Documents/ai-speaking-flutter-app/test/features/conversation/next_conversation_repository_test.dart: keeps late preview HTTP work alive without delaying finalize
00:25 +507: D:/Documents/ai-speaking-flutter-app/test/features/conversation/next_conversation_repository_test.dart: keeps late preview HTTP work alive without delaying finalize
00:25 +508: D:/Documents/ai-speaking-flutter-app/test/features/conversation/next_conversation_repository_test.dart: keeps late preview HTTP work alive without delaying finalize
00:25 +509: D:/Documents/ai-speaking-flutter-app/test/features/conversation/next_conversation_repository_test.dart: keeps late preview HTTP work alive without delaying finalize
00:25 +510: D:/Documents/ai-speaking-flutter-app/test/features/conversation/next_conversation_repository_test.dart: keeps late preview HTTP work alive without delaying finalize
00:25 +510: D:/Documents/ai-speaking-flutter-app/test/features/listening/lesson_guided_flow_test.dart: lesson intro does not auto advance when playback fails
Lesson intro playback failed for guided-flow (https://example.test/broken-intro.mp3): Bad state: Playback failed.
#0      _FailingIntroMediaService.playToCompletion (file:///D:/Documents/ai-speaking-flutter-app/test/features/listening/lesson_guided_flow_test.dart:2501:5)
#1      _LessonIntroScreenState._beginIntro (package:ai_speaking_flutter_app/features/listening/presentation/lesson_intro_screen.dart:165:35)
#2      _LessonIntroScreenState.initState.<anonymous closure> (package:ai_speaking_flutter_app/features/listening/presentation/lesson_intro_screen.dart:102:57)
#3      SchedulerBinding._invokeFrameCallback (package:flutter/src/scheduler/binding.dart:1430:15)
#4      SchedulerBinding.handleDrawFrame (package:flutter/src/scheduler/binding.dart:1357:11)
#5      AutomatedTestWidgetsFlutterBinding.pump.<anonymous closure> (package:flutter_test/src/binding.dart:2260:9)
#8      TestAsyncUtils.guard (package:flutter_test/src/test_async_utils.dart:74:41)
#9      AutomatedTestWidgetsFlutterBinding.pump (package:flutter_test/src/binding.dart:2249:27)
#10     WidgetTester.pumpWidget.<anonymous closure> (package:flutter_test/src/widget_tester.dart:598:22)
#13     TestAsyncUtils.guard (package:flutter_test/src/test_async_utils.dart:74:41)
#14     WidgetTester.pumpWidget (package:flutter_test/src/widget_tester.dart:595:27)
#15     main.<anonymous closure> (file:///D:/Documents/ai-speaking-flutter-app/test/features/listening/lesson_guided_flow_test.dart:1920:18)
<asynchronous suspension>
#16     testWidgets.<anonymous closure>.<anonymous closure> (package:flutter_test/src/widget_tester.dart:192:15)
<asynchronous suspension>
#17     TestWidgetsFlutterBinding._runTestBody (package:flutter_test/src/binding.dart:1952:5)
<asynchronous suspension>
<asynchronous suspension>
(elided 5 frames from dart:async and package:stack_trace)
00:25 +511: D:/Documents/ai-speaking-flutter-app/test/features/conversation/next_conversation_repository_test.dart: keeps late preview HTTP work alive without delaying finalize
00:25 +512: D:/Documents/ai-speaking-flutter-app/test/features/conversation/main_speaking_no_speech_test.dart: Android partial transcript ends the turn after a quiet window even without further RMS events
00:25 +513: D:/Documents/ai-speaking-flutter-app/test/features/conversation/main_speaking_no_speech_test.dart: Android partial transcript ends the turn after a quiet window even without further RMS events
00:25 +514: D:/Documents/ai-speaking-flutter-app/test/features/conversation/main_speaking_no_speech_test.dart: Android partial transcript ends the turn after a quiet window even without further RMS events
00:25 +515: D:/Documents/ai-speaking-flutter-app/test/features/conversation/main_speaking_no_speech_test.dart: Android partial transcript ends the turn after a quiet window even without further RMS events
00:25 +516: D:/Documents/ai-speaking-flutter-app/test/features/conversation/main_speaking_no_speech_test.dart: Android partial transcript ends the turn after a quiet window even without further RMS events
00:25 +517: D:/Documents/ai-speaking-flutter-app/test/features/conversation/main_speaking_no_speech_test.dart: Android partial transcript ends the turn after a quiet window even without further RMS events
00:25 +518: D:/Documents/ai-speaking-flutter-app/test/features/conversation/main_speaking_no_speech_test.dart: Android partial transcript ends the turn after a quiet window even without further RMS events
00:25 +519: D:/Documents/ai-speaking-flutter-app/test/features/conversation/main_speaking_no_speech_test.dart: Android partial transcript ends the turn after a quiet window even without further RMS events
00:25 +520: D:/Documents/ai-speaking-flutter-app/test/features/conversation/main_speaking_no_speech_test.dart: Android partial transcript ends the turn after a quiet window even without further RMS events
00:25 +521: D:/Documents/ai-speaking-flutter-app/test/features/conversation/main_speaking_no_speech_test.dart: Android partial transcript ends the turn after a quiet window even without further RMS events
00:25 +522: D:/Documents/ai-speaking-flutter-app/test/features/conversation/main_speaking_no_speech_test.dart: Android partial transcript ends the turn after a quiet window even without further RMS events
00:25 +523: D:/Documents/ai-speaking-flutter-app/test/features/conversation/main_speaking_no_speech_test.dart: Android partial transcript ends the turn after a quiet window even without further RMS events
00:25 +524: D:/Documents/ai-speaking-flutter-app/test/features/conversation/next_conversation_repository_test.dart: retries playback telemetry without blocking playback
00:25 +525: D:/Documents/ai-speaking-flutter-app/test/features/conversation/main_speaking_no_speech_test.dart: one-word Android partial also ends after the quiet window
00:25 +526: D:/Documents/ai-speaking-flutter-app/test/features/conversation/main_speaking_no_speech_test.dart: one-word Android partial also ends after the quiet window
00:25 +527: D:/Documents/ai-speaking-flutter-app/test/features/conversation/main_speaking_no_speech_test.dart: one-word Android partial also ends after the quiet window
00:25 +528: D:/Documents/ai-speaking-flutter-app/test/features/conversation/main_speaking_no_speech_test.dart: one-word Android partial also ends after the quiet window
00:25 +529: D:/Documents/ai-speaking-flutter-app/test/features/conversation/main_speaking_no_speech_test.dart: one-word Android partial also ends after the quiet window
00:26 +530: D:/Documents/ai-speaking-flutter-app/test/features/conversation/main_speaking_no_speech_test.dart: one-word Android partial also ends after the quiet window
00:26 +531: D:/Documents/ai-speaking-flutter-app/test/features/conversation/main_speaking_no_speech_test.dart: one-word Android partial also ends after the quiet window
00:26 +532: D:/Documents/ai-speaking-flutter-app/test/features/home/home_learning_shell_test.dart: opens vocabulary, returns to communication, and opens topics
00:27 +533: D:/Documents/ai-speaking-flutter-app/test/features/home/home_learning_shell_test.dart: protects settings with the parent access gate
00:27 +534: D:/Documents/ai-speaking-flutter-app/test/features/home/home_learning_shell_test.dart: Android opens settings directly when no gate is injected
00:28 +535: D:/Documents/ai-speaking-flutter-app/test/features/home/home_learning_shell_test.dart: Android opens recent history without device authentication
00:28 +536: D:/Documents/ai-speaking-flutter-app/test/features/home/home_learning_shell_test.dart: Android changes the listening age group without device authentication
00:29 +537: D:/Documents/ai-speaking-flutter-app/test/features/home/home_learning_shell_test.dart: reports settings modal visibility until the sheet closes
00:29 +538: D:/Documents/ai-speaking-flutter-app/test/features/home/home_learning_shell_test.dart: iOS keeps header, side navigation, and hardware MAIN flow
00:30 +539: D:/Documents/ai-speaking-flutter-app/test/features/home/home_learning_shell_test.dart: opens vocabulary from a recognized voice command
00:30 +540: D:/Documents/ai-speaking-flutter-app/test/features/home/home_learning_shell_test.dart: starts continuous voice navigation on Android
00:31 +541: D:/Documents/ai-speaking-flutter-app/test/features/home/home_learning_shell_test.dart: pauses Android voice navigation whenever the app leaves foreground
00:31 +542: D:/Documents/ai-speaking-flutter-app/test/features/home/home_learning_shell_test.dart: keeps an explicit Android MAIN command mic alive in background
00:31 +543: D:/Documents/ai-speaking-flutter-app/test/features/home/home_learning_shell_test.dart: rearms an Android background session without opening a busy microphone
00:31 +544: D:/Documents/ai-speaking-flutter-app/test/features/home/home_learning_shell_test.dart: promotes a companion-restored Android session when the app is visible
00:31 +545: D:/Documents/ai-speaking-flutter-app/test/features/home/home_learning_shell_test.dart: MAIN rejects free lesson selection before a module is chosen
00:31 +546: D:/Documents/ai-speaking-flutter-app/test/features/home/home_learning_shell_test.dart: iOS restores an active lesson checkpoint only after returning foreground
00:32 +547: D:/Documents/ai-speaking-flutter-app/test/features/home/home_learning_shell_test.dart: Main flow uses the saved age and topic owner to open the first lesson
00:32 +548: D:/Documents/ai-speaking-flutter-app/test/features/home/home_learning_shell_test.dart: Main speaking choice hands off to the automatic speaking session
00:32 +549: D:/Documents/ai-speaking-flutter-app/test/features/home/home_learning_shell_test.dart: translation choice enters continuous translation directly
00:33 +550: D:/Documents/ai-speaking-flutter-app/test/features/home/home_learning_shell_test.dart: leaving listening waits for the continuous translation microphone handoff
00:33 +551: All tests passed!
